WKT,gml_id,OBJECTID,Name
"MULTIPOLYGON (((532664.857 180843.011,532670.414 180851.613,532673.559 180856.918,532678.45 180854.55,532682.6 180852.95,532682.3 180852.15,532686.1 180850.55,532688.7 180856.6,532691.2 180855.5,532691.65 180857.45,532697.95 180856.2,532698.0 180856.2,532718.3 180851.3,532722.261 180850.303,532720.781 180845.267,532722.85 180844.8,532732.9 180841.2,532737.05 180841.0,532738.05 180844.05,532741.3 180843.1,532743.3 180842.5,532743.15 180841.95,532755.0 180837.85,532753.7 180833.7,532754.75 180833.3,532761.3 180831.0,532763.257 180830.302,532758.654 180818.369,532755.967 180810.424,532752.51 180798.959,532746.024 180778.356,532743.85 180778.9,532742.25 180779.35,532740 180780,532728.9 180783.2,532730.95 180789.25,532731.02 180789.44,532729.98 180789.79,532729.4 180791.32,532722.21 180794.38,532723.85 180798.25,532707.26 180805.32,532695.27 180810.43,532687.693 180813.577,532692.265 180824.988,532664.857 180843.011)))",Conservation_Areas,639713,Laurence Pountney Hill
"MULTIPOLYGON (((533373.987 181022.142,533383.632 181028.449,533398.91 181040.11,533394.65 181045.75,533387.2 181057.05,533389.408 181058.459,533389.75 181057.7,533392.9 181060.7,533395.75 181063.4,533397.647 181065.103,533405.85 181072.4,533410.4 181076.3,533413.15 181078.65,533411.85 181080.15,533413.7 181081.7,533421.0 181068.15,533424.698 181061.012,533442.157 181075.886,533448.047 181068.211,533459.293 181053.396,533466.968 181043.489,533474.286 181032.066,533477.856 181026.889,533484.217 181016.668,533491.037 181007.416,533513.382 180981.212,533520.561 180974.392,533525.407 180969.994,533529.535 180966.674,533522.256 180954.415,533516 180945,533513.342 180940.756,533501.21 180924.781,533500.0 180925.15,533498.25 180925.8,533495.7 180926.55,533495.26 180926.96,533490.8 180931.1,533480.7 180934.1,533478.45 180934.6,533472.45 180936.25,533471.3 180936.55,533455.8 180940.75,533452.8 180941.6,533442.5 180944.45,533438.5 180945.55,533437.5 180945.83,533431.2 180947.6,533430.65 180947.75,533426.54 180948.89,533426.5 180948.9,533415.8 180951.9,533414.37 180952.33,533414.3 180952.35,533413.177 180952.647,533406.955 180970.784,533396.351 180990.389,533392.87 180995.452,533377.995 181016.445,533373.987 181022.142)))",Conservation_Areas,639714,Lloyd's Avenue
"MULTIPOLYGON (((531938.25 181859.889,531948.05 181865.24,531961.03 181871.37,531980.52 181880.58,531994.21 181886.77,532000.0 181889.3,532006.82 181892.27,532022.78 181897.29,532022.93 181897.33,532028.28 181898.81,532032.54 181900.11,532037.34 181901.51,532042.02 181902.96,532048.78 181905.01,532053.93 181906.61,532062.03 181908.86,532068.19 181910.76,532074.49 181912.62,532079.33 181914.06,532079.85 181914.22,532079.968 181911.491,532080.209 181908.55,532081.3 181902.25,532081.9 181897.9,532083.35 181890.55,532083.4 181890.35,532084.7 181885.65,532086.6 181876.6,532087.017 181874.265,532084.75 181874.05,532081.4 181873.7,532072.5 181872.85,532072.65 181871.55,532071.4 181871.4,532071.75 181870.3,532071.25 181870.15,532073.6 181845.25,532073.603 181845.226,532073.0 181845.15,532073.02 181845.01,532070.71 181844.77,532070.7 181844.93,532069.7 181844.82,532069.67 181844.82,532069.69 181844.67,532067.39 181844.45,532067.37 181844.6,532066.5 181844.5,532066.33 181844.48,532064.04 181844.24,532062.98 181844.13,532060.69 181843.91,532060.15 181843.87,532059.67 181843.83,532057.36 181843.61,532056.64 181843.54,532056.31 181843.51,532054.03 181843.28,532052.99 181843.18,532050.69 181842.95,532049.63 181842.84,532047.34 181842.61,532046.29 181842.51,532043.99 181842.27,532042.94 181842.16,532040.67 181841.93,532039.6 181841.83,532037.29 181841.62,532036.24 181841.49,532034.45 181841.29,532033.99 181841.24,532032.91 181841.14,532030.62 181840.91,532029.54 181840.82,532027.3 181840.57,532026.22 181840.48,532023.97 181840.22,532022.89 181840.13,532020.64 181839.87,532019.58 181839.79,532019.56 181839.79,532017.32 181839.52,532016.23 181839.45,532014.43 181839.26,532013.94 181839.21,532012.89 181839.11,532010.6 181838.87,532009.56 181838.77,532007.26 181838.54,532006.22 181838.44,532003.92 181838.2,532002.88 181838.1,532000.65 181837.88,532000.0 181837.8,531999.95 181837.79,531999.54 181837.75,531997.25 181837.53,531996.21 181837.41,531993.92 181837.19,531992.86 181837.07,531990.86 181836.89,531990.59 181836.86,531989.52 181836.73,531987.27 181836.53,531986.19 181836.39,531983.94 181836.19,531983.35 181836.12,531982.15 181835.9,531982.05 181836.45,531978.3 181835.75,531978.05 181835.7,531976.95 181835.55,531970.5 181833.95,531960.55 181831.5,531960.34 181832.02,531957.08 181840.07,531957.05 181840.15,531954.05 181847.75,531953.81 181848.3,531953.75 181848.45,531951.34 181854.41,531951.3 181854.5,531950.559 181856.377,531950.55 181856.4,531941.751 181854.973,531938.445 181859.622,531938.25 181859.889)))",Conservation_Areas,639715,Charterhouse Square
"MULTIPOLYGON (((532528.27 181098.49,532531.29 181111.29,532534.21 181110.6,532534.94 181113.7,532534.46 181113.82,532535.51 181118.28,532536.38 181118.07,532538.74 181128.06,532542.253 181140.996,532551.175 181138.904,532553.732 181149.059,532559.725 181169.121,532565.754 181192.319,532564.652 181192.543,532565.496 181195.736,532578.535 181245.096,532589.156 181283.681,532605.468 181283.338,532620.35 181336.749,532630.14 181373.042,532631.882 181380.141,532635.739 181397.322,532639.345 181415.828,532641.566 181450.012,532642.425 181469.279,532642.756 181507.283,532653.819 181563.522,532711.274 181551.997,532788.731 181535.065,532844.62 181521.356,532925.285 181503.084,532924.38 181500.66,532923.4 181495.7,532922.0 181490.8,532921.82 181490.23,532921.2 181488.25,532920.95 181487.55,532920.75 181486.85,532920.45 181486.0,532920.2 181485.1,532919.8 181484.05,532919.45 181483.0,532918.85 181481.7,532918.25 181480.3,532917.25 181477.9,532916.85 181477.1,532916.4 181476.25,532915.85 181475.35,532915.4 181474.4,532914.1 181471.05,532914.05 181470.85,532911.9 181465.9,532911.35 181464.75,532909.7 181460.95,532909.25 181459.85,532912.35 181458.95,532923.3 181455.7,532924.6 181455.35,532926.074 181455.052,532928.315 181454.577,532922.368 181438.596,532956.747 181428.457,532955.05 181422.0,532952.2 181412.35,532949.75 181404.1,532947.2 181395.1,532949.35 181394.5,532952.9 181393.45,532956.05 181391.8,532965.05 181388.75,532963.35 181382.85,532971.55 181380.3,532972.3 181382.8,532978.15 181381.1,532977.2 181378.6,532981.92 181377.09,532979.6 181369.63,532979.13 181368.11,532978.98 181367.64,532978.06 181364.68,532976.02 181358.11,532969.618 181360.082,532969.56 181360.1,532963.1 181337.95,532962.35 181335.4,532962.05 181334.4,532952.65 181336.5,532952.85 181336.3,532953.05 181336.0,532953.15 181335.65,532953.3 181335.25,532953.35 181334.9,532953.4 181334.6,532953.4 181334.35,532953.45 181334.05,532966.15 181331.85,532969.028 181331.304,532969.004 181331.292,532969.05 181331.3,532969.45 181325.95,532969.9 181319.65,532971.95 181319.8,532974.55 181307.4,532977.477 181303.646,532988.872 181313.138,532997.01 181320.995,533000.5 181316.95,533001.7 181315.85,533002.9 181314.85,533012.35 181307.05,533010.0 181304.1,533013.15 181301.5,533011.55 181299.95,533018.65 181292.5,533019.5 181291.6,533025.25 181285.7,533026.457 181284.729,533030.684 181281.309,533033.587 181284.634,533040.8 181278.55,533041.807 181279.708,533044.8 181283.15,533053.464 181293.159,533055.3 181291.7,533058.65 181289.1,533070.596 181279.565,533080.366 181271.767,533085.99 181278.335,533097.984 181269.519,533078.606 181247.547,533075.182 181242.737,533067.944 181228.518,533065.316 181223.274,533061.928 181213.832,533053.316 181185.376,533050.577 181171.691,533045.719 181152.05,533042.486 181132.3,533038.701 181113.436,533036.065 181105.608,533026.359 181083.5,533009.018 181040.71,533002.157 181027.442,532994.8 181030.15,532993.25 181030.75,532985.25 181033.95,532984.1 181031.6,532964.45 181040.95,532956.55 181044.7,532955.4 181045.25,532954.443 181043.209,532927.989 181053.848,532924.024 181039.565,532934.578 181034.353,532934.0 181033.05,532933.26 181031.51,532931.02 181026.87,532926.01 181029.24,532923.81 181024.79,532928.8 181022.26,532926.77 181018.04,532926.05 181016.55,532925.147 181014.608,532912.85 181020.35,532903.55 181000.85,532899.756 180992.716,532920.41 180979.082,532962.869 180966.304,532967.254 180964.839,532976.69 180963.224,532955.171 180907.498,532947.284 180887.866,532942.647 180876.998,532939.353 180870.891,532928.55 180857.519,532923.828 180852.737,532920.586 180849.668,532911.965 180843.692,532906.764 180841.549,532900.854 180839.789,532889.004 180837.599,532883.198 180838.119,532878.157 180839.566,532870.497 180843.157,532861.44 180847.068,532856.846 180849.674,532851.304 180852.32,532843.046 180855.277,532798.059 180866.898,532782.078 180871.335,532776.351 180873.107,532752.131 180880.152,532750.059 180880.771,532723.736 180888.017,532681.771 180899.056,532689.512 180926.447,532688.2 180926.75,532687.4 180926.95,532685.5 180927.5,532678.4 180929.6,532677.35 180929.9,532678.65 180933.75,532679.65 180933.4,532679.75 180933.8,532681.5 180939.05,532680.8 180939.35,532679.85 180941.5,532679.8 180941.65,532680.3 180943.0,532682.55 180942.1,532686.35 180953.25,532690.35 180964.9,532690.6 180965.65,532698.05 180962.85,532700.15 180962.05,532703.252 180968.222,532705.1 180971.7,532710.8 180983.55,532699.1 180989.55,532695.8 180991.25,532691.9 180993.25,532685.55 180996.5,532685.7 180996.9,532678.85 181000.0,532665.5 181005.95,532658.0 181008.8,532653.5 181010.3,532652.5 181010.65,532653.184 181012.594,532633.021 181020.141,532626.3 181022.263,532619.189 181024.698,532629.366 181054.571,532602.906 181068.126,532598.333 181072.699,532593.27 181082.497,532581.608 181078.326,532566.386 181071.995,532541.116 181061.485,532536.632 181059.558,532532.05 181068.867,532530.828 181077.331,532530.916 181083.17,532531.439 181086.744,532528.606 181087.048,532528.623 181087.12,532529.22 181089.46,532529.48 181090.56,532529.54 181090.82,532531.19 181097.8,532528.27 181098.49)))",Conservation_Areas,639716,Bank
"MULTIPOLYGON (((533353.939 180868.18,533367.735 180870.907,533399.098 180880.308,533408.244 180883.184,533412.934 180884.659,533413.65 180879.2,533413.7 180878.8,533415.05 180866.85,533415.7 180861.05,533416.1 180857.55,533416.25 180856.45,533416.4 180854.95,533417.75 180843.1,533427.9 180844.35,533429.4 180844.5,533433.1 180844.95,533462.8 180848.65,533466.25 180849.05,533467.6 180849.2,533482.55 180851.05,533484.65 180851.3,533488.509 180851.738,533490.089 180839.254,533493.373 180807.585,533498.89 180808.29,533499.49 180808.36,533500.0 180808.44,533501.16 180808.63,533514.05 180810.5,533519.33 180811.38,533519.21 180812.07,533525.53 180813.14,533525.65 180812.45,533530.1 180813.2,533531.31 180813.4,533530.53 180818.83,533539.93 180820.19,533541.61 180820.44,533551.124 180821.379,533552.46 180814.06,533553.96 180796.96,533553.53 180792.97,533550.78 180783.83,533534.555 180781.542,533528.264 180780.655,533514.839 180778.774,533508.031 180777.33,533503.39 180776.73,533500.14 180776.0,533496.134 180774.605,533493.337 180773.381,533487.222 180769.907,533484.98 180768.37,533480.83 180764.39,533475.46 180758.607,533472.773 180755.551,533463.851 180743.199,533461.605 180739.867,533458.313 180734.587,533455.954 180730.284,533451.056 180720.33,533445.195 180707.778,533435.743 180709.318,533418.023 180712.04,533410.195 180712.304,533377.991 180713.867,533378.483 180715.928,533386.233 180748.371,533389.445 180754.406,533391.392 180767.936,533388.861 180831.791,533383.0 180831.5,533377.3 180831.306,533362.4 180830.801,533359.8 180843.75,533359.05 180847.2,533358.8 180848.25,533358.2 180848.1,533357.3 180852.75,533354.85 180864.1,533353.939 180868.18)))",Conservation_Areas,639717,Trinity Square
"MULTIPOLYGON (((533379.158 180928.942,533385.857 180952.158,533387.07 180955.969,533387.012 180959.03,533386.031 180961.975,533390.14 180963.69,533391.45 180964.2,533393.78 180965.1,533394.62 180965.43,533405.75 180970.05,533406.955 180970.784,533413.177 180952.647,533414.3 180952.35,533414.37 180952.33,533415.8 180951.9,533426.5 180948.9,533426.54 180948.89,533430.65 180947.75,533431.2 180947.6,533437.5 180945.83,533438.5 180945.55,533442.5 180944.45,533452.8 180941.6,533455.8 180940.75,533471.3 180936.55,533472.45 180936.25,533478.45 180934.6,533480.7 180934.1,533490.8 180931.1,533495.26 180926.96,533495.7 180926.55,533498.25 180925.8,533500.0 180925.15,533501.199 180924.784,533501.21 180924.781,533501.253 180924.747,533501.231 180924.775,533504.1 180923.9,533507.3 180923.0,533518.05 180919.75,533521.8 180918.65,533524.05 180917.95,533526.1 180917.35,533527.733 180916.869,533534.0 180886.05,533533.5 180886.2,533533.45 180886.21,533533.43 180886.21,533531.5 180886.75,533531.0 180886.89,533525.8 180888.35,533523.95 180888.85,533523.24 180889.07,533523.15 180889.1,533523.5 180888.25,533515.55 180885.25,533511.8 180884.0,533510.55 180883.5,533510.25 180883.35,533500.0 180879.55,533497.7 180878.75,533495.073 180877.534,533490.964 180898.178,533489.15 180898.7,533487.45 180899.15,533483.7 180900.4,533482.7 180901.3,533482.55 180901.45,533479.9 180902.15,533476.15 180903.1,533475.6 180903.25,533471.365 180904.382,533466.52 180902.222,533449.364 180896.004,533437.389 180892.09,533412.934 180884.659,533408.244 180883.184,533407.2 180888.4,533405.1 180899.2,533404.15 180905.15,533403.65 180909.05,533403.05 180916.6,533403.1 180922.15,533402.35 180922.35,533391.45 180925.4,533385.0 180927.2,533379.158 180928.942)))",Conservation_Areas,639718,Fenchurch Street Station
"MULTIPOLYGON (((532360.395 180839.252,532363.952 180867.961,532366.577 180888.964,532367.085 180894.732,532368.271 180915.65,532370.134 180943.098,532370.896 180948.01,532374.538 180976.974,532375.893 180987.814,532376.401 180993.234,532383.226 180991.146,532435.827 180974.998,532449.543 180970.787,532488.214 180959.28,532503.332 180954.238,532547.177 180938.298,532588.292 180924.157,532584.722 180913.269,532571.27 180856.104,532566.708 180836.17,532559.739 180809.399,532554.97 180793.324,532513.245 180804.78,532504.736 180806.87,532492.727 180809.793,532475.858 180814.363,532456.527 180819.662,532440.465 180823.787,532417.289 180829.736,532375.759 180836.66,532360.395 180839.252)))",Conservation_Areas,639723,Queen Street
"MULTIPOLYGON (((532711.274 181551.997,532738.617 181641.357,532740.729 181648.02,532780.741 181767.115,532780.984 181767.873,532787.21 181764.18,532815.84 181751.74,532880.71 181723.55,532879.882 181721.396,532880.568 181720.998,532945.146 181693.024,533015.681 181662.342,533022.521 181657.367,533026.667 181650.733,533027.393 181643.167,533024.905 181635.394,532987.44 181582.087,532959.849 181544.635,532938.707 181512.403,532933.187 181501.707,532925.285 181503.084,532844.62 181521.356,532788.731 181535.065,532711.274 181551.997)))",Conservation_Areas,639724,Finsbury Circus
"MULTIPOLYGON (((533597.6 180849.25,533599.2 180849.5,533600.95 180838.3,533607.8 180839.0,533608.3 180838.65,533608.411 180838.768,533616.1 180846.95,533615.6 180847.45,533624.35 180853.3,533624.65 180852.85,533629.15 180853.75,533629.1 180854.5,533634.9 180855.8,533635.25 180855.9,533635.65 180855.9,533636.806 180855.74,533641.55 180855.6,533641.95 180855.5,533649.95 180853.15,533653.6 180852.15,533657.3 180851.15,533662.8 180849.7,533667.15 180848.6,533668.3 180848.3,533669.95 180847.95,533671.87 180847.52,533673.95 180847.05,533677.18 180846.421,533682 180826,533691 180791,533696.58 180763.7,533684.643 180756.624,533670.986 180749.482,533662.82 180745.34,533655.56 180740.55,533651.228 180736.851,533648.2 180733.85,533639.95 180740.4,533640.25 180743.6,533634.95 180749.0,533633.25 180748.7,533631.7 180755.35,533631.2 180760.55,533630.538 180769.629,533630.2 180773.6,533629.8 180776.35,533623.85 180775.85,533609.85 180773.65,533604.391 180807.006,533602.724 180816.443,533597.6 180849.25)))",Conservation_Areas,639725,Crescent
"MULTIPOLYGON (((532991.546 180999.404,533000.667 181024.562,533002.154 181027.436,533009.018 181040.71,533022.824 181074.749,533026.359 181083.5,533031.5 181082.45,533035.85 181081.5,533041.65 181080.15,533062.8 181075.2,533071.45 181073.2,533077.55 181071.75,533078.05 181073.75,533084.4 181072.25,533092.794 181069.989,533105.1 181067.0,533116.2 181064.3,533117.9 181063.9,533117.65 181062.7,533117.35 181061.3,533116.2 181056.45,533115.5 181053.6,533114.75 181050.9,533114.27 181048.89,533114.25 181048.8,533113.777 181046.958,533132.709 181042.127,533149.161 181033.414,533160.838 181025.902,533163.752 181024.09,533166.099 181026.98,533167.267 181028.683,533170.7 181027.0,533182.55 181021.7,533189.6 181018.35,533187.45 181008.0,533187.2 181006.9,533185.25 181000.0,533184.75 180998.7,533181 181000,533180.7 181000.1,533180.75 181000.0,533180.65 180999.5,533179.95 180997.45,533178.85 180995.65,533177.5 180993.25,533177.1 180990.45,533177.05 180989.95,533175.25 180977.0,533174.966 180974.539,533174.943 180974.343,533164.318 180975.406,533142.895 180978.034,533142.55 180975.25,533141.4 180968.75,533131.85 180969.85,533131.7 180967.7,533131.4 180963.5,533129.85 180935.55,533129.7 180932.95,533129.55 180931.0,533129.163 180924.717,533122.627 180924.535,533098.614 180927.746,533088.224 180929.319,533076.909 180931.159,533068.719 180932.454,533070.027 180937.592,533077.177 180963.343,533080.366 180972.354,533073.32 180974.56,533062.18 180977.18,533060.78 180977.1,533052.55 180979.04,533053.14 180981.88,533041.43 180984.31,533039.82 180984.64,533019.65 180992.55,533012.6 180994.3,533001.32 180997.01,532991.546 180999.404)))",Conservation_Areas,639726,Leadenhall Market
"MULTIPOLYGON (((532139.126 182194.866,532141.25 182189.53,532142.948 182190.252,532145.05 182184.8,532148.2 182186.05,532149.9 182181.7,532148 182181,532150.05 182175.8,532151.1 182176.1,532153.8 182168.7,532160.15 182152.0,532162.15 182147.2,532162.7 182145.6,532163.6 182143.1,532163.8 182143.2,532188.038 182152.259,532189.586 182152.837,532209.465 182160.267,532235.275 182169.913,532237.65 182170.8,532237.35 182171.55,532244.85 182174.3,532250.585 182158.95,532254.291 182149.03,532267.046 182114.89,532271.173 182103.844,532273.542 182097.503,532278.4 182084.5,532278.9 182084.7,532282.15 182076.05,532277.1 182074.15,532277.0 182074.5,532273.9 182073.4,532271.7 182072.25,532274.35 182065.25,532239.75 182043.6,532238.2 182043.0,532231.1 182040.4,532226.6 182038.35,532190.6 182024.85,532183.65 182026.05,532178.25 182024.15,532178.25 182023.8,532178.3 182023.7,532178.3 182023.1,532178.25 182023.0,532178.25 182022.8,532178.157 182022.563,532178.149 182022.543,532177.929 182021.986,532178.058 182014.391,532178.91 182011.79,532179.87 182008.86,532182.79 182000.0,532183.82 181996.89,532184.488 181994.865,532185.49 181991.83,532186.14 181989.86,532206.35 181996.87,532211.19 181982.65,532211.25 181982.48,532220.09 181985.5,532229.33 181958.44,532227.85 181957.4,532228.15 181953.15,532227.15 181951.15,532204.25 181944.1,532197.2 181941.9,532200.45 181929.1,532203.3 181920.9,532209.3 181923.15,532210.0 181920.85,532208.15 181920.15,532210.6 181912.4,532213.881 181902.019,532214.505 181902.21,532215.3 181899.1,532211.85 181897.9,532212.1 181897.15,532212.2 181897.25,532212.3 181897.3,532212.45 181897.4,532212.6 181897.45,532212.75 181897.55,532212.9 181897.6,532213.0 181897.65,532213.15 181897.7,532213.3 181897.7,532213.4 181897.75,532214.25 181897.75,532214.35 181897.7,532214.5 181897.7,532214.6 181897.65,532215.05 181897.5,532215.15 181897.45,532215.3 181897.4,532215.45 181897.3,532215.55 181897.2,532215.65 181897.15,532215.85 181896.9,532215.95 181896.85,532216.05 181896.7,532216.15 181896.6,532216.2 181896.5,532216.4 181896.2,532216.6 181895.6,532216.65 181895.5,532216.65 181895.25,532216.7 181894.9,532216.7 181894.6,532216.65 181894.5,532216.65 181894.35,532216.6 181894.25,532216.45 181893.8,532216.4 181893.7,532216.35 181893.55,532216.15 181893.25,532216.05 181893.15,532216.0 181893.05,532215.85 181892.9,532215.8 181892.8,532215.35 181892.5,532215.15 181892.4,532215.0 181892.3,532214.7 181892.2,532215.45 181889.8,532215.65 181889.25,532251.6 181900.9,532251.4 181901.6,532250.596 181904.192,532246 181919,532238.55 181942.05,532236.681 181946.457,532252.826 181951.534,532252.9 181953.1,532253.0 181955.1,532276.45 181961.25,532278.24 181960.108,532278.35 181960.3,532278.65 181960.6,532278.95 181960.8,532279.3 181960.9,532279.46 181960.969,532279.65 181961.05,532280.1 181961.2,532293.441 181965.462,532295.75 181966.2,532303.93 181968.758,532304.289 181976.002,532304.539 181976.824,532304.999 181978.337,532305.2 181979.0,532306.5 181981.3,532308.95 181980.1,532309.8 181979.7,532310.75 181979.15,532311.65 181978.55,532312.25 181978.05,532312.85 181977.4,532313.4 181976.65,532313.6 181976.2,532313.9 181975.65,532314.15 181975.05,532314.2 181974.85,532315.812 181969.906,532316.613 181967.449,532318.65 181961.2,532321.95 181951.25,532323.6 181951.8,532328.5 181953.4,532329.8 181953.85,532334.65 181955.45,532336.2 181955.95,532322.15 182000.0,532320.976 182004.049,532320.721 182004.93,532320.6 182005.35,532322.628 182005.998,532325.274 182006.844,532325.348 182006.854,532328.773 182007.948,532340.526 182011.703,532348.115 182014.129,532348.98 182014.42,532351.26 182015.15,532358.866 182017.583,532359.7 182017.85,532362.8 182019.0,532363.4 182017.2,532364.2 182017.5,532365.5 182013.85,532371.8 182015.85,532372.45 182016.05,532374.39 182010.28,532377.7 182000.0,532380.5 181990.7,532392.0 181994.35,532396.703 181995.982,532396.9 181996.05,532397.15 181996.125,532410 182000,532418.594 182002.553,532418.75 182002.6,532429.206 182005.979,532431.54 181997.44,532431.875 181996.215,532438.7 181971.25,532438.9 181970.2,532440.0 181966.4,532432.15 181964.2,532432.397 181963.403,532432.678 181962.493,532432.602 181962.468,532431.05 181961.95,532427.788 181960.863,532418.535 181957.778,532413.8 181956.2,532393.4 181949.45,532393.9 181947.9,532394.342 181946.561,532395.75 181942.3,532396.1 181941.3,532397.7 181936.25,532398.159 181934.849,532403.05 181936.3,532410.37 181938.914,532410.44 181938.939,532411.429 181939.293,532411.45 181939.3,532420.683 181941.781,532420.794 181941.811,532424.628 181942.841,532425.629 181943.251,532427.318 181943.66,532429.688 181943.341,532431.188 181942.951,532431.938 181942.55,532432.508 181942.051,532433.628 181940.911,532434.188 181940.16,532434.191 181940.155,532434.759 181939.161,532435.189 181938.16,532435.568 181936.66,532434.826 181931.324,532434.968 181929.672,532434.969 181929.662,532435.396 181924.706,532434.765 181922.729,532434.745 181922.667,532432.816 181916.623,532432.743 181916.354,532432.566 181915.084,532432.563 181915.065,532430.169 181897.857,532430.128 181897.568,532428.331 181884.651,532428.318 181884.556,532428.15 181883.35,532428.137 181883.197,532427.7 181878.2,532427.95 181878.0,532428.15 181877.65,532428.264 181877.394,532428.35 181877.2,532428.45 181876.8,532428.5 181876.35,532428.5 181875.45,532428.45 181875.05,532428.35 181874.6,532427.55 181868.35,532427.45 181867.95,532427.3 181867.6,532427.15 181867.3,532426.9 181867.0,532426.65 181866.65,532426.3 181866.35,532426.05 181866.15,532425.85 181865.95,532425.594 181865.803,532426.029 181861.98,532427.128 181858.84,532428.0 181856.35,532428.691 181855.1,532428.978 181854.414,532431.768 181851.168,532436.14 181849.64,532438.55 181848.8,532438.9 181848.55,532439.2 181848.3,532439.55 181847.95,532439.9 181847.55,532440.1 181847.15,532440.25 181846.7,532440.35 181846.2,532440.35 181845.7,532440.25 181845.25,532440.2 181845.0,532440.15 181844.85,532440.1 181844.668,532440.141 181844.508,532440.16 181844.43,532440.178 181844.357,532444.717 181842.495,532446.212 181841.88,532450.427 181840.145,532450.647 181840.054,532450.966 181839.923,532465.303 181834.921,532466.335 181834.561,532466.464 181834.516,532469.166 181833.573,532478.913 181830.233,532478.936 181830.225,532483.466 181828.673,532487.932 181827.213,532493.323 181825.45,532493.348 181825.442,532493.917 181825.255,532494.016 181825.223,532495.933 181824.469,532501.916 181822.181,532511.217 181818.859,532513.007 181818.219,532516.271 181817.053,532516.385 181817.013,532518.316 181816.323,532522.688 181814.789,532527.776 181813.003,532527.811 181812.991,532539.116 181809.023,532540.857 181808.423,532540.877 181808.415,532542.22 181807.952,532552.921 181804.26,532552.93 181804.257,532556.216 181803.123,532567.666 181799.223,532568.254 181799.02,532568.285 181799.01,532570.716 181798.173,532582.846 181793.928,532585.716 181792.923,532592.816 181790.673,532586.568 181772.959,532586.535 181772.864,532584.016 181765.723,532582.766 181762.023,532582.746 181761.967,532582.545 181761.39,532582.094 181760.099,532582.065 181760.016,532580.566 181755.723,532580.256 181755.513,532579.916 181755.293,532578.578 181750.809,532578.174 181749.796,532575.849 181743.966,532575.821 181743.897,532574.416 181740.373,532574.394 181740.308,532573.016 181736.273,532572.988 181736.191,532572.447 181734.604,532572.4 181734.464,532568.722 181723.669,532566.799 181716.455,532566.797 181716.448,532565.895 181713.065,532563.603 181704.814,532561.158 181698.549,532558.837 181693.513,532558.829 181693.497,532557.666 181690.973,532557.642 181690.919,532555.747 181686.644,532555.736 181686.621,532555.468 181686.015,532555.198 181685.407,532552.93 181681.729,532552.187 181680.524,532552.164 181680.487,532551.816 181679.923,532551.747 181679.807,532547.633 181672.921,532547.216 181672.223,532547.097 181672.021,532547.089 181672.007,532543.516 181665.923,532543.448 181665.796,532543.421 181665.746,532541.416 181662.023,532540.235 181660.193,532540.219 181660.167,532539.416 181658.923,532538.035 181654.463,532537.782 181653.648,532537.773 181653.619,532537.666 181653.273,532536.897 181651.776,532536.886 181651.756,532536.816 181651.7,532536.65 181651.45,532536.5 181651.2,532536.4 181651.05,532536.15 181650.75,532535.85 181650.45,532535.05 181649.7,532534.2 181649.05,532533.1 181648.25,532531.95 181647.55,532530.95 181647.1,532529.95 181646.75,532529.25 181646.5,532528.6 181646.3,532528.05 181646.2,532527.5 181646.15,532526.7 181646.2,532525.95 181646.3,532524.9 181646.45,532523.95 181646.65,532523.3 181646.8,532522.65 181647.0,532522.5 181647.05,532522.05 181647.2,532521.65 181647.4,532521.665 181647.459,532518.515 181648.589,532517.05 181649.05,532514.8 181649.8,532512.5 181650.6,532506.8 181652.55,532504.45 181653.4,532502.4 181654.05,532500.0 181654.9,532494.45 181656.8,532492.65 181657.45,532484.35 181660.25,532482.25 181660.95,532474.15 181663.65,532472.05 181664.35,532463.7 181667.1,532461.35 181667.9,532452.3 181671.2,532440.59 181675.12,532436.15 181676.61,532413.599 181684.16,532413.452 181684.209,532408.85 181685.75,532406.487 181686.541,532400.283 181688.618,532400.259 181688.547,532399.381 181685.964,532399.37 181685.931,532398.0 181681.9,532397.803 181681.321,532397.776 181681.239,532397.398 181680.128,532395.3 181673.95,532394.04 181670.344,532394.037 181670.335,532393.5 181668.8,532391.8 181663.8,532390.05 181658.7,532389.94 181658.377,532389.932 181658.353,532388.5 181654.15,532386.5 181648.4,532385.775 181646.225,532385.762 181646.186,532384.65 181642.85,532382.928 181637.871,532382.919 181637.844,532382.8 181637.5,532382.658 181637.086,532382.288 181636.01,532382.065 181636.082,532381.869 181636.146,532378.322 181637.387,532377.15 181634.1,532375.2 181634.75,532365.5 181638.0,532360.55 181639.7,532354.8 181641.6,532350.3 181643.15,532344.25 181645.2,532339.9 181646.6,532334.05 181648.6,532333.9 181648.65,532329.4 181650.2,532323.4 181652.25,532319.7 181653.5,532313.55 181655.6,532309.1 181657.15,532303.3 181659.15,532298.85 181660.65,532296.65 181661.4,532296.05 181659.65,532295.2 181657.15,532294.45 181655.0,532294.3 181654.55,532292.082 181647.897,532292.05 181647.8,532291.25 181645.5,532291.011 181645.584,532290.16 181645.882,532289.346 181646.166,532289.25 181646.2,532289.232 181646.149,532289.225 181646.128,532283.93 181630.948,532283.926 181630.937,532281.286 181623.368,532281.283 181623.359,532279.119 181617.154,532279.1 181617.1,532279.097 181617.101,532270.803 181592.113,532270.362 181590.785,532268.461 181585.056,532267.552 181582.317,532266.71 181581.562,532266.642 181581.487,532266.299 181581.112,532266.187 181580.988,532266.098 181580.891,532265.398 181580.28,532264.906 181579.699,532264.489 181579.108,532264.474 181579.087,532264.101 181578.402,532263.773 181577.627,532263.494 181576.845,532255.738 181576.776,532254.893 181574.277,532254.879 181574.212,532254.863 181574.212,532254.764 181574.211,532254.1 181574.2,532238.7 181573.9,532239.69 181576.633,532235.048 181576.592,532235.387 181577.601,532236.454 181580.781,532237.671 181580.421,532237.743 181580.401,532239.442 181585.673,532240.916 181585.117,532241.096 181585.05,532243.814 181592.891,532246.932 181601.719,532250.662 181612.504,532254.667 181624.312,532258.307 181635.006,532259.296 181637.902,532259.635 181638.894,532257.992 181639.449,532242.453 181644.696,532241.7 181644.95,532230.25 181648.8,532219.35 181652.6,532216.1 181653.7,532209.7 181655.8,532209.6 181663.05,532190.9 181661.2,532190.4 181668.0,532188.55 181668.6,532184.1 181670.1,532182.399 181670.667,532179.566 181661.523,532179.468 181661.558,532179.45 181661.5,532176.5 181662.55,532174.249 181663.316,532173.416 181660.523,532173.316 181660.554,532173.3 181660.5,532171.85 181660.95,532172.4 181662.65,532170.3 181663.4,532170.319 181663.453,532167.516 181664.323,532167.49 181664.272,532167.416 181664.123,532167.328 181664.157,532167.3 181664.1,532166.0 181664.6,532156.077 181668.091,532156.021 181668.11,532153.35 181669.05,532150.3 181670.05,532149.95 181670.15,532149.1 181670.45,532148.3 181670.6,532147.7 181670.65,532146.95 181670.6,532146.075 181670.508,532145.541 181670.311,532145.166 181670.173,532144.816 181669.973,532144.266 181669.573,532143.766 181669.023,532143.516 181668.573,532143.016 181667.273,532142.966 181667.805,532142.582 181669.592,532142.0 181672.3,532139.7 181683.0,532139.7 181684.35,532136.5 181703.2,532136.5 181703.6,532136.55 181703.95,532131.8 181734.5,532131.75 181734.7,532129.15 181750.95,532128.9 181752.6,532128.3 181755.85,532128.1 181756.95,532127.6 181759.7,532127.55 181759.95,532127.55 181760.7,532127.31 181762.096,532125.829 181770.7,532125.45 181772.9,532125.3 181773.35,532125.2 181773.85,532125.1 181774.25,532125.05 181774.65,532125.0 181775.1,532124.7 181776.8,532121.5 181799.5,532118.95 181814.75,532117.55 181824.9,532116.75 181831.0,532116.55 181832.3,532116.45 181833.75,532116.5 181835.15,532116.7 181836.6,532116.75 181837.0,532117.15 181838.45,532117.7 181839.75,532118.2 181840.75,532118.95 181841.8,532119.8 181842.75,532120.75 181843.65,532121.75 181844.4,532122.85 181845.05,532124.0 181845.65,532125.15 181846.2,532127.05 181846.9,532129.0 181847.55,532129.95 181847.95,532132.5 181848.8,532136.35 181850.1,532134.1 181856.9,532133.7 181858.05,532132.621 181861.437,532132.376 181862.206,532131.9 181863.7,532131.448 181865.01,532117.702 181861.841,532115.126 181863.717,532112.357 181862.818,532111.257 181866.536,532111.1 181866.65,532109.7 181873.85,532109.4 181875.65,532108.6 181880.6,532108.55 181881.05,532107.65 181886.9,532107.0 181892.75,532106.75 181895.65,532106.5 181898.5,532106.3 181901.65,532106.15 181904.85,532105.25 181927.45,532104.95 181935.4,532104.8 181937.65,532104.75 181939.95,532104.7 181942.8,532104.75 181945.65,532104.85 181948.65,532105.05 181951.55,532105.25 181954.9,532105.341 181956.079,532105.342 181956.099,532105.5 181958.15,532105.765 181960.726,532105.85 181961.55,532106.15 181965.05,532106.4 181968.5,532106.7 181971.95,532107.75 181981.25,532107.784 181981.509,532107.784 181981.839,532107.793 181990.312,532108.253 181997.645,532108.558 181999.935,532108.864 182002.38,532109.333 182003.784,532109.476 182004.06,532110.862 182006.074,532111.005 182006.352,532113.7 182018.4,532113.45 182019.273,532112.4 182021.7,532110.4 182027.05,532110.15 182027.5,532109.55 182027.8,532106.7 182027.85,532106.55 182031.95,532106.297 182034.07,532106.2 182036.25,532105.85 182039.85,532105.0 182047.3,532104.704 182049.891,532104.6 182050.7,532104.2 182052.7,532102.9 182060.3,532101.802 182065.487,532101.7 182066.25,532101.217 182068.31,532100.932 182069.694,532099.8 182073.95,532099.4 182075.55,532098.251 182079.479,532097.748 182081.19,532097.35 182082.35,532096.2 182086.2,532094.217 182092.315,532093.146 182095.412,532091.55 182099.4,532090.423 182102.615,532088.05 182108.65,532087.0 182111.3,532086.45 182112.4,532084.911 182115.951,532084.1 182117.8,532082.2 182121.6,532080.213 182125.542,532079.2 182127.45,532077.6 182130.5,532076.05 182133.15,532075.45 182134.35,532072.45 182139.15,532071.85 182140.3,532070.47 182142.364,532068.85 182144.75,532068.25 182145.85,532065.8 182149.15,532069.5 182151.65,532068.0 182155.7,532078.7 182159.8,532078.9 182159.2,532080.3 182159.7,532079.25 182162.7,532085.605 182165.266,532085.61 182165.252,532086.782 182162.232,532088.75 182163.0,532087.2 182167.15,532087.55 182167.6,532087.95 182167.95,532088.3 182168.3,532088.55 182168.6,532102.95 182173.95,532114.2 182178.25,532127.1 182183.1,532130.45 182184.65,532132.0 182185.2,532132.5 182185.4,532133.1 182185.65,532133.95 182186.05,532134.75 182186.45,532135.55 182186.9,532136.25 182187.5,532136.45 182187.75,532136.95 182188.5,532137.4 182189.3,532137.7 182190.05,532137.95 182190.65,532138.05 182191.85,532138.0 182192.55,532137.9 182193.15,532137.8 182193.7,532137.577 182194.258,532137.5 182194.45,532137.25 182195.2,532136.85 182196.05,532136.45 182196.95,532136.15 182197.7,532135.9 182198.4,532137.405 182199.187,532137.42 182199.15,532139.126 182194.866)))",Conservation_Areas,639719,Barbican And Golden Lane
"MULTIPOLYGON (((531072.85 180999.55,531073.62 181000.0,531080.06 181003.79,531084.55 181006.4,531082.9 181009.9,531090.26 181014.56,531093.4 181016.55,531093 181017,531095.05 181018.45,531090.75 181025.15,531086.05 181032.7,531095.05 181037.35,531101.3 181040.6,531107.45 181044.25,531113.94 181047.47,531114.4 181047.7,531118.25 181049.75,531127.35 181052.5,531145.5 181059.8,531144.35 181067.75,531143.55 181073.15,531141.7 181086.0,531140.75 181091.65,531137.65 181090.9,531137.05 181093.45,531135.75 181098.75,531135.1 181098.6,531133.55 181105.25,531137.95 181106.8,531139.35 181107.2,531140.45 181107.5,531142.2 181108.0,531142.75 181108.2,531143.4 181108.35,531143.95 181108.4,531144.55 181108.45,531145.3 181108.75,531145.8 181107.35,531149.15 181097.5,531150.3 181097.85,531151.8 181093.05,531150.05 181091.9,531150.95 181089.95,531156.5 181078.1,531157.85 181079.1,531159.1 181078.15,531161.6 181078.95,531164.3 181079.7,531165.2 181080.0,531165.65 181080.1,531166.45 181080.3,531166.8 181080.45,531167.1 181080.5,531167.35 181080.6,531167.8 181080.8,531172.55 181084.1,531175.65 181087.35,531175.35 181088.5,531176.3 181088.85,531177.9 181089.45,531177.35 181091.05,531184.2 181094.5,531184.15 181094.65,531180.15 181104.9,531177.9 181110.65,531175.95 181115.55,531179.25 181116.4,531180.9 181111.75,531183.25 181106.1,531187.4 181095.9,531189.6 181090.35,531191.5 181090.3,531194.4 181090.3,531194.6 181090.25,531194.8 181090.25,531195.0 181090.35,531195.2 181090.45,531199.7 181092.0,531200.6 181089.8,531208.45 181089.65,531209.7 181089.6,531214.75 181089.5,531217.85 181089.4,531220.05 181089.4,531222.25 181089.35,531232.65 181089.95,531238.35 181089.98,531238.25 181090.35,531249.75 181090.7,531252.95 181090.85,531270.0 181091.8,531273.4 181091.95,531274.85 181092.0,531280.25 181092.35,531290.45 181092.7,531292.75 181092.8,531296.97 181092.96,531302.0 181093.15,531312.85 181093.45,531313.7 181093.5,531313.8 181092.55,531314.7 181084.1,531320.35 181084.75,531321.55 181084.75,531325.85 181084.65,531344.0 181084.25,531350.9 181084.1,531351.0 181083.75,531351.1 181082.15,531351.1 181081.95,531351.25 181080.8,531351.35 181079.5,531351.45 181078.45,531351.5 181077.45,531351.65 181075.45,531351.75 181073.5,531352.05 181068.45,531352.7 181054.75,531353.35 181038.55,531354.05 181023.2,531354.65 181007.15,531355.05 180999.0,531355.35 180999.0,531355.5 180992.0,531355.499 180991.993,531355.6 180989.95,531355.8 180986.25,531355.85 180985.05,531357.35 180984.5,531357.45 180982.65,531357.3 180982.5,531357.9 180979.25,531359.5 180967.9,531359.6 180967.2,531360.1 180963.65,531360.15 180963.0,531360.5 180960.05,531360.8 180957.35,531361.3 180953.4,531361.3 180953.2,531361.45 180951.8,531361.6 180950.2,531361.7 180948.95,531361.8 180947.55,531361.9 180946.25,531361.9 180946.0,531361.95 180944.5,531362.0 180942.75,531362.05 180941.6,531362.05 180941.2,531362.05 180939.9,531362.05 180938.8,531362.1 180936.2,531362.15 180934.05,531362.2 180933.65,531362.3 180931.5,531362.35 180929.2,531362.4 180926.35,531362.45 180924.0,531362.5 180921.7,531362.5 180919.4,531362.55 180917.0,531362.55 180916.35,531362.55 180914.55,531362.6 180912.05,531362.6 180911.75,531362.55 180909.5,531362.55 180907.25,531362.55 180905.05,531362.45 180902.35,531362.35 180900.3,531362.3 180899.4,531362.3 180898.95,531362.25 180896.95,531362.15 180895.25,531362.1 180894.95,531362.05 180893.0,531361.95 180891.6,531361.95 180891.45,531361.85 180889.5,531361.7 180887.5,531361.65 180885.65,531361.55 180883.45,531361.5 180882.55,531361.5 180881.65,531361.35 180879.55,531361.3 180877.95,531361.25 180877.65,531361.1 180875.65,531360.9 180873.35,531360.9 180872.25,531360.8 180871.4,531360.7 180870.2,531360.6 180868.5,531360.5 180865.5,531360.5 180864.15,531360.45 180861.0,531360.4 180858.05,531360.3 180854.35,531360.2 180853.0,531360.0 180841.7,531360.0 180840.75,531359.8 180832.05,531359.819 180826.879,531359.823 180826.866,531359.94 180800.59,531360.31 180691.55,531360.282 180691.548,531356.7 180691.4,531351.6 180691.15,531344.0 180690.85,531341.5 180690.8,531336.45 180690.5,531331.3 180690.1,531324.2 180689.45,531317.15 180688.7,531312.41 180688.23,531309.55 180687.95,531301.95 180687.15,531295.1 180686.45,531288.3 180685.8,531273.55 180684.3,531266.35 180683.6,531262.05 180683.15,531256.5 180682.7,531248.35 180682.1,531230.2 180680.8,531218.25 180680.1,531210.25 180679.4,531206.85 180679.05,531203.35 180678.75,531198.9 180678.3,531194.45 180677.9,531188.85 180677.35,531183.35 180676.75,531176.35 180676.05,531169.45 180675.15,531162.3 180674.05,531155.2 180672.9,531155.17 180673.1,531154.2 180680.5,531153.3 180690.6,531152.4 180700.9,531151.5 180710.1,531149.2 180733.15,531147.7 180747.95,531146.6 180759.95,531145.6 180769.8,531144.4 180784.4,531144.0 180788.15,531143.35 180795.2,531143.05 180799.45,531143.3 180803.05,531143.45 180809.3,531143.5 180814.0,531143.65 180824.45,531143.7 180826.1,531143.85 180844.15,531144.05 180854.95,531144.0 180859.05,531144.0 180862.5,531143.75 180867.8,531143.6 180874.0,531143.15 180878.35,531142.85 180883.65,531142.55 180888.45,531142.2 180892.65,531141.55 180898.3,531141.05 180899.5,531133.5 180911.5,531126.65 180922.9,531118.2 180918.35,531117.7 180919.15,531112.15 180928.55,531108.05 180935.8,531102.9 180944.85,531098.2 180953.2,531106.2 180957.8,531105.0 180960.3,531102.75 180964.65,531101.0 180967.7,531097.5 180973.95,531095.5 180977.5,531092.35 180983.05,531088.5 180989.6,531087.79 180989.17,531080.95 180985.1,531077.6 180990.85,531076.1 180993.7,531072.85 180999.55)))",Conservation_Areas,639720,Temples
"MULTIPOLYGON (((532933.187 181501.707,532938.707 181512.403,532959.849 181544.635,532987.44 181582.087,532991.8 181579.65,533000.0 181574.8,533000.05 181575.0,533002.6 181573.3,533002.8 181573.6,533003.9 181575.45,533005.2 181574.2,533005.45 181573.95,533006.0 181573.55,533006.6 181573.2,533007.2 181572.95,533007.7 181572.75,533008.2 181572.6,533009.25 181572.3,533009.75 181572.15,533011.6 181571.85,533015.55 181571.05,533020.1 181570.1,533024.85 181569.2,533031.15 181567.95,533034.55 181567.25,533037.0 181566.8,533040.25 181566.25,533046.75 181565.0,533053.85 181563.65,533061.2 181562.3,533066.8 181561.35,533071.15 181560.55,533076.35 181559.5,533077.1 181559.35,533088.0 181557.25,533089.08 181557.0,533090.2 181556.75,533093.652 181555.604,533091.877 181548.841,533089.645 181540.325,533086.904 181528.532,533082.988 181511.327,533081.123 181502.247,533078.302 181488.509,533071.641 181459.205,533060.75 181461.052,533037.885 181465.236,533019.62 181468.985,533007.668 181471.428,533003.766 181472.227,532999.504 181473.361,532995.109 181474.746,532989.969 181476.584,532976.66 181481.705,532958.855 181489.511,532945.399 181495.807,532933.187 181501.707)))",Conservation_Areas,639721,New Broad Street
"MULTIPOLYGON (((532991.7 180835.35,532991.75 180837.85,532991.8 180842.1,532991.85 180849.6,532992.9 180849.8,532994.65 180860.25,532995.5 180865.3,532995.5 180865.65,532995.45 180865.95,532995.35 180866.4,532995.7 180869.8,532996.45 180872.65,532997.8 180872.3,533000.0 180871.7,533007.4 180869.65,533017.25 180866.95,533018.05 180869.4,533019.5 180873.9,533023.3 180872.75,533024.095 180872.516,533024.165 180872.45,533024.231 180872.457,533024.176 180872.494,533024.15 180872.5,533026.35 180880.25,533027.0 180882.6,533024.161 180883.353,533024.4 180884.25,533027.15 180892.7,533020.65 180894.55,533020.95 180895.7,533024.35 180909.05,533024.45 180909.45,533024.0 180909.65,533024.6 180912.0,533032.75 180909.9,533032.9 180910.45,533039.15 180908.9,533047.0 180907.45,533052.15 180906.5,533057.062 180905.879,533052.289 180879.181,533049.849 180869.475,533045.775 180857.621,533044.347 180853.542,533042.229 180847.492,533046.9 180846.0,533051.5 180844.7,533055.45 180843.55,533056.3 180843.3,533056.5 180843.75,533057.8 180843.55,533057.75 180842.65,533061.6 180842.0,533061.55 180841.25,533062.8 180840.85,533063.05 180843.05,533067.05 180842.5,533066.75 180840.35,533067.8 180840.3,533070.4 180840.15,533070.95 180846.45,533078.2 180845.95,533077.6 180839.75,533080.45 180839.6,533090.9 180838.4,533093.7 180838.1,533093.95 180840.75,533094.2 180843.95,533094.7 180850.25,533094.8 180851.7,533100.05 180850.95,533113.35 180848.9,533117.136 180848.441,533117.516 180852.521,533120.45 180851.95,533122.05 180851.6,533126.95 180850.65,533126.9 180850.3,533138.1 180848.15,533138.25 180848.7,533148.7 180846.45,533148.3 180842.85,533142.6 180843.8,533141.4 180837.7,533142.45 180837.45,533141.5 180832.35,533140.45 180832.55,533139.7 180828.45,533138.8 180828.65,533138.65 180828.7,533136.0 180820.3,533134.426 180816.613,533131.102 180809.239,533142.946 180804.052,533151.644 180799.021,533178.278 180783.218,533173.65 180772.8,533170.45 180764.3,533169.85 180762.25,533168.35 180757.4,533167.25 180752.8,533167.05 180751.8,533164.45 180739.4,533172.5 180737.15,533180.2 180735.1,533189.2 180732.65,533196.835 180731.331,533182.471 180704.262,533179.893 180697.448,533171.238 180686.952,533162.1 180677.913,533157.374 180676.839,533141.156 180677.533,533141.3 180678.95,533142.35 180689.6,533142.7 180692.8,533143.0 180696.55,533143.65 180710.3,533130.75 180713.1,533127.479 180713.896,533129.55 180728.85,533128.15 180729.2,533128.7 180732.9,533138.2 180731.1,533138.65 180736.5,533138.15 180736.65,533139.05 180744.25,533139.8 180750.95,533140.65 180757.95,533141.3 180763.8,533120.0 180768.35,533119.85 180767.7,533116.65 180768.65,533117.9 180774.1,533118.55 180777.0,533115.75 180777.65,533114.85 180778.95,533111.95 180779.7,533107.35 180780.8,533103.5 180781.846,533101.475 180772.529,533098.124 180760.208,533089.68 180728.329,533084.335 180712.711,533073.887 180681.908,533071.831 180674.778,533042.435 180679.906,533027.419 180682.439,533028.53 180690.31,533027.54 180693.753,533026.887 180695.188,533005.279 180711.529,533003.017 180712.803,533006.568 180728.223,533008.089 180734.863,533014.344 180758.401,533021.377 180786.209,533029.294 180817.609,533031.21 180825.856,533016.836 180826.824,533009.177 180827.225,533004.175 180827.202,533001.101 180827.005,532991.779 180825.856,532991.7 180835.35)))",Conservation_Areas,639722,Eastcheap
"MULTIPOLYGON (((532407.059 181428.689,532427.95 181428.65,532428.85 181428.55,532444.1 181428.85,532444.15 181428.05,532444.15 181427.15,532444.4 181417.55,532445.15 181417.65,532448.05 181417.6,532448.6 181417.55,532448.75 181417.55,532448.95 181417.5,532449.05 181417.45,532449.2 181417.4,532449.4 181417.3,532449.85 181417.0,532449.9 181416.85,532449.9 181416.7,532449.95 181416.55,532450.25 181416.65,532450.3 181414.95,532450.3 181413.95,532452.8 181414.0,532454.7 181414.05,532459.55 181414.15,532459.75 181404.5,532461.2 181404.55,532461.266 181401.479,532482.25 181401.501,532519.925 181401.532,532520.2 181405.85,532520.65 181405.85,532520.75 181407.9,532520.7 181409.4,532537.95 181409.85,532544.927 181409.681,532550.394 181399.243,532554.397 181391.236,532555.365 181388.266,532555.607 181386.637,532560.85 181386.85,532561.2 181386.87,532561.45 181386.88,532573.15 181387.45,532576.1 181387.57,532588.44 181388.24,532591.17 181388.26,532601.57 181386.04,532603.85 181385.55,532604.15 181385.5,532605.2 181385.3,532606.2 181385.05,532607.3 181384.85,532608.45 181384.7,532609.5 181384.55,532610.65 181384.45,532611.25 181384.4,532615.95 181383.95,532619.731 181383.313,532619.81 181383.3,532627.91 181381.15,532631.882 181380.141,532630.14 181373.042,532620.412 181336.895,532605.468 181283.338,532589.156 181283.681,532578.535 181245.096,532564.652 181192.543,532565.758 181192.335,532559.725 181169.121,532553.845 181149.434,532551.175 181138.904,532542.253 181140.996,532532.533 181143.278,532472.382 181157.331,532463.993 181159.3,532465.959 181176.659,532466.201 181180.419,532466.613 181183.361,532467.456 181194.612,532465.7 181194.8,532465.25 181194.85,532458.25 181195.7,532458.068 181194.973,532456.791 181195.153,532456.8 181195.2,532454.6 181195.45,532451.85 181195.75,532451.7 181194.45,532446.5 181195.05,532446.7 181196.8,532446.75 181197.65,532444.9 181197.85,532442.846 181198.097,532444.005 181216.179,532442.67 181221.367,532444.375 181235.526,532453.863 181285.857,532457.242 181284.783,532466.04 181282.78,532471.05 181281.65,532473.15 181281.1,532475.17 181300.702,532470.528 181301.912,532434.83 181310.528,532428.903 181312.682,532419.056 181319.141,532412.064 181324.395,532410.777 181325.817,532409.505 181327.222,532408.696 181331.126,532408.555 181367.058,532407.059 181428.689)))",Conservation_Areas,639728,Guildhall
"MULTIPOLYGON (((531551.284 181657.558,531554.42 181659.18,531556.86 181660.64,531557.4 181660.97,531565.49 181665.82,531571.69 181669.21,531677.13 181725.97,531781.26 181782.2,531797.54 181791.35,531799.31 181792.35,531832.74 181811.14,531883.85 181838.12,531887.35 181840.01,531891.79 181841.9,531897.33 181843.56,531901.985 181844.664,531901.991 181844.632,531901.992 181844.634,531924.495 181803.233,531944.831 181766.703,531997.565 181795.751,532044.083 181818.388,532048.777 181820.709,532055.596 181808.074,532065.127 181791.258,532077.933 181769.322,532075.3 181767.7,532073.35 181766.6,532073.1 181766.55,532072.6 181766.15,532069.7 181764.5,532064.1 181760.85,532062.15 181759.5,532059.45 181757.65,532052.25 181752.75,532051.95 181752.55,532060.45 181740.65,532061.9 181737.85,532062.45 181736.7,532064.6 181737.6,532065.5 181738.0,532069.1 181739.8,532073.95 181742.25,532076.5 181736.6,532076.9 181736.85,532077.35 181737.1,532077.5 181736.8,532080.15 181730.1,532080.65 181728.85,532081.889 181719.928,532081.9 181719.85,532069.2 181717.85,532064.1 181715.5,532057.8 181714.6,532054.5 181711.6,532054.9 181711.15,532051.4 181707.95,532049.553 181705.34,532053.863 181700.265,532054.198 181678.845,532052.413 181676.71,532032.174 181652.646,532031.896 181652.159,532024.805 181645.347,532008.993 181629.937,532003.558 181623.236,532003.872 181615.249,532003.717 181615.083,532004.264 181614.254,532005.087 181612.999,532005.881 181611.801,532006.336 181611.105,532015 181598,532006 181590,532001 181583,532000 181580,531996 181572,532002.909 181565.563,532010.203 181558.037,532019.249 181548.219,532026.555 181540.629,532027.54 181538.22,532027.832 181536.833,532027.869 181533.804,532027.708 181532.521,532027.778 181532.492,532027.686 181532.125,532026.81 181530.811,532024.949 181525.409,532024.657 181523.62,532023.914 181521.469,532025.431 181505.931,532026.778 181494.348,532028.569 181465.979,532020.25 181465.55,532015.95 181465.2,532015.65 181465.2,532010.95 181464.8,532002.8 181464.15,532000.0 181463.85,531994.85 181463.5,531985.55 181462.85,531961.1 181461.2,531956.6 181460.9,531944.65 181460.05,531927.7 181458.95,531919.9 181458.4,531919.1 181458.35,531908.25 181457.65,531906.1 181457.5,531904.95 181457.4,531898.95 181457.0,531869.2 181455.0,531865.8 181456.15,531859.55 181458.25,531859.4 181458.3,531852.4 181460.75,531849.15 181461.8,531837.69 181465.73,531837.05 181465.95,531834.0 181466.97,531832.1 181467.6,531823.85 181470.4,531815.483 181473.243,531814.021 181465.977,531806.6 181468.15,531805.25 181468.6,531803.05 181469.35,531804.65 181472.7,531795.85 181479.65,531797.9 181484.2,531798.95 181486.6,531791.45 181490.1,531789.8 181490.85,531790.1 181492.35,531782.35 181494.1,531782.35 181494.4,531776.55 181495.9,531775.15 181489.65,531761.2 181494.8,531761.5 181495.7,531758.4 181496.4,531757.15 181496.65,531754.45 181484.35,531753.9 181482.3,531753.6 181481.2,531753.15 181479.45,531750.6 181471.1,531750.5 181470.65,531750.4 181470.4,531750.35 181470.0,531750.2 181469.65,531749.7 181468.75,531749.4 181468.25,531749.15 181467.75,531748.95 181467.5,531748.75 181467.15,531748.55 181466.65,531748.35 181466.2,531747.7 181464.55,531746.25 181460.95,531745.1 181458.3,531736.891 181439.624,531734.296 181446.743,531732.158 181455.423,531731.289 181461.833,531731.25 181470.234,531730.955 181473.109,531728.1 181479.984,531725.45 181484.534,531722.399 181490.008,531718.093 181496.824,531713.785 181502.607,531710.178 181506.28,531704.699 181510.352,531701.572 181513.17,531696.615 181517.43,531693.243 181518.608,531690.746 181519.515,531686.578 181521.367,531679.581 181525.082,531677.328 181526.278,531669.686 181530.425,531661.586 181534.819,531648.712 181541.177,531638.464 181546.419,531626.829 181552.525,531610.931 181560.803,531598.14 181567.302,531594.908 181568.917,531591.883 181570.051,531588.354 181570.681,531584.74 181570.491,531567.674 181566.673,531564.825 181582.164,531551.531 181657.08,531551.284 181657.558)))",Conservation_Areas,639729,Smithfield
"MULTIPOLYGON (((531109.8 181107.4,531125.0 181112.25,531134.9 181115.3,531158.15 181121.05,531170.35 181124.7,531168.1 181134.65,531167.2 181139.1,531166.35 181142.95,531163.45 181156.0,531161.322 181165.881,531161.335 181165.868,531161.327 181165.882,531166.85 181167.15,531171.25 181168.15,531172.05 181164.6,531179.7 181166.25,531186.15 181167.65,531189.45 181168.35,531198.2 181170.25,531203.6 181171.4,531204.1 181168.85,531210.4 181169.95,531210.2 181171.8,531209.503 181176.978,531209.072 181180.405,531214.12 181182.445,531214.584 181182.633,531214.75 181182.7,531215.3 181182.95,531233.3 181192.2,531234.95 181189.55,531235.3 181189.8,531238.45 181191.8,531239.65 181189.69,531239.75 181189.75,531242.45 181192.55,531241.6 181194.0,531244.1 181195.65,531246.0 181197.85,531249.55 181201.4,531249.8 181201.55,531252.15 181202.9,531252.85 181203.35,531259.45 181205.85,531260.35 181206.2,531262.35 181206.95,531268.796 181208.766,531267.176 181223.799,531266.982 181245.203,531267.545 181254.035,531275.6 181252.3,531280.85 181251.2,531281.05 181252.25,531283.05 181251.8,531289.2 181250.95,531289.8 181253.5,531291.3 181253.25,531291.55 181254.5,531295.1 181254.75,531302.35 181255.5,531302.75 181257.2,531307.45 181256.3,531317.1 181254.65,531320.25 181254.1,531324.106 181253.482,531324.9 181257.7,531325.5 181261.45,531327.344 181272.273,531327.799 181275.248,531351.93 181277.325,531368.095 181279.101,531369.484 181279.49,531370.761 181280.6,531371.65 181282.088,531372.039 181283.309,531375.3 181283.05,531377.85 181282.95,531379.5 181282.9,531379.65 181280.9,531385.95 181280.65,531385.95 181280.4,531388.45 181280.3,531393.0 181280.05,531394.05 181280.05,531394.35 181280.1,531394.7 181280.1,531395.2 181280.15,531395.75 181280.15,531401.4 181280.75,531404.1 181281.05,531413.55 181282.1,531414.45 181275.5,531413.85 181275.4,531414.55 181271.25,531427.15 181273.1,531431.982 181273.633,531432.1 181271.9,531435.35 181243.85,531436.5 181233.258,531436.6 181220.4,531435.5 181218.3,531435.3 181213.5,531437.85 181213.55,531443.9 181213.6,531452.8 181213.7,531453.068 181201.753,531457.3 181201.8,531480.85 181201.85,531485.65 181201.85,531487.25 181201.85,531500.0 181201.85,531501.85 181201.95,531507.9 181201.95,531510.145 181201.927,531510.039 181208.917,531539.403 181208.854,531539.312 181200.676,531539.888 181200.674,531539.862 181185.047,531547.29 181185.08,531571.08 181185.25,531574.707 181185.254,531574.382 181196.346,531573.972 181209.381,531570.127 181253.937,531585.15 181255.0,531589.5 181255.65,531596.35 181256.6,531598.1 181256.9,531597.55 181260.65,531597.05 181263.95,531603.15 181264.85,531617.694 181266.872,531619.85 181249.6,531621.223 181240.275,531622.555 181233.364,531623.549 181226.146,531638.825 181229.422,531647.657 181232.641,531656.961 181235.195,531656.95 181231.0,531657.0 181222.6,531656.9 181220.45,531657.4 181206.85,531658.35 181201.6,531660.794 181183.324,531661.792 181173.66,531669.045 181173.206,531669.4 181164.45,531669.4 181163.75,531670.35 181129.8,531670.35 181129.71,531670.4 181128.85,531670.373 181125.689,531639.02 181123.221,531643.625 181095.065,531646.513 181064.41,531597.992 181065.936,531598.27 181072.755,531591.636 181072.831,531591.67 181073.59,531577.5 181074.15,531574.5 181074.2,531572.1 181074.25,531569.281 181074.197,531568.2 181074.0,531566.95 181073.75,531564.95 181073.5,531563.25 181073.75,531551.1 181071.85,531544.95 181070.9,531531.6 181068.85,531524.766 181067.852,531518.767 181082.486,531509.9 181082.3,531500.0 181081.7,531488.1 181081.05,531485.62 181080.886,531485.1 181087.2,531484.4 181099.5,531483.9 181106.5,531483.65 181111.45,531496.3 181112.45,531495.3 181121.8,531494.9 181125.1,531492.7 181124.9,531491.0 181124.75,531488.3 181124.4,531487.9 181128.75,531487.45 181128.7,531487.45 181129.8,531487.1 181141.45,531484.1 181141.65,531472.4 181139.9,531472.1 181151.05,531463.9 181151.0,531462.8 181150.75,531462.7 181151.65,531455.05 181151.65,531455.1 181152.7,531451.65 181152.65,531447.5 181148.65,531446.65 181149.25,531443.3 181145.9,531443.85 181145.2,531439.35 181140.75,531435.05 181140.45,531435.1 181139.6,531435.1 181137.8,531435.2 181136.05,531446.15 181139.55,531447.55 181134.7,531445.85 181134.1,531446.55 181131.45,531448.3 181131.95,531449.6 181127.4,531441.9 181124.95,531442.25 181123.8,531442.7 181122.15,531445.15 181114.1,531442 181113,531441.65 181114.45,531439.25 181113.9,531437.15 181113.4,531434.079 181112.667,531427.512 181133.748,531425.526 181140.428,531421.75 181139.7,531420.5 181139.35,531413.65 181137.35,531412.5 181141.2,531409.5 181140.65,531402.78 181139.4,531400.2 181138.9,531400.1 181134.85,531392.0 181134.95,531386.883 181134.958,531386.834 181145.608,531369.15 181141.437,531353.242 181137.427,531350.176 181135.718,531351.844 181125.644,531353.276 181117.343,531355.505 181107.322,531357.535 181095.691,531358.459 181090.394,531359.342 181085.95,531359.719 181084.053,531362.191 181070.461,531360.6 181070.15,531360.4 181070.11,531352.05 181068.45,531351.75 181073.5,531351.65 181075.45,531351.5 181077.45,531351.45 181078.45,531351.35 181079.5,531351.25 181080.8,531351.1 181081.95,531351.1 181082.15,531351.0 181083.75,531350.9 181084.1,531344.0 181084.25,531325.85 181084.65,531321.55 181084.75,531320.35 181084.75,531314.7 181084.1,531313.8 181092.55,531313.7 181093.5,531312.85 181093.45,531302.0 181093.15,531296.97 181092.96,531292.75 181092.8,531290.45 181092.7,531280.25 181092.35,531274.85 181092.0,531273.4 181091.95,531270.0 181091.8,531252.95 181090.85,531249.75 181090.7,531238.25 181090.35,531238.35 181089.98,531232.65 181089.95,531222.25 181089.35,531220.05 181089.4,531217.85 181089.4,531214.75 181089.5,531209.7 181089.6,531208.45 181089.65,531200.6 181089.8,531199.7 181092.0,531195.2 181090.45,531195.0 181090.35,531194.8 181090.25,531194.6 181090.25,531194.4 181090.3,531191.5 181090.3,531189.6 181090.35,531187.4 181095.9,531183.25 181106.1,531180.9 181111.75,531179.25 181116.4,531175.95 181115.55,531177.9 181110.65,531180.15 181104.9,531184.15 181094.65,531184.2 181094.5,531177.35 181091.05,531177.9 181089.45,531176.3 181088.85,531175.35 181088.5,531175.65 181087.35,531172.55 181084.1,531167.8 181080.8,531167.35 181080.6,531167.1 181080.5,531166.8 181080.45,531166.45 181080.3,531165.65 181080.1,531165.2 181080.0,531164.3 181079.7,531161.6 181078.95,531159.1 181078.15,531157.85 181079.1,531156.5 181078.1,531150.95 181089.95,531150.05 181091.9,531151.8 181093.05,531150.3 181097.85,531149.15 181097.5,531145.8 181107.35,531145.3 181108.75,531144.55 181108.45,531143.95 181108.4,531143.4 181108.35,531142.75 181108.2,531142.2 181108.0,531140.45 181107.5,531139.35 181107.2,531137.95 181106.8,531133.55 181105.25,531135.1 181098.6,531135.75 181098.75,531137.05 181093.45,531137.65 181090.9,531140.75 181091.65,531141.7 181086.0,531143.55 181073.15,531144.35 181067.75,531145.5 181059.8,531127.35 181052.5,531126.2 181056.7,531120.0 181077.75,531113.4 181099.0,531112.9 181100.5,531112.5 181101.6,531112.1 181102.75,531111.1 181104.65,531109.8 181107.4)))",Conservation_Areas,639730,Fleet Street
"MULTIPOLYGON (((531355.5 180992.0,531361.15 180992.4,531368.2 180992.3,531375.3 180992.35,531379.35 180992.4,531385.746 180992.686,531385.488 181006.335,531386.284 181052.386,531386.307 181054.563,531391.8 181055.35,531414.55 181058.2,531414.69 181055.64,531414.9 181051.53,531415.01 181049.73,531415.54 181040.94,531415.79 181036.85,531428.94 181037.08,531428.88 181039.3,531428.87 181039.8,531451.0 181043.25,531455.95 181044.047,531460.906 181022.412,531461.268 181021.082,531462.717 181005.757,531467.0 181005.75,531482.75 181005.8,531482.8 181000.0,531482.85 180996.55,531482.854 180990.254,531507.899 180990.885,531508.657 180955.934,531509.669 180911.913,531510.259 180864.545,531516.15 180864.55,531518.4 180864.65,531518.5 180864.2,531519.8 180864.1,531519.7 180866.15,531519.665 180870.383,531537.192 180870.442,531537.192 180867.258,531542.68 180867.258,531542.68 180866.255,531545.512 180866.373,531545.512 180863.778,531549.053 180863.778,531549.101 180864.546,531551.88 180864.604,531551.88 180855.664,531558.786 180855.722,531559.25 180866.1,531559.7 180875.5,531560.05 180883.5,531560.45 180893.45,531560.95 180904.2,531562.4 180904.1,531562.9 180917.3,531563.6 180934.4,531563.97 180942.223,531567.55 180941.95,531591.2 180939.45,531599.271 180939.12,531605.13 180992.34,531593.736 180992.872,531596.418 181033.081,531597.991 181065.909,531646.513 181064.41,531647.628 181011.25,531647.978 180980.54,531647.92 180939.774,531647.808 180913.019,531647.091 180869.267,531667.05 180870.15,531665.25 180868.65,531665.25 180858.8,531665.8 180858.8,531666.65 180858.8,531668.65 180858.85,531668.6 180855.7,531668.6 180855.1,531668.6 180854.4,531668.5 180842.3,531665.45 180842.25,531661.05 180842.2,531659.9 180842.2,531660.0 180832.3,531659.95 180818.65,531659.95 180818.15,531659.95 180812.9,531659.95 180810.3,531659.95 180809.75,531660.0 180807.4,531660.0 180806.8,531659.95 180801.05,531659.95 180794.8,531661.7 180794.8,531662.7 180794.75,531663.29 180794.6,531663.9 180794.45,531665.1 180794.0,531666.05 180793.6,531667.0 180793.05,531667.5 180792.75,531667.95 180792.45,531668.25 180792.2,531668.5 180791.95,531668.15 180791.5,531667.7 180791.05,531666.0 180790.2,531665.2 180789.75,531664.35 180789.35,531663.3 180789.05,531662.2 180788.9,531661.45 180788.8,531659.95 180788.75,531660.15 180736.25,531661.6 180736.2,531662.5 180736.1,531663.65 180735.9,531664.8 180735.65,531665.75 180735.25,531666.65 180734.8,531667.4 180734.4,531668.1 180734.05,531668.6 180733.6,531669.0 180733.2,531668.6 180732.8,531668.15 180732.4,531667.4 180731.8,531666.6 180731.25,531665.65 180730.75,531664.75 180730.35,531663.75 180730.05,531662.75 180729.8,531661.85 180729.7,531660.2 180729.7,531660.3 180700.05,531660.3 180697.01,531660.303 180696.017,531660.3 180696.017,531660.3 180683.45,531660.35 180672.5,531664.15 180672.4,531667.2 180671.2,531669.0 180669.45,531667.0 180667.75,531665.25 180666.8,531662.85 180665.9,531660.35 180665.95,531660.45 180645.15,531660.8 180613.0,531662.4 180612.95,531664.35 180612.45,531667.2 180611.05,531667.85 180610.45,531668.1 180609.55,531667.3 180608.4,531665.15 180607.4,531662.2 180606.7,531660.85 180606.7,531661.0 180592.05,531661.0 180591.15,531661.0 180590.5,531661.0 180584.3,531660.968 180567.621,531660.958 180562.457,531660.95 180558.55,531662.8 180558.55,531662.9 180556.55,531664.45 180555.15,531664.3 180549.3,531662.85 180548.2,531662.85 180546.7,531661.443 180546.7,531661.45 180546.5,531661.35 180535.6,531643.2 180534.4,531628.2 180532.95,531628.3 180546.25,531628.296 180546.421,531627.0 180546.5,531627.1 180548.49,531625.4 180549.9,531625.35 180555.1,531626.55 180556.4,531626.6 180558.25,531628.5 180558.3,531628.519 180560.8,531628.543 180564.099,531628.6 180571.65,531628.7 180589.0,531628.71 180589.76,531628.75 180594.55,531628.7 180607.1,531628.05 180607.2,531627.45 180607.25,531626.35 180607.4,531625.3 180607.65,531624.55 180607.95,531623.85 180608.25,531623.1 180608.7,531622.4 180609.2,531622.1 180609.35,531621.85 180609.45,531621.2 180610.05,531621.9 180610.7,531622.65 180611.25,531623.5 180611.6,531624.3 180611.95,531625.4 180612.35,531626.5 180612.65,531627.2 180612.8,531628.25 180612.95,531628.7 180613.0,531628.6 180624.25,531628.55 180658.3,531628.5 180666.25,531627.55 180666.3,531626.5 180666.4,531625.55 180666.5,531624.55 180666.65,531623.6 180667.0,531622.6 180667.45,531621.85 180667.85,531621.15 180668.3,531620.7 180668.7,531620.3 180669.15,531620.95 180669.8,531621.65 180670.4,531622.55 180671.0,531623.6 180671.45,531624.5 180671.8,531625.45 180672.05,531626.5 180672.25,531627.65 180672.4,531628.55 180672.4,531628.35 180691.55,531628.35 180696.057,531628.33 180696.082,531628.074 180695.85,531618.6 180695.75,531596.05 180695.6,531567.35 180695.5,531533.6 180695.6,531500.0 180696.1,531494.65 180696.2,531489.0 180696.15,531483.45 180696.2,531475.65 180696.3,531470.15 180696.15,531464.7 180695.9,531451.15 180695.3,531444.8 180695.1,531438.5 180694.85,531426.35 180694.3,531410.75 180693.55,531396.75 180692.9,531380.25 180692.2,531363.95 180691.7,531360.31 180691.549,531360.309 180691.859,531359.94 180800.59,531359.823 180826.866,531359.819 180826.879,531359.8 180832.05,531360.0 180840.75,531360.0 180841.7,531360.2 180853.0,531360.3 180854.35,531360.4 180858.05,531360.45 180861.0,531360.5 180864.15,531360.5 180865.5,531360.6 180868.5,531360.7 180870.2,531360.8 180871.4,531360.9 180872.25,531360.9 180873.35,531361.1 180875.65,531361.25 180877.65,531361.3 180877.95,531361.35 180879.55,531361.5 180881.65,531361.5 180882.55,531361.55 180883.45,531361.65 180885.65,531361.7 180887.5,531361.85 180889.5,531361.95 180891.45,531361.95 180891.6,531362.05 180893.0,531362.1 180894.95,531362.15 180895.25,531362.25 180896.95,531362.3 180898.95,531362.3 180899.4,531362.35 180900.3,531362.45 180902.35,531362.55 180905.05,531362.55 180907.25,531362.55 180909.5,531362.6 180911.75,531362.6 180912.05,531362.55 180914.55,531362.55 180916.35,531362.55 180917.0,531362.5 180919.4,531362.5 180921.7,531362.45 180924.0,531362.4 180926.35,531362.35 180929.2,531362.3 180931.5,531362.2 180933.65,531362.15 180934.05,531362.1 180936.2,531362.05 180938.8,531362.05 180939.9,531362.05 180941.2,531362.05 180941.6,531362.0 180942.75,531361.95 180944.5,531361.9 180946.0,531361.9 180946.25,531361.8 180947.55,531361.7 180948.95,531361.6 180950.2,531361.45 180951.8,531361.3 180953.2,531361.3 180953.4,531360.8 180957.35,531360.5 180960.05,531360.15 180963.0,531360.1 180963.65,531359.6 180967.2,531359.5 180967.9,531357.9 180979.25,531357.3 180982.5,531357.45 180982.65,531357.35 180984.5,531355.85 180985.05,531355.8 180986.25,531355.6 180989.95,531355.5 180992.0)))",Conservation_Areas,639731,Whitefriars
"MULTIPOLYGON (((533119.743 181297.613,533146.203 181343.541,533157.764 181363.728,533167.763 181379.411,533176.4 181373.25,533180.35 181370.3,533182.35 181368.9,533185.4 181367.15,533188.05 181365.8,533190.0 181364.85,533190.1 181365.35,533191.95 181364.2,533199.6 181361.55,533201.25 181361.0,533207.45 181358.95,533210.9 181357.75,533212.1 181361.75,533213.3 181365.35,533213.35 181365.6,533218.95 181379.1,533230.1 181374.65,533231.1 181374.25,533229.9 181370.0,533238.55 181367.95,533247.711 181365.801,533245.6 181359.4,533245.15 181358.1,533243.0 181351.5,533242.75 181350.75,533254.5 181346.9,533258.203 181345.75,533268.847 181342.151,533283.56 181335.65,533284.29 181336.522,533293.055 181328.754,533297.335 181325.062,533289.908 181316.023,533272.712 181295.348,533271.912 181294.128,533271.319 181292.848,533270.788 181291.007,533270.32 181289.696,533267.824 181281.332,533260.125 181256.883,533237.547 181265.227,533232.218 181266.068,533230.395 181266.209,533227.484 181266.276,533210.413 181265.641,533208.446 181265.577,533187.089 181263.902,533184.602 181264.372,533183.2 181265.65,533175.06 181265.45,533173.38 181265.89,533167.67 181267.41,533165.99 181267.86,533160.28 181269.38,533158.7 181269.8,533157.8 181270.06,533154.25 181271.1,533153.61 181271.28,533152.1 181271.7,533151.75 181271.8,533151.65 181271.85,533149.27 181273.28,533148.65 181273.65,533145.038 181277.821,533143.893 181280.379,533143.931 181282.416,533144.263 181284.014,533140.75 181286.2,533136.55 181288.75,533127.24 181293.61,533119.743 181297.613)))",Conservation_Areas,639727,St Helen's Place
"MULTIPOLYGON (((531724.69 181412.8,531726.04 181415.56,531726.3 181416.1,531727.4 181418.6,531730.48 181425.51,531731.7 181428.25,531735.501 181436.461,531736.891 181439.624,531745.1 181458.3,531746.25 181460.95,531747.7 181464.55,531748.35 181466.2,531748.55 181466.65,531748.75 181467.15,531748.95 181467.5,531749.15 181467.75,531749.4 181468.25,531749.7 181468.75,531750.2 181469.65,531750.35 181470.0,531750.4 181470.4,531750.5 181470.65,531750.6 181471.1,531753.15 181479.45,531753.6 181481.2,531753.9 181482.3,531754.45 181484.35,531757.15 181496.65,531758.4 181496.4,531761.5 181495.7,531761.2 181494.8,531775.15 181489.65,531776.55 181495.9,531782.35 181494.4,531782.35 181494.1,531790.1 181492.35,531789.8 181490.85,531791.45 181490.1,531798.95 181486.6,531797.9 181484.2,531795.85 181479.65,531804.65 181472.7,531803.05 181469.35,531805.25 181468.6,531806.6 181468.15,531814.021 181465.977,531811.986 181458.367,531808.144 181446.69,531803.699 181433.355,531800.89 181426.512,531809.4 181423.25,531814.9 181421.28,531819.89 181419.5,531818.88 181416.67,531829.1 181412.67,531834.26 181410.64,531838.8 181408.86,531844.44 181406.65,531849.31 181404.74,531855.74 181402.22,531860.99 181400.16,531862.46 181399.58,531864.51 181398.78,531866.05 181398.17,531871.21 181396.15,531873.64 181395.19,531878.648 181393.3,531875.7 181386.15,531875.05 181384.45,531874.9 181384.15,531872.049 181377.151,531845.253 181387.42,531843.0 181378.9,531842.9 181378.55,531842.75 181378.2,531842.65 181377.8,531841.3 181372.85,531840.6 181373.0,531839.45 181368.5,531835.85 181350.9,531832.903 181332.668,531832.898 181332.692,531832.9 181332.65,531832.903 181332.668,531832.907 181332.649,531838.85 181331.8,531839.08 181331.78,531853.05 181330.75,531852.601 181323.796,531858.497 181322.846,531858.661 181323.856,531862.751 181323.146,531862.85 181324.54,531867.33 181323.66,531873.743 181322.671,531873.75 181322.67,531873.25 181319.65,531872.4 181314.7,531871.85 181311.25,531873.95 181310.95,531872.1 181298.6,531852.6 181301.55,531850.9 181301.8,531847.75 181302.2,531833.4 181304.45,531832.7 181304.5,531829.75 181305.0,531828.4 181305.15,531828.0 181305.2,531826.05 181293.3,531824.95 181286.2,531824.15 181280.5,531824.15 181280.3,531824.2 181280.1,531824.3 181280.0,531824.35 181279.9,531824.55 181279.7,531824.65 181279.65,531824.75 181279.55,531824.85 181279.5,531825.55 181279.35,531827.3 181279.0,531828.15 181278.85,531833.6 181277.9,531834.0 181266.4,531819.85 181266.16,531819.3 181266.0,531811.5 181265.8,531806.55 181265.05,531781.35 181269.45,531780.7 181269.55,531774.87 181270.448,531778.268 181294.676,531780.202 181309.141,531777.416 181322.282,531775.901 181327.994,531775.91 181327.995,531775.91 181328.046,531775.9 181328.0,531773.9 181336.65,531774.35 181336.8,531772.45 181345.35,531772.95 181345.5,531772.5 181347.4,531770.85 181354.45,531770.4 181356.4,531769.95 181356.3,531767.95 181365.0,531767.4 181364.95,531765.508 181373.462,531765.5 181373.5,531765.188 181376.041,531760.933 181376.043,531756.39 181375.842,531756.453 181398.407,531756.456 181399.592,531750.503 181400.96,531745.496 181402.923,531736.56 181407.02,531735.48 181407.54,531724.69 181412.8)))",Conservation_Areas,639732,Newgate Street
"MULTIPOLYGON (((532445.209 181923.339,532446.88 181933.758,532446.79 181959.68,532453.79 181958.85,532461.01 181958.16,532468.46 181957.28,532486.96 181955.02,532500.0 181953.22,532514.99 181951.15,532563.51 181943.29,532569.96 181942.46,532572.845 181942.151,532573.028 181942.132,532573 181942,532562 181891,532557.218 181871.871,532550.9 181873.95,532545.0 181875.9,532538.1 181878.2,532523.4 181883.35,532522.55 181883.6,532521.75 181883.85,532520.85 181884.15,532518.95 181884.6,532507.55 181887.45,532500.0 181889.35,532497.7 181890.0,532495.25 181890.65,532497.3 181905.55,532492.45 181907.1,532493.2 181912.15,532493.203 181912.18,532493.194 181912.186,532493.165 181912.191,532493.2 181912.15,532485.1 181913.4,532482.7 181913.8,532478.15 181914.6,532474.15 181915.3,532467.55 181916.4,532464.2 181917.0,532464.64 181920.37,532449.9 181922.57,532449.7 181922.59,532445.209 181923.339)))",Conservation_Areas,639733,Brewery
"MULTIPOLYGON (((530967.22 181612.05,530972.83 181612.69,530988.41 181614.33,531000.0 181615.25,531005.15 181615.66,531014.99 181616.33,531024.25 181616.97,531028.066 181617.113,531028.141 181616.098,531029.333 181600.0,531030 181591,531032 181585,531038 181575,531038.179 181574.687,531043.1 181576.1,531053.65 181578.8,531056.65 181572.85,531058.7 181573.25,531062.05 181565.05,531062.5 181565.2,531063.2 181563.4,531065.35 181558.0,531065.05 181557.9,531055.0 181554.4,531051.271 181552.077,531067.166 181524.225,531072.95 181514.282,531080.121 181501.952,531112.34 181522.301,531119.589 181526.853,531119.68 181558.385,531120.115 181579.363,531120.967 181597.783,531121.145 181601.023,531121.447 181608.927,531121.475 181609.137,531154.31 181605.1,531179.74 181600.03,531216.13 181593.12,531269.02 181584.45,531303.531 181579.331,531304.103 181579.246,531304.119 181579.244,531304.102 181579.237,531302.869 181569.192,531302.738 181568.241,531302.399 181559.013,531301.626 181553.604,531301.559 181552.865,531300.753 181537.379,531300.264 181528.421,531299.546 181518.015,531297.268 181478.494,531291.95 181478.8,531273.1 181479.55,531269.55 181484.35,531251.7 181484.9,531249.95 181484.95,531232.9 181485.5,531228.486 181485.649,531228.566 181485.678,531228.45 181485.65,531228.4 181478.6,531228.4 181478.25,531221.7 181477.95,531219.45 181477.9,531218.25 181477.85,531218.0 181477.85,531217.5 181459.75,531217.178 181455.81,531227.8 181456.518,531228.1 181451.75,531228.108 181451.58,531228.65 181440.65,531228.1 181440.245,531228.05 181433.3,531228.0 181431.6,531228.5 181430.4,531228.549 181429.021,531222.561 181428.639,531207.914 181427.018,531201.919 181426.766,531172.725 181422.856,531173.55 181419.1,531173.65 181418.45,531175.65 181405.7,531175.7 181405.4,531176.05 181403.2,531176.65 181400.1,531164.45 181398.3,531164.5 181397.75,531165.15 181392.55,531165.55 181389.05,531165.6 181388.05,531165.65 181387.0,531165.7 181386.35,531165.8 181385.65,531165.95 181385.0,531166.15 181384.4,531166.55 181382.35,531167.65 181378.25,531169.65 181378.45,531169.8 181376.95,531170.3 181377.0,531170.397 181375.548,531170.4 181375.5,531171.063 181370.909,531190.93 181373.096,531191.45 181368.2,531210.1 181370.25,531210.207 181369.333,531191.57 181367.155,531193.0 181354.7,531192.1 181354.5,531189.9 181354.05,531183.55 181352.8,531174.15 181350.84,531172.55 181347.3,531174.45 181339.15,531171.3 181338.35,531175.75 181325.5,531176.15 181323.7,531178.2 181310.9,531178.6 181307.35,531178.9 181304.8,531184.2 181306.05,531187.1 181306.7,531189.25 181307.25,531218.4 181314.4,531221.2 181315.1,531223.6 181316.3,531226.4 181317.65,531226.9 181317.85,531227.45 181318.1,531228.05 181318.4,531228.6 181318.65,531229.25 181318.95,531229.85 181319.25,531231.25 181320.15,531231.5 181320.3,531231.75 181320.5,531232.15 181320.75,531232.5 181320.95,531233.05 181321.1,531233.55 181321.15,531237.35 181322.05,531236.103 181327.695,531275.246 181338.504,531287.089 181338.031,531283.795 181320.969,531276.811 181294.113,531270.702 181271.449,531267.839 181258.469,531267.545 181254.035,531266.982 181245.203,531267.176 181223.799,531268.796 181208.766,531262.35 181206.95,531260.35 181206.2,531259.45 181205.85,531252.85 181203.35,531252.15 181202.9,531249.8 181201.55,531249.55 181201.4,531246.0 181197.85,531244.1 181195.65,531241.6 181194.0,531242.45 181192.55,531239.75 181189.75,531239.65 181189.69,531238.45 181191.8,531235.3 181189.8,531234.95 181189.55,531233.3 181192.2,531215.3 181182.95,531214.75 181182.7,531214.584 181182.633,531214.12 181182.445,531209.072 181180.405,531209.503 181176.978,531210.2 181171.8,531210.4 181169.95,531204.1 181168.85,531203.6 181171.4,531198.2 181170.25,531189.45 181168.35,531186.15 181167.65,531179.7 181166.25,531172.05 181164.6,531171.25 181168.15,531166.85 181167.15,531161.327 181165.882,531161.322 181165.878,531161.321 181165.881,531160.993 181167.409,531160.65 181169.0,531157.1 181185.95,531152.65 181205.75,531150.4 181217.15,531147.8 181227.9,531140.65 181255.95,531135.05 181275.75,531131.4 181288.85,531130.65 181291.15,531124.3 181310.5,531123.2 181313.6,531122.25 181316.05,531117.0 181329.85,531110.25 181347.1,531105.15 181359.15,531098.45 181374.25,531094.55 181382.55,531090.95 181389.8,531089.76 181392.3,531085.6 181401.05,531083.6 181404.75,531082.1 181407.5,531075.25 181419.45,531064.95 181435.75,531056.45 181449.45,531046.2 181465.6,531037.75 181478.4,531026.35 181496.35,531023.98 181500.0,531019.51 181506.89,531017.27 181510.31,531007.66 181524.99,531000.0 181537.24,530986.91 181558.18,530978.55 181571.64,530975.62 181576.79,530973.63 181580.98,530972.28 181584.73,530971.12 181589.29,530970.2 181593.71,530968.68 181601.83,530967.22 181612.05)))",Conservation_Areas,639734,Chancery Lane
"MULTIPOLYGON (((532141.645 181441.314,532143.341 181459.505,532156.1 181458.45,532157.0 181458.55,532158.35 181458.75,532170.1 181460.25,532174.52 181460.82,532175.95 181461.0,532177.5 181461.2,532178.5 181461.3,532179.9 181461.45,532187.9 181462.1,532190.5 181462.35,532190.95 181462.4,532195.05 181462.8,532200.25 181463.35,532200.55 181463.4,532202.25 181463.65,532203.12 181463.77,532205.59 181464.05,532206.66 181464.17,532209.45 181464.45,532209.9 181464.5,532210.95 181464.5,532218.7 181464.5,532221.1 181464.7,532225.151 181463.703,532214.518 181426.973,532220.81 181424.96,532220.72 181424.66,532231.57 181421.16,532231.7 181421.56,532242.48 181418.25,532242.4 181417.99,532253.36 181414.76,532253.38 181414.84,532254.7 181414.7,532259.293 181413.51,532252 181385,532260.919 181382.213,532261.212 181359.701,532259.441 181342.411,532245.787 181343.878,532246.303 181339.555,532246.079 181337.54,532245.184 181334.719,532244.199 181332.75,532241.603 181331.586,532229.425 181332.257,532229.15 181330.55,532229.1 181330.15,532227.28 181318.34,532227.54 181308.1,532219.49 181307.8,532217.85 181306.05,532218.2 181295.0,532220.2 181293.65,532224.75 181293.65,532224.8 181291.7,532225.1 181284.9,532222.15 181285.05,532217.2 181285.35,532217.0 181285.4,532212.7 181285.9,532211.4 181278.8,532216.3 181278.65,532215.15 181270.1,532213.8 181260.4,532203.05 181262.05,532200.45 181262.5,532200.3 181261.9,532200.0 181261.95,532198.95 181262.25,532198.0 181262.35,532197.05 181262.5,532196.55 181262.55,532196.0 181262.6,532195.65 181262.65,532194.9 181262.65,532194.55 181262.6,532193.7 181262.65,532192.8 181262.7,532191.55 181262.75,532190.15 181262.8,532183.256 181268.718,532183.3 181276.2,532183.3 181280.55,532183.429 181302.432,532183.8 181323.85,532184.859 181330.867,532186.374 181337.81,532188.268 181344.585,532189.55 181349.23,532191.13 181354.92,532192.41 181359.5,532192.38 181359.66,532192.37 181359.69,532192.36 181359.7,532192.35 181359.73,532192.33 181359.75,532192.32 181359.77,532192.3 181359.79,532192.28 181359.8,532192.25 181359.83,532192.23 181359.83,532192.22 181359.84,532192.2 181359.85,532192.17 181359.86,532192.14 181359.86,532192.12 181359.87,532192.09 181359.87,532192.08 181359.88,532192.04 181359.88,532191.95 181359.89,532191.92 181359.89,532191.88 181359.88,532191.84 181359.88,532191.8 181359.87,532191.77 181359.86,532191.69 181359.84,532191.66 181359.82,532191.5 181359.78,532191.47 181359.77,532191.43 181359.76,532191.39 181359.76,532191.12 181359.74,532190.97 181359.74,532190.9 181359.75,532190.69 181359.76,532190.41 181359.8,532190.06 181359.87,532189.87 181359.92,532189.68 181359.98,532189.3 181360.12,532189.11 181360.2,532188.92 181360.27,532187.99 181360.65,532187.45 181360.91,532186.92 181361.19,532186.59 181361.42,532186.32 181361.62,532186.05 181361.84,532185.79 181362.07,532185.54 181362.3,532185.31 181362.56,532185.07 181362.82,532184.85 181363.1,532184.64 181363.38,532184.45 181363.67,532184.26 181363.98,532184.08 181364.29,532183.91 181364.6,532183.76 181364.93,532183.62 181365.26,532183.49 181365.59,532183.38 181365.94,532183.27 181366.28,532183.19 181366.62,532183.11 181366.97,532183.05 181367.32,532183.0 181367.68,532182.97 181368.02,532182.95 181368.38,532182.95 181368.72,532182.96 181369.07,532182.99 181369.42,532183.03 181369.76,532183.08 181370.08,532183.19 181370.6,532183.28 181370.91,532183.38 181371.23,532183.64 181371.87,532183.79 181372.18,532183.95 181372.49,532184.13 181372.79,532184.32 181373.08,532184.52 181373.38,532184.74 181373.66,532184.96 181373.93,532185.2 181374.2,532185.45 181374.46,532185.71 181374.7,532185.98 181374.95,532186.25 181375.17,532186.54 181375.39,532186.83 181375.6,532187.13 181375.79,532187.44 181375.97,532187.75 181376.14,532188.07 181376.3,532188.39 181376.44,532188.72 181376.57,532189.05 181376.68,532189.38 181376.78,532189.72 181376.87,532190.05 181376.94,532190.37 181376.99,532191.02 181377.06,532193.43 181376.55,532193.68 181376.49,532193.92 181376.42,532194.17 181376.33,532194.52 181376.19,532194.78 181376.07,532195.28 181375.8,532195.31 181375.77,532195.39 181375.72,532195.42 181375.69,532195.49 181375.63,532195.56 181375.58,532195.63 181375.52,532195.75 181375.46,532195.82 181375.43,532195.84 181375.43,532195.88 181375.41,532195.9 181375.41,532195.92 181375.4,532195.96 181375.4,532195.98 181375.39,532196.0 181375.39,532196.02 181375.4,532196.04 181375.4,532196.12 181375.44,532196.25 181375.58,532196.58 181376.89,532200.5 181392.85,532200.62 181393.21,532200.72 181393.57,532200.8 181393.93,532200.87 181394.3,532200.951 181394.864,532203.275 181403.878,532183.805 181414.991,532181.746 181416.155,532177.448 181418.931,532174.135 181421.214,532165.763 181425.78,532156.585 181431.063,532153.496 181432.899,532146.557 181437.823,532141.645 181441.314)))",Conservation_Areas,639735,Foster Lane
"MULTIPOLYGON (((533060.45 181589.6,533060.85 181591.4,533062.417 181599.286,533103.866 181589.784,533104.262 181589.715,533105.357 181592.085,533121.906 181629.325,533128.25 181627.25,533153.45 181619.35,533175.1 181612.65,533175.4 181613.5,533189.45 181609.05,533207.35 181603.35,533214.1 181601.2,533216.0 181600.35,533218.5 181599.25,533219.8 181598.75,533240.1 181591.15,533240.65 181590.95,533247.1 181588.55,533259.6 181583.85,533260.3 181583.6,533263.3 181582.45,533269.159 181580.09,533269.836 181579.832,533275.946 181577.501,533279.139 181583.661,533284.765 181594.311,533302.363 181621.764,533315.769 181642.132,533324.258 181659.14,533329.946 181673.061,533334.475 181684.713,533335.157 181686.573,533338.154 181695.291,533341.241 181704.892,533348.102 181730.575,533351.25 181744.17,533351.275 181744.142,533351.27 181744.17,533389.37 181749.71,533423.09 181754.25,533442.08 181756.8,533443.78 181716.35,533444.53 181705.74,533437.27 181704.06,533437.94 181701.95,533438.55 181700.05,533446.3 181686.8,533453.25 181675.45,533454.05 181674.4,533455.8 181672.4,533461.6 181666.0,533464.05 181663.05,533464.35 181662.7,533464.85 181662.15,533465.45 181661.25,533465.65 181660.85,533465.9 181660.4,533466.9 181658.7,533467.45 181657.65,533467.85 181656.65,533468.4 181655.2,533470.1 181650.55,533472.5 181643.9,533475.6 181635.2,533478.05 181628.35,533480.85 181621.05,533483.35 181613.95,533483.62 181613.21,533485.8 181607.1,533488.45 181600.15,533491.1 181593.15,533493.75 181585.7,533494.9 181582.55,533495.05 181582.139,533486.1 181583.45,533480.65 181584.4,533475.0 181585.5,533467.5 181587.15,533461.2 181588.4,533458.6 181589.0,533453.7 181590.05,533451.75 181590.4,533450.2 181590.35,533449.6 181589.55,533449.85 181589.35,533441.8 181579.1,533441.65 181579.25,533440.65 181578.05,533440.7 181576.3,533441.4 181575.75,533439.65 181573.45,533439.8 181571.8,533438.05 181569.35,533432.65 181571.15,533421.05 181575.1,533420.5 181575.3,533409.35 181579.25,533406.9 181573.25,533407.3 181573.05,533406.3 181570.5,533405.15 181567.45,533403.85 181564.05,533402.3 181560.1,533401.05 181556.8,533399.45 181552.7,533398.5 181549.95,533397.2 181546.85,533395.5 181542.35,533393.3 181536.6,533392.95 181536.75,533392.55 181535.65,533391.15 181531.95,533390.9 181531.25,533389.137 181526.413,533386.342 181518.659,533387.5 181518.2,533384.15 181510.8,533380.2 181502.05,533380.0 181501.6,533379.2 181500.0,533372.8 181484.7,533370.0 181479.65,533367.05 181473.0,533365.827 181470.253,533362.876 181464.147,533361.394 181461.101,533358.87 181462.5,533357.65 181460.32,533357.13 181460.61,533354.02 181455.01,533354.54 181454.72,533352.35 181450.79,533349.77 181452.22,533346.85 181447.04,533345.48 181447.78,533341.64 181440.77,533340.14 181441.58,533337.44 181436.67,533335.37 181432.9,533329.896 181427.16,533328.596 181428.193,533301.887 181447.647,533272.752 181467.177,533253.121 181480.337,533233.396 181494.077,533210.762 181446.073,533196.45 181448.95,533189.9 181450.1,533174.83 181452.75,533151.0 181456.95,533144.1 181458.25,533139.05 181459.2,533140.1 181465.5,533140.7 181465.4,533141.9 181471.15,533144.95 181486.15,533145.65 181489.477,533152.088 181487.899,533152.85 181491.55,533156.4 181490.7,533157.65 181501.9,533157.85 181503.6,533158.55 181509.1,533158.9 181512.0,533159.65 181517.25,533160.05 181520.5,533157.45 181521.15,533158.15 181524.9,533159.05 181530.45,533159.63 181533.635,533124.1 181542.51,533121.0 181543.3,533118.6 181543.9,533110.3 181546.05,533108.8 181546.4,533108.4 181545.2,533097.75 181547.5,533091.877 181548.841,533093.652 181555.604,533090.2 181556.75,533089.08 181557.0,533088.0 181557.25,533077.1 181559.35,533078.0 181563.55,533078.5 181565.95,533078.85 181567.7,533078.88 181567.84,533080.09 181574.04,533080.1 181574.1,533080.65 181576.94,533080.85 181578.0,533080.32 181578.12,533078.81 181578.47,533078.7 181578.5,533072.09 181580.14,533072.05 181580.15,533071.85 181580.2,533067.35 181581.25,533067.6 181582.45,533060.45 181589.6)))",Conservation_Areas,639736,Bishopsgate
"MULTIPOLYGON (((532324.529 181191.959,532337.222 181188.989,532427.131 181167.95,532463.993 181159.3,532472.382 181157.331,532466.131 181091.685,532462.335 181046.24,532453.372 180991.02,532449.543 180970.787,532376.401 180993.234,532276.801 181022.404,532287.445 181058.386,532299.958 181106.123,532318.317 181180.429,532320.846 181192.821,532324.529 181191.959)))",Conservation_Areas,639737,Bow Lane
"MULTIPOLYGON (((531698.55 181056.35,531699.75 181056.35,531709.84 181053.93,531714.96 181052.67,531718.82 181066.06,531719.01 181066.15,531721.06 181067.33,531722.44 181068.14,531723.34 181068.72,531724.3 181069.47,531725.22 181070.27,531725.56 181070.57,531725.89 181070.88,531726.23 181071.19,531726.54 181071.51,531727.44 181072.54,531728.45 181073.81,531729.54 181075.23,531732.95 181081.83,531747.27 181102.1,531747.43 181102.37,531747.58 181102.65,531747.72 181102.94,531747.88 181103.26,531747.99 181103.6,531748.02 181103.73,531748.05 181103.87,531749.6 181108.52,531750.48 181111.86,531752.45 181119.31,531752.51 181119.7,531752.53 181119.91,531752.54 181120.12,531752.54 181120.33,531752.53 181120.54,531752.52 181120.75,531752.49 181120.96,531752.46 181121.17,531752.42 181121.37,531752.37 181121.57,531752.31 181121.78,531752.25 181121.98,531752.17 181122.17,531752.01 181122.53,531751.91 181122.72,531751.81 181122.9,531751.7 181123.08,531751.58 181123.25,531751.45 181123.42,531751.32 181123.58,531751.18 181123.74,531751.03 181123.89,531750.88 181124.03,531750.72 181124.17,531750.56 181124.3,531750.39 181124.42,531750.22 181124.54,531750.04 181124.65,531749.85 181124.75,531749.62 181124.86,531749.43 181124.94,531749.24 181125.02,531749.05 181125.09,531748.86 181125.15,531748.66 181125.2,531748.46 181125.24,531748.26 181125.28,531748.06 181125.31,531747.86 181125.33,531747.65 181125.34,531747.45 181125.34,531747.25 181125.34,531747.05 181125.32,531746.85 181125.29,531746.842 181125.289,531739.635 181124.918,531741.29 181133.26,531741.31 181133.39,531741.32 181133.51,531741.62 181134.82,531741.91 181136.14,531742.2 181137.45,531742.5 181138.76,531742.78 181140.08,531743.07 181141.39,531743.35 181142.71,531743.62 181144.03,531743.88 181145.35,531744.13 181146.67,531748.002 181162.602,531760.859 181159.74,531766.134 181197.821,531770.683 181238.014,531774.87 181270.448,531780.7 181269.55,531781.35 181269.45,531806.55 181265.05,531811.5 181265.8,531819.3 181266.0,531819.85 181266.16,531834.0 181266.4,531863.95 181267.05,531864.25 181258.05,531862.8 181258.0,531862.9 181255.75,531877.6 181255.75,531885.578 181255.711,531887.824 181225.074,531887.907 181215.959,531885.324 181196.769,531883.968 181189.627,531883.598 181187.207,531883.43 181185.355,531883.654 181182.045,531884.994 181172.5,531888.02 181146.288,531901.06 181146.38,531901.36 181146.38,531901.67 181146.39,531901.97 181146.42,531906.98 181147.07,531907.32 181147.14,531907.66 181147.22,531908.0 181147.32,531908.33 181147.43,531908.65 181147.56,531908.97 181147.7,531909.29 181147.85,531909.68 181148.06,531909.98 181148.24,531910.27 181148.43,531910.55 181148.64,531910.83 181148.85,531911.09 181149.08,531911.35 181149.31,531911.66 181149.63,531913.75 181152.32,531915.63 181154.76,531917.18 181156.63,531918.75 181158.46,531920.38 181160.26,531922.7 181162.56,531924.51 181164.17,531926.38 181165.7,531928.32 181167.16,531931.02 181169.0,531936.895 181172.355,531938.94 181173.34,531941.69 181174.51,531943.98 181175.37,531946.73 181176.26,531952.09 181177.52,531957.95 181178.48,531962.12 181179.06,531962.1 181179.19,531963.62 181179.4,531963.6 181179.56,531964.21 181179.64,531963.68 181183.67,531962.81 181190.21,531962.11 181195.5,531960.35 181208.72,531985.003 181211.921,531985.507 181207.98,531991.19 181209.17,532000.0 181210.38,532011.39 181211.94,532023.91 181213.53,532024.72 181207.13,532024.77 181206.73,532028.03 181207.14,532031.12 181207.53,532043.32 181209.08,532048.619 181209.771,532098.36 181216.26,532102.133 181216.466,532112.553 181217.925,532117.192 181217.888,532130.369 181217.875,532141.502 181216.886,532152.413 181215.624,532152.504 181213.007,532152.575 181210.756,532153.223 181204.688,532153.4 181203.191,532154.531 181198.926,532157.112 181192.68,532158.613 181190.414,532161.62 181186.029,532162.673 181184.425,532165.955 181180.516,532167.133 181178.987,532174.851 181169.615,532179.592 181161.413,532183.597 181154.605,532184.99 181152.25,532189.145 181141.238,532191.563 181129.929,532193.039 181122.038,532193.374 181103.099,532192.013 181084.445,532190.216 181067.702,532189.575 181060.388,532180.786 181037.422,532154.74 181040.373,532131.197 181043.196,532000.985 181050.791,531928.015 181054.178,531918.417 181054.915,531902.191 181056.935,531901.181 181043.918,531901.414 181021.743,531902.179 180999.518,531905.091 180967.984,531906.84 180967.972,531906.9 180967.15,531906.55 180958.65,531906.226 180948.011,531866.162 180950.904,531843.864 180952.417,531816.854 180953.977,531817.7 180960.95,531818.76 180967.71,531820.43 180980.62,531820.88 180983.39,531821.25 180985.11,531821.69 180986.8,531822.19 180988.48,531822.77 180990.14,531823.41 180991.77,531824.42 180994.01,531825.22 180995.57,531826.08 180997.1,531827.0 180998.59,531827.95 181000.0,531827.98 181000.05,531828.71 181001.04,531829.02 181001.46,531830.11 181002.83,531831.26 181004.16,531832.46 181005.43,531833.71 181006.66,531838.5 181011.85,531832.89 181015.48,531832.51 181015.72,531831.15 181016.6,531831.9 181021.05,531831.894 181021.051,531781.07 181025.61,531771.8 181026.44,531772.3 181013.17,531771.7 181013.15,531763.91 181012.86,531717.89 181011.14,531701.981 181010.506,531701.7 181013.9,531700.55 181025.9,531698.9 181043.45,531698.85 181044.0,531698.85 181044.45,531698.8 181047.95,531698.75 181050.7,531698.75 181053.37,531698.55 181056.35)))",Conservation_Areas,639738,St Paul's Cathedral
"MULTIPOLYGON (((531800.879 181426.48,531800.95 181426.684,531803.699 181433.355,531808.144 181446.69,531811.986 181458.367,531813.986 181465.999,531815.483 181473.243,531823.85 181470.4,531832.1 181467.6,531834.0 181466.97,531837.05 181465.95,531837.69 181465.73,531849.15 181461.8,531852.4 181460.75,531859.4 181458.3,531859.55 181458.25,531865.8 181456.15,531869.2 181455.0,531898.95 181457.0,531904.95 181457.4,531906.1 181457.5,531908.25 181457.65,531919.1 181458.35,531919.9 181458.4,531927.7 181458.95,531944.65 181460.05,531956.6 181460.9,531961.1 181461.2,531985.55 181462.85,531994.85 181463.5,532000.0 181463.85,532002.8 181464.15,532010.95 181464.8,532015.65 181465.2,532015.95 181465.2,532020.25 181465.55,532028.569 181465.979,532026.778 181494.348,532025.431 181505.931,532032.1 181508.75,532035.3 181510.2,532045.6 181514.75,532044.2 181519.05,532051.41 181525.4,532058.46 181517.89,532058.7 181517.23,532058.51 181517.16,532058.98 181515.85,532064.74 181517.93,532065.17 181518.09,532066.31 181515.51,532069.85 181517.08,532071.14 181514.16,532073.0 181514.98,532080.1 181517.59,532079.5 181519.22,532083.13 181520.56,532085.29 181521.35,532084.91 181522.38,532088.92 181523.85,532088.67 181524.55,532094.38 181526.65,532095.08 181524.74,532099.79 181526.47,532103.1 181515.8,532112.734 181516.751,532147.947 181516.845,532145.614 181482.784,532145.3 181478.925,532143.341 181459.505,532141.645 181441.314,532139.895 181417.48,532138.751 181400.897,532138.492 181397.135,532085.354 181402.513,532029.265 181407.56,532028.603 181402.625,532027.692 181394.908,532027.398 181386.296,532025.819 181353.374,532025.178 181351.814,532024.046 181350.258,532022.027 181348.248,532019.626 181346.827,532016.747 181345.847,532003.044 181344.318,531982.121 181341.578,531978.693 181341.182,531975.71 181340.981,531972.151 181341.246,531968.911 181341.592,531965.405 181342.256,531960.757 181343.929,531941.978 181350.356,531934.993 181352.773,531926.202 181356.04,531915.285 181360.131,531907.53 181362.973,531900.351 181365.654,531872.049 181377.151,531874.9 181384.15,531875.05 181384.45,531875.7 181386.15,531878.648 181393.3,531873.64 181395.19,531871.21 181396.15,531866.05 181398.17,531864.51 181398.78,531862.46 181399.58,531860.99 181400.16,531855.74 181402.22,531849.31 181404.74,531844.44 181406.65,531838.8 181408.86,531834.26 181410.64,531829.1 181412.67,531818.88 181416.67,531819.89 181419.5,531814.9 181421.28,531809.4 181423.25,531809.384 181423.256,531800.879 181426.48)))",Conservation_Areas,639739,Postman's Park
