conservation-area,documentation-url,end-date,entry-date,geometry,name,organisation,reference,start-date,slug
,,,2020-09-05,"MULTIPOLYGON (((-2.144295 50.675820,-2.144200 50.675798,-2.144632 50.674899,-2.144937 50.674647,-2.144871 50.674615,-2.145048 50.674464,-2.144765 50.674313,-2.144374 50.673968,-2.143962 50.673659,-2.143810 50.673580,-2.142898 50.673629,-2.141696 50.673181,-2.141377 50.673039,-2.141212 50.672927,-2.140967 50.672902,-2.140855 50.672694,-2.140565 50.672392,-2.140551 50.672257,-2.140705 50.671863,-2.140553 50.671371,-2.140518 50.671146,-2.138652 50.670810,-2.138595 50.670740,-2.138610 50.670505,-2.138817 50.670621,-2.139179 50.670675,-2.139789 50.670601,-2.140312 50.670578,-2.140861 50.670601,-2.141366 50.670563,-2.141696 50.670626,-2.142312 50.670616,-2.143171 50.670772,-2.144298 50.670884,-2.144378 50.670885,-2.144487 50.670829,-2.144694 50.670880,-2.145480 50.670907,-2.145511 50.670939,-2.148401 50.671108,-2.150362 50.671070,-2.151127 50.670979,-2.151562 50.671101,-2.152959 50.671088,-2.153001 50.671336,-2.152505 50.672332,-2.152410 50.672313,-2.152407 50.672413,-2.152027 50.673274,-2.151991 50.673468,-2.151951 50.673488,-2.151972 50.673745,-2.151868 50.674665,-2.151780 50.674659,-2.151372 50.676353,-2.151410 50.676401,-2.151369 50.676573,-2.151432 50.676679,-2.151266 50.676761,-2.150801 50.677525,-2.149619 50.677206,-2.148745 50.677037,-2.146247 50.676466,-2.146013 50.676397,-2.145803 50.676239,-2.145295 50.676186,-2.145341 50.676076,-2.144295 50.675820)))",EAST HOLME CONSERVATION AREA,local-authority-eng:PUR,,,
,,,2020-09-05,"MULTIPOLYGON (((-2.096323 50.645194,-2.096332 50.645119,-2.096286 50.645104,-2.096593 50.644457,-2.096648 50.644088,-2.096819 50.643567,-2.096815 50.643120,-2.096756 50.642887,-2.096809 50.642672,-2.096611 50.642448,-2.096396 50.642106,-2.096440 50.642087,-2.096187 50.641599,-2.096150 50.641461,-2.096198 50.641159,-2.096552 50.640604,-2.100622 50.640230,-2.102411 50.639666,-2.104907 50.639287,-2.111228 50.637813,-2.111157 50.638035,-2.111126 50.638299,-2.111158 50.638411,-2.111253 50.638558,-2.111377 50.638650,-2.111601 50.638722,-2.111866 50.638904,-2.112052 50.639070,-2.112125 50.639177,-2.112128 50.639259,-2.112454 50.639273,-2.112311 50.639867,-2.112768 50.640201,-2.113099 50.640504,-2.114203 50.641782,-2.114629 50.642201,-2.114746 50.642263,-2.115232 50.642757,-2.114603 50.642914,-2.114550 50.643029,-2.114550 50.643219,-2.114594 50.643417,-2.114512 50.643472,-2.114416 50.643478,-2.114257 50.643349,-2.114126 50.643332,-2.113881 50.643366,-2.113789 50.643458,-2.113689 50.643715,-2.113626 50.643790,-2.113434 50.643833,-2.113318 50.643820,-2.113096 50.643711,-2.112825 50.643380,-2.112284 50.642940,-2.112080 50.642856,-2.111818 50.642964,-2.111494 50.642935,-2.111175 50.642654,-2.111029 50.642594,-2.110725 50.642715,-2.110644 50.642714,-2.110551 50.642781,-2.110220 50.642695,-2.109413 50.642631,-2.109181 50.642616,-2.109116 50.642692,-2.109008 50.642734,-2.108817 50.642733,-2.108650 50.642651,-2.108380 50.642807,-2.107864 50.642819,-2.107271 50.643696,-2.107433 50.643884,-2.107428 50.644053,-2.107184 50.644137,-2.106674 50.643939,-2.106350 50.644336,-2.105501 50.644608,-2.104980 50.644736,-2.104539 50.644726,-2.103860 50.644871,-2.103588 50.644787,-2.103169 50.644760,-2.102947 50.644851,-2.103003 50.644966,-2.102925 50.644971,-2.102781 50.645070,-2.102514 50.645122,-2.102382 50.645082,-2.102072 50.644907,-2.101879 50.644847,-2.101707 50.644821,-2.101448 50.644853,-2.101350 50.644837,-2.099845 50.644100,-2.098767 50.644504,-2.096859 50.645084,-2.096323 50.645194)))",EAST CREECH CONSERVATION AREA,local-authority-eng:PUR,,,
,,,2020-09-05,"MULTIPOLYGON (((-1.962863 50.606835,-1.962501 50.606753,-1.962466 50.606525,-1.961756 50.606516,-1.961748 50.606453,-1.961170 50.606466,-1.961064 50.606366,-1.960945 50.606367,-1.960937 50.606699,-1.960878 50.606699,-1.960879 50.606728,-1.960938 50.606728,-1.960949 50.606803,-1.960688 50.606803,-1.958965 50.606955,-1.958820 50.606910,-1.958620 50.606902,-1.958520 50.605600,-1.957360 50.605585,-1.956232 50.605366,-1.956263 50.605646,-1.956211 50.605701,-1.954615 50.604787,-1.954266 50.604900,-1.954007 50.604888,-1.953950 50.604826,-1.953260 50.604923,-1.953032 50.604613,-1.952779 50.604081,-1.952545 50.603425,-1.952184 50.603463,-1.952130 50.603240,-1.951344 50.603193,-1.951149 50.603348,-1.951037 50.603576,-1.950709 50.603959,-1.950723 50.603943,-1.950506 50.604312,-1.950195 50.604571,-1.949946 50.604856,-1.949601 50.605101,-1.949174 50.605308,-1.948679 50.605420,-1.948367 50.605527,-1.948071 50.605701,-1.947701 50.605821,-1.946712 50.606299,-1.945560 50.606593,-1.945166 50.606657,-1.944914 50.606741,-1.944954 50.606728,-1.944873 50.606763,-1.944747 50.606852,-1.944834 50.606792,-1.944207 50.607296,-1.944128 50.607411,-1.944129 50.607463,-1.944187 50.607568,-1.944267 50.607598,-1.945343 50.607546,-1.945528 50.607565,-1.945643 50.607511,-1.946300 50.607414,-1.946876 50.607570,-1.946920 50.607475,-1.948061 50.607667,-1.949461 50.607493,-1.949830 50.607498,-1.950049 50.607525,-1.950334 50.607632,-1.950678 50.607819,-1.950948 50.608016,-1.950716 50.608156,-1.950834 50.608237,-1.950862 50.608223,-1.950790 50.608447,-1.950370 50.608997,-1.949946 50.609108,-1.949856 50.609073,-1.949496 50.609174,-1.949494 50.609235,-1.949188 50.609333,-1.949237 50.609402,-1.949541 50.609324,-1.949631 50.609363,-1.949991 50.609262,-1.950007 50.609197,-1.950461 50.609057,-1.950561 50.608924,-1.950661 50.608909,-1.950778 50.608761,-1.950733 50.608700,-1.950912 50.608465,-1.951018 50.608131,-1.951326 50.607899,-1.951289 50.607869,-1.951848 50.607572,-1.952268 50.607466,-1.952545 50.607448,-1.952877 50.607484,-1.953360 50.607792,-1.954031 50.608078,-1.954036 50.608302,-1.954063 50.608323,-1.954135 50.608300,-1.954129 50.608086,-1.954309 50.608083,-1.955234 50.608214,-1.955572 50.608307,-1.955640 50.608388,-1.955802 50.608468,-1.955937 50.608641,-1.956014 50.608619,-1.956718 50.609574,-1.956877 50.609537,-1.957304 50.610398,-1.957820 50.611960,-1.959081 50.611867,-1.959063 50.611653,-1.958986 50.611634,-1.958882 50.610604,-1.959020 50.610563,-1.959531 50.610542,-1.959686 50.610640,-1.962241 50.610579,-1.962502 50.610617,-1.962527 50.611032,-1.962747 50.611095,-1.962907 50.611061,-1.963739 50.611022,-1.962903 50.611062,-1.963186 50.611050,-1.963739 50.611022,-1.964070 50.611011,-1.964430 50.610725,-1.964608 50.610486,-1.964716 50.610217,-1.964661 50.609900,-1.963807 50.609836,-1.963890 50.609393,-1.964026 50.609308,-1.964080 50.609045,-1.964318 50.608943,-1.964339 50.608384,-1.964784 50.608449,-1.965078 50.608390,-1.965150 50.608344,-1.965565 50.608362,-1.965549 50.608432,-1.966347 50.608554,-1.966263 50.608738,-1.966804 50.608827,-1.967023 50.608647,-1.967161 50.608575,-1.967427 50.608536,-1.967766 50.608563,-1.967900 50.608409,-1.967443 50.608272,-1.967486 50.608201,-1.967128 50.608146,-1.967102 50.608215,-1.966838 50.608170,-1.966801 50.608148,-1.966815 50.608094,-1.966702 50.608095,-1.966710 50.608018,-1.966006 50.608030,-1.965857 50.608057,-1.966057 50.607817,-1.966175 50.607586,-1.966194 50.607392,-1.966145 50.607354,-1.965712 50.607263,-1.965716 50.607670,-1.965548 50.607666,-1.965545 50.607714,-1.965602 50.607716,-1.965578 50.607801,-1.965383 50.607789,-1.965376 50.607828,-1.965177 50.607816,-1.965182 50.607775,-1.964619 50.607780,-1.964663 50.607607,-1.963569 50.607519,-1.963403 50.607401,-1.963146 50.607385,-1.963115 50.607128,-1.962941 50.607135,-1.962928 50.606850,-1.962863 50.606835)))",SWANAGE CONSERVATION AREA,local-authority-eng:PUR,,,
,,,2020-09-05,"MULTIPOLYGON (((-1.976703 50.610898,-1.975828 50.610885,-1.975837 50.610580,-1.976019 50.610508,-1.976043 50.610312,-1.976010 50.609531,-1.975738 50.609465,-1.975637 50.609384,-1.975851 50.609297,-1.975839 50.609230,-1.975716 50.609075,-1.975862 50.609086,-1.975883 50.608943,-1.976067 50.608922,-1.976081 50.608746,-1.976009 50.608747,-1.976040 50.608520,-1.976203 50.608552,-1.976259 50.608504,-1.976104 50.608074,-1.976119 50.607552,-1.976098 50.607520,-1.976333 50.607475,-1.976651 50.607508,-1.976629 50.607946,-1.976653 50.608148,-1.976858 50.608145,-1.976984 50.608324,-1.976978 50.608400,-1.977736 50.608637,-1.977819 50.608623,-1.978175 50.608717,-1.978194 50.608737,-1.978169 50.608775,-1.978056 50.608772,-1.978028 50.608797,-1.977964 50.608917,-1.978078 50.608933,-1.978042 50.609082,-1.978290 50.609126,-1.978836 50.609146,-1.978735 50.609628,-1.978731 50.609818,-1.978945 50.609840,-1.978937 50.609919,-1.979183 50.609936,-1.979673 50.609907,-1.981137 50.609760,-1.981220 50.609747,-1.981274 50.609699,-1.981548 50.609732,-1.981484 50.610289,-1.978274 50.610595,-1.977632 50.610805,-1.977023 50.611087,-1.976703 50.610898)))",HERSTON CONSERVATION AREA,local-authority-eng:PUR,,,
,,,2020-09-05,"MULTIPOLYGON (((-2.112617 50.690036,-2.112437 50.690069,-2.111884 50.690308,-2.111039 50.690356,-2.110092 50.690493,-2.109470 50.690754,-2.109280 50.690977,-2.109145 50.691042,-2.108585 50.691174,-2.108104 50.691209,-2.108084 50.691130,-2.108123 50.690887,-2.107642 50.690561,-2.106607 50.689994,-2.106919 50.689948,-2.106923 50.689747,-2.106743 50.689492,-2.106664 50.689308,-2.105725 50.687904,-2.105318 50.687061,-2.105260 50.686503,-2.105123 50.686022,-2.105124 50.685372,-2.105041 50.684869,-2.104979 50.684705,-2.105134 50.683560,-2.106330 50.683608,-2.106956 50.683582,-2.107364 50.683600,-2.108651 50.683770,-2.109341 50.684034,-2.109677 50.684048,-2.110148 50.684131,-2.110465 50.684082,-2.110576 50.684014,-2.111344 50.683715,-2.111521 50.683528,-2.111883 50.683272,-2.112238 50.682888,-2.112849 50.683407,-2.114017 50.684945,-2.113774 50.685015,-2.113808 50.685149,-2.113955 50.685269,-2.114445 50.685806,-2.114606 50.685879,-2.115237 50.686564,-2.115808 50.686901,-2.115831 50.686972,-2.115692 50.687034,-2.115675 50.687087,-2.115958 50.687471,-2.116306 50.687723,-2.116411 50.687766,-2.116456 50.687828,-2.116448 50.688285,-2.116220 50.688358,-2.115827 50.688418,-2.115066 50.688410,-2.114126 50.688781,-2.113417 50.688963,-2.113242 50.689064,-2.113147 50.689164,-2.112973 50.689247,-2.112838 50.689544,-2.112881 50.689818,-2.112835 50.689934,-2.112617 50.690036)))",WAREHAM CONSERVATION AREA,local-authority-eng:PUR,,,
,,,2020-09-05,"MULTIPOLYGON (((-2.058756 50.734986,-2.058676 50.734926,-2.058233 50.735036,-2.058129 50.734916,-2.057937 50.734925,-2.057891 50.734887,-2.057363 50.735263,-2.057248 50.735377,-2.056533 50.735651,-2.056059 50.735534,-2.055854 50.735553,-2.055757 50.736023,-2.056303 50.735982,-2.056327 50.736078,-2.056373 50.736087,-2.056392 50.736232,-2.056263 50.736283,-2.056265 50.736371,-2.055884 50.736390,-2.055839 50.736838,-2.055621 50.737209,-2.055327 50.737856,-2.053941 50.738187,-2.052350 50.738495,-2.051302 50.738925,-2.050478 50.739366,-2.049468 50.740039,-2.049113 50.740237,-2.048767 50.740383,-2.048361 50.740879,-2.048106 50.741256,-2.047711 50.742155,-2.047662 50.742337,-2.047988 50.742459,-2.048215 50.742477,-2.049360 50.742360,-2.050290 50.742413,-2.050508 50.742439,-2.051011 50.742572,-2.051458 50.742773,-2.051996 50.743175,-2.051731 50.743256,-2.051802 50.743377,-2.051776 50.743418,-2.051958 50.743730,-2.052064 50.743733,-2.052318 50.743661,-2.052442 50.744118,-2.052663 50.744209,-2.052778 50.744201,-2.054072 50.744558,-2.055357 50.744856,-2.055654 50.744842,-2.056035 50.744711,-2.057412 50.744005,-2.059006 50.743435,-2.059202 50.743815,-2.059376 50.743815,-2.059500 50.743779,-2.059675 50.743688,-2.059684 50.743650,-2.059364 50.743308,-2.059879 50.743124,-2.059988 50.743116,-2.060058 50.743404,-2.060962 50.743399,-2.061064 50.743172,-2.061530 50.742481,-2.061728 50.742041,-2.062254 50.742108,-2.062494 50.741850,-2.062325 50.741798,-2.062328 50.741544,-2.062139 50.741354,-2.062036 50.741124,-2.062042 50.740658,-2.061967 50.740614,-2.061854 50.740102,-2.061515 50.740121,-2.061448 50.739786,-2.061293 50.739785,-2.061290 50.739661,-2.061206 50.739457,-2.061117 50.739454,-2.058299 50.736843,-2.059018 50.736532,-2.058937 50.736377,-2.058669 50.736123,-2.057817 50.735967,-2.057783 50.735824,-2.057833 50.735727,-2.058526 50.735478,-2.058281 50.735165,-2.058756 50.734986)))",LYTCHETT MINSTER CONSERVATION AREA,local-authority-eng:PUR,,,
,,,2020-09-05,"MULTIPOLYGON (((-2.223118 50.662517,-2.219932 50.662032,-2.218492 50.661754,-2.217098 50.661338,-2.216103 50.660791,-2.215716 50.661003,-2.215310 50.660995,-2.215266 50.661024,-2.215000 50.660836,-2.215122 50.660469,-2.214387 50.659605,-2.214617 50.659380,-2.214591 50.659134,-2.214836 50.659028,-2.215359 50.659016,-2.215124 50.658490,-2.214739 50.657464,-2.215469 50.657341,-2.215681 50.657342,-2.215203 50.656853,-2.215318 50.656774,-2.214854 50.655778,-2.216224 50.655477,-2.216864 50.655247,-2.217911 50.655002,-2.217841 50.654898,-2.217863 50.654665,-2.218139 50.654427,-2.218729 50.654181,-2.219177 50.654160,-2.219304 50.654189,-2.220134 50.654093,-2.221029 50.654137,-2.221501 50.654106,-2.222609 50.654133,-2.222581 50.654832,-2.222629 50.654864,-2.224890 50.654886,-2.225047 50.655557,-2.225137 50.655548,-2.225200 50.655579,-2.225416 50.655575,-2.226568 50.655399,-2.230266 50.655076,-2.230420 50.655036,-2.231083 50.655051,-2.230518 50.656165,-2.230142 50.657017,-2.230005 50.657125,-2.229921 50.657223,-2.229951 50.657264,-2.229384 50.657866,-2.228794 50.658343,-2.228689 50.658394,-2.227493 50.659296,-2.225805 50.660600,-2.225262 50.661080,-2.225180 50.661268,-2.225229 50.661480,-2.225008 50.661518,-2.224676 50.661862,-2.224304 50.662118,-2.223472 50.662482,-2.223406 50.662543,-2.223118 50.662517)))",COOMBE KEYNES CONSERVATION AREA,local-authority-eng:PUR,,,
,,,2020-09-05,"MULTIPOLYGON (((-2.255142 50.622865,-2.255193 50.623166,-2.255107 50.623135,-2.254233 50.623151,-2.254026 50.623199,-2.253764 50.623541,-2.253482 50.623450,-2.253448 50.623488,-2.253370 50.623462,-2.253371 50.623507,-2.252697 50.624084,-2.252585 50.624054,-2.252264 50.624215,-2.251957 50.624463,-2.252217 50.624854,-2.252185 50.624860,-2.252480 50.625510,-2.251869 50.625605,-2.252007 50.626197,-2.252052 50.626279,-2.252290 50.626508,-2.252504 50.626627,-2.253502 50.627079,-2.254385 50.627381,-2.254196 50.627770,-2.253097 50.627403,-2.252224 50.627247,-2.252314 50.628095,-2.251721 50.628050,-2.251753 50.627681,-2.251585 50.627512,-2.251400 50.627383,-2.250851 50.627082,-2.250519 50.627037,-2.250440 50.627348,-2.249095 50.627227,-2.249114 50.626893,-2.245959 50.627177,-2.243139 50.627869,-2.243069 50.627516,-2.242968 50.627443,-2.242937 50.627335,-2.242851 50.627229,-2.242804 50.626994,-2.242811 50.626699,-2.242926 50.626556,-2.243130 50.626392,-2.243135 50.626331,-2.243277 50.626207,-2.243385 50.626006,-2.243611 50.625783,-2.243636 50.625556,-2.243757 50.625477,-2.243762 50.625331,-2.243860 50.625119,-2.244124 50.625279,-2.244325 50.625323,-2.245011 50.625382,-2.245062 50.625365,-2.245581 50.625435,-2.246331 50.625624,-2.246868 50.625714,-2.247367 50.625744,-2.247737 50.625727,-2.248797 50.625450,-2.248802 50.625256,-2.249201 50.625033,-2.248812 50.624799,-2.249290 50.624441,-2.249145 50.624351,-2.248275 50.624280,-2.248272 50.624108,-2.248037 50.624004,-2.248050 50.623201,-2.248134 50.623131,-2.248944 50.623177,-2.250476 50.623322,-2.250983 50.622338,-2.251474 50.621754,-2.251604 50.621483,-2.251619 50.621225,-2.251546 50.620973,-2.251443 50.620853,-2.251285 50.620742,-2.250803 50.620503,-2.250627 50.620369,-2.249027 50.619862,-2.248859 50.619983,-2.248335 50.620058,-2.247596 50.620231,-2.246206 50.620334,-2.245256 50.620330,-2.243483 50.619452,-2.242714 50.619133,-2.242493 50.619007,-2.242228 50.618926,-2.241973 50.618779,-2.241785 50.618728,-2.241033 50.618406,-2.241009 50.618351,-2.240722 50.618308,-2.241391 50.616180,-2.241693 50.616245,-2.242139 50.616283,-2.242360 50.616252,-2.243410 50.616315,-2.244001 50.616418,-2.244076 50.616355,-2.244726 50.616378,-2.245018 50.616451,-2.245380 50.616479,-2.245708 50.616547,-2.246137 50.616693,-2.246124 50.616725,-2.245947 50.616711,-2.245905 50.616753,-2.245594 50.616733,-2.245042 50.616774,-2.244855 50.616912,-2.244823 50.617046,-2.244700 50.617136,-2.244675 50.617263,-2.244310 50.617492,-2.244162 50.617501,-2.243990 50.617567,-2.243906 50.617699,-2.243761 50.617788,-2.243722 50.617933,-2.243747 50.618135,-2.243880 50.618442,-2.244033 50.618598,-2.244294 50.618771,-2.245104 50.619165,-2.245488 50.619286,-2.246084 50.619414,-2.246738 50.619468,-2.247391 50.619466,-2.248294 50.619332,-2.248751 50.619199,-2.249111 50.619056,-2.249455 50.618813,-2.249688 50.618556,-2.249780 50.618398,-2.249813 50.618235,-2.249756 50.617896,-2.249538 50.617808,-2.249114 50.617703,-2.249077 50.617458,-2.249002 50.617371,-2.249030 50.617324,-2.248926 50.617305,-2.248809 50.617211,-2.248480 50.617150,-2.248453 50.617119,-2.247928 50.616957,-2.248026 50.616939,-2.248857 50.616953,-2.249189 50.617000,-2.249658 50.617015,-2.250333 50.617387,-2.250491 50.617356,-2.250788 50.617358,-2.251155 50.617498,-2.251831 50.617639,-2.252799 50.617766,-2.252969 50.617856,-2.253065 50.618012,-2.253245 50.618053,-2.253373 50.617967,-2.253417 50.617877,-2.253972 50.617957,-2.254138 50.617924,-2.254980 50.617980,-2.255044 50.617909,-2.255760 50.617926,-2.256423 50.617863,-2.256720 50.617918,-2.256804 50.618044,-2.256992 50.618133,-2.257075 50.618119,-2.257021 50.618072,-2.257019 50.618016,-2.257221 50.617983,-2.257757 50.618206,-2.258237 50.618341,-2.259238 50.619380,-2.259366 50.619552,-2.259423 50.619695,-2.258716 50.620084,-2.256449 50.620723,-2.255480 50.620663,-2.255251 50.620875,-2.255204 50.620964,-2.255125 50.622399,-2.255142 50.622865)))",WEST LULWORTH CONSERVATION AREA,local-authority-eng:PUR,,,
,,,2020-09-05,"MULTIPOLYGON (((-2.210375 50.636451,-2.209687 50.636394,-2.203848 50.635716,-2.201812 50.635335,-2.200474 50.635132,-2.199909 50.635118,-2.199370 50.635203,-2.198958 50.635365,-2.198576 50.635647,-2.197181 50.637525,-2.195893 50.639326,-2.195763 50.639289,-2.195420 50.639681,-2.195181 50.639864,-2.194913 50.640014,-2.195001 50.640101,-2.194100 50.640521,-2.193368 50.640921,-2.191645 50.641709,-2.193442 50.642289,-2.194752 50.642780,-2.194172 50.643233,-2.193947 50.643099,-2.193727 50.643167,-2.193583 50.643258,-2.193423 50.643269,-2.193270 50.643333,-2.193617 50.643618,-2.193531 50.643680,-2.193587 50.643736,-2.194723 50.643390,-2.194981 50.643744,-2.195529 50.643538,-2.195748 50.644285,-2.199648 50.642609,-2.201313 50.642094,-2.201355 50.642213,-2.201735 50.642813,-2.201885 50.642843,-2.202252 50.642637,-2.202488 50.642546,-2.203535 50.642366,-2.204025 50.642314,-2.204959 50.641983,-2.205380 50.641906,-2.205865 50.641637,-2.206066 50.641560,-2.205839 50.641330,-2.206036 50.641271,-2.205973 50.641186,-2.205914 50.641203,-2.205884 50.641164,-2.205852 50.641174,-2.205418 50.640665,-2.207212 50.640473,-2.209538 50.640166,-2.209811 50.640227,-2.210442 50.640172,-2.213934 50.639377,-2.213218 50.638012,-2.213194 50.637702,-2.213137 50.637497,-2.213144 50.636677,-2.212994 50.636564,-2.212688 50.636483,-2.212419 50.636456,-2.211506 50.636437,-2.211340 50.636472,-2.211272 50.636528,-2.209687 50.636394,-2.210375 50.636451)))",EAST LULWORTH CONSERVATION AREA,local-authority-eng:PUR,,,
,,,2020-09-05,"MULTIPOLYGON (((-2.124620 50.615064,-2.123955 50.615139,-2.123240 50.615063,-2.122423 50.614933,-2.120642 50.614543,-2.119513 50.614418,-2.119386 50.614701,-2.119298 50.615575,-2.119081 50.615605,-2.117550 50.617062,-2.117444 50.617075,-2.117498 50.617370,-2.117468 50.617514,-2.117408 50.617619,-2.116773 50.618185,-2.116677 50.618386,-2.116497 50.618864,-2.116543 50.618934,-2.116789 50.619807,-2.116786 50.620092,-2.116733 50.620266,-2.117084 50.620251,-2.117415 50.620097,-2.117863 50.619943,-2.118028 50.620009,-2.118642 50.620092,-2.120838 50.620218,-2.121749 50.617907,-2.121730 50.617023,-2.122083 50.616893,-2.122288 50.616752,-2.122721 50.616654,-2.123066 50.616645,-2.123279 50.616519,-2.123627 50.616454,-2.123862 50.616263,-2.123893 50.616131,-2.124380 50.615795,-2.124300 50.615647,-2.124300 50.615591,-2.124711 50.615479,-2.124620 50.615064)))",KIMMERIDGE CONSERVATION AREA,local-authority-eng:PUR,,,
,,,2020-09-05,"MULTIPOLYGON (((-2.090835 50.636079,-2.090765 50.636094,-2.090127 50.636235,-2.089149 50.636302,-2.087807 50.636705,-2.087321 50.636894,-2.085857 50.637355,-2.085251 50.637586,-2.085215 50.637489,-2.085089 50.637487,-2.083633 50.637163,-2.083534 50.636871,-2.083441 50.636840,-2.083432 50.636798,-2.083513 50.636805,-2.084094 50.636685,-2.084479 50.636656,-2.084512 50.636623,-2.084368 50.636598,-2.084233 50.636315,-2.083832 50.635647,-2.084444 50.635507,-2.084264 50.635264,-2.084261 50.635003,-2.084171 50.634818,-2.083837 50.634344,-2.083893 50.634302,-2.084014 50.634364,-2.084353 50.634312,-2.084435 50.634231,-2.084420 50.634064,-2.084876 50.634117,-2.085040 50.634184,-2.084975 50.634337,-2.084999 50.634448,-2.084921 50.634523,-2.085022 50.634658,-2.084981 50.634715,-2.085201 50.635085,-2.086189 50.634911,-2.086574 50.635327,-2.087060 50.635171,-2.087237 50.635147,-2.087551 50.634992,-2.087931 50.634692,-2.087989 50.634504,-2.088088 50.634406,-2.088200 50.634351,-2.088210 50.634252,-2.088589 50.634096,-2.088778 50.633660,-2.088975 50.633705,-2.089192 50.633775,-2.089339 50.633893,-2.089598 50.633977,-2.089911 50.634180,-2.090000 50.634216,-2.090082 50.634200,-2.090104 50.634149,-2.090498 50.634359,-2.090695 50.634644,-2.091146 50.635184,-2.091220 50.635320,-2.090718 50.635342,-2.090442 50.635394,-2.090835 50.636079,-2.090127 50.636235,-2.090835 50.636079)))",CHURCH KNOWLE CONSERVATION AREA,local-authority-eng:PUR,,,
,,,2020-09-05,"MULTIPOLYGON (((-2.295172 50.651215,-2.294887 50.650463,-2.294688 50.650478,-2.294168 50.650629,-2.292859 50.650697,-2.292280 50.650669,-2.292238 50.650413,-2.293236 50.650336,-2.293283 50.650258,-2.293698 50.650203,-2.293638 50.650020,-2.294073 50.649954,-2.294053 50.649883,-2.295168 50.649562,-2.294901 50.649230,-2.294174 50.648575,-2.294860 50.648396,-2.294743 50.648272,-2.294870 50.648234,-2.295015 50.648309,-2.295339 50.648238,-2.295808 50.648200,-2.296181 50.648207,-2.297145 50.648046,-2.297230 50.647974,-2.297187 50.647899,-2.297149 50.647528,-2.296843 50.647035,-2.297763 50.646799,-2.298215 50.646726,-2.298364 50.646964,-2.298349 50.647031,-2.298417 50.647127,-2.298508 50.647104,-2.298630 50.647676,-2.299142 50.647538,-2.299670 50.648344,-2.299726 50.648331,-2.299840 50.648504,-2.299486 50.648831,-2.299489 50.648933,-2.300200 50.649285,-2.301148 50.649811,-2.301348 50.649884,-2.301402 50.650023,-2.301741 50.650043,-2.301992 50.650000,-2.302371 50.650717,-2.302309 50.650726,-2.302294 50.650780,-2.302364 50.650932,-2.302342 50.651023,-2.301625 50.651111,-2.301570 50.651123,-2.301468 50.651143,-2.301794 50.651098,-2.300232 50.651344,-2.299160 50.651429,-2.298428 50.651679,-2.297396 50.651702,-2.297402 50.651547,-2.297338 50.651258,-2.296553 50.651325,-2.296430 50.651289,-2.296303 50.651314,-2.296184 50.651043,-2.295172 50.651215)))",CHALDON HERRING CONSERVATION AREA,local-authority-eng:PUR,,,
,,,2020-09-05,"MULTIPOLYGON (((-2.146280 50.760676,-2.145801 50.760975,-2.145438 50.761138,-2.143938 50.761190,-2.138988 50.760759,-2.136201 50.761695,-2.133543 50.762639,-2.132120 50.760928,-2.129459 50.761452,-2.128611 50.761584,-2.127748 50.762039,-2.126148 50.762504,-2.126022 50.762394,-2.124951 50.762707,-2.121597 50.763412,-2.121708 50.763638,-2.119771 50.763969,-2.119060 50.764041,-2.118986 50.763969,-2.119013 50.763510,-2.118968 50.763352,-2.118739 50.762873,-2.115292 50.762751,-2.115184 50.762721,-2.115052 50.762480,-2.114924 50.762322,-2.114369 50.762091,-2.114311 50.762092,-2.114281 50.762245,-2.114129 50.762447,-2.113739 50.762383,-2.113253 50.762377,-2.110858 50.762118,-2.110798 50.761907,-2.111347 50.761705,-2.111797 50.761600,-2.111645 50.760825,-2.111583 50.760300,-2.111752 50.759336,-2.112121 50.758676,-2.112161 50.758519,-2.112071 50.757720,-2.111979 50.757631,-2.113551 50.757362,-2.113886 50.757226,-2.114562 50.756781,-2.116286 50.755436,-2.116858 50.755122,-2.118923 50.753287,-2.118966 50.753236,-2.118914 50.753218,-2.118254 50.753173,-2.118254 50.753133,-2.118659 50.752489,-2.117711 50.751577,-2.119811 50.749681,-2.119495 50.749333,-2.120162 50.749018,-2.120705 50.748854,-2.121490 50.748021,-2.122906 50.748145,-2.122935 50.747724,-2.123119 50.746931,-2.123379 50.746338,-2.123726 50.745745,-2.123867 50.745377,-2.123992 50.744875,-2.124071 50.744390,-2.124070 50.744037,-2.124027 50.743754,-2.123731 50.743628,-2.123940 50.743471,-2.123940 50.743404,-2.124141 50.743396,-2.124165 50.743439,-2.124466 50.743639,-2.126497 50.743838,-2.130380 50.744146,-2.131507 50.744128,-2.136843 50.743860,-2.137177 50.743908,-2.137805 50.744174,-2.139577 50.745169,-2.139552 50.745208,-2.140164 50.745679,-2.141529 50.746636,-2.141660 50.746987,-2.141666 50.747029,-2.141655 50.747082,-2.141574 50.747148,-2.141409 50.747178,-2.141175 50.747143,-2.141050 50.747157,-2.141179 50.747807,-2.141542 50.748496,-2.141594 50.748798,-2.141501 50.749055,-2.141774 50.749228,-2.141831 50.749326,-2.141817 50.749384,-2.141908 50.749446,-2.141927 50.749516,-2.142484 50.749709,-2.142173 50.749908,-2.142146 50.750144,-2.141861 50.750914,-2.141967 50.751032,-2.141856 50.751060,-2.142087 50.751358,-2.142070 50.751609,-2.142675 50.752343,-2.142867 50.752456,-2.143543 50.752552,-2.143596 50.752584,-2.143277 50.753307,-2.143226 50.753317,-2.143498 50.754142,-2.143465 50.755003,-2.144628 50.754825,-2.145590 50.754628,-2.145821 50.755381,-2.146537 50.755950,-2.146214 50.756499,-2.145892 50.756946,-2.145342 50.757812,-2.145188 50.758000,-2.144767 50.758281,-2.143814 50.758804,-2.143853 50.758882,-2.144753 50.759622,-2.146152 50.760500,-2.146258 50.760592,-2.146280 50.760676)))",MORDEN CONSERVATION AREA,local-authority-eng:PUR,,,
,,,2020-09-05,"MULTIPOLYGON (((-2.276532 50.667964,-2.276515 50.668123,-2.276630 50.668289,-2.276605 50.668769,-2.276623 50.669033,-2.276682 50.669246,-2.276792 50.669449,-2.276619 50.669461,-2.276516 50.669533,-2.276336 50.669566,-2.276300 50.669462,-2.276182 50.669413,-2.276221 50.669294,-2.276131 50.669069,-2.276304 50.668825,-2.276276 50.668508,-2.275664 50.668696,-2.275470 50.668292,-2.275376 50.668260,-2.275325 50.668108,-2.275275 50.667590,-2.275574 50.667573,-2.275516 50.666872,-2.275391 50.666755,-2.274659 50.665732,-2.274149 50.664882,-2.274184 50.664856,-2.274164 50.664806,-2.273904 50.664378,-2.273713 50.664171,-2.273540 50.663922,-2.273084 50.663459,-2.271966 50.663685,-2.270702 50.663893,-2.267009 50.663892,-2.266529 50.663916,-2.266241 50.664023,-2.265805 50.664131,-2.265274 50.664367,-2.265269 50.664233,-2.265831 50.663935,-2.266040 50.663876,-2.265821 50.663661,-2.265496 50.662694,-2.266762 50.662741,-2.267856 50.662281,-2.269679 50.662092,-2.271274 50.662004,-2.272672 50.661618,-2.273802 50.661232,-2.273863 50.661174,-2.273837 50.661176,-2.273823 50.661070,-2.273032 50.660618,-2.274251 50.659977,-2.274833 50.659716,-2.274685 50.659464,-2.274335 50.658423,-2.274859 50.658223,-2.274440 50.657966,-2.274113 50.657525,-2.274032 50.657247,-2.274050 50.656937,-2.276192 50.656007,-2.277121 50.655503,-2.277238 50.655682,-2.277378 50.655803,-2.278450 50.656586,-2.279186 50.657175,-2.279272 50.657204,-2.279750 50.656873,-2.280058 50.657042,-2.280538 50.656632,-2.281944 50.655666,-2.282500 50.655948,-2.282027 50.656465,-2.281666 50.656926,-2.281232 50.657342,-2.281073 50.657401,-2.281040 50.657383,-2.280203 50.657921,-2.279853 50.658062,-2.279154 50.658428,-2.278844 50.658648,-2.278763 50.658750,-2.278423 50.658610,-2.278170 50.658779,-2.277573 50.659047,-2.277100 50.659570,-2.277030 50.659726,-2.277016 50.662204,-2.277950 50.662230,-2.277975 50.662313,-2.277952 50.662318,-2.278201 50.663202,-2.277912 50.663245,-2.280076 50.664732,-2.280887 50.666219,-2.280912 50.666357,-2.279953 50.666671,-2.278980 50.667097,-2.276891 50.667769,-2.276585 50.667904,-2.276532 50.667964)))",WINFRITH NEWBURGH CONSERVATION AREA,local-authority-eng:PUR,,,
,,,2020-09-05,"MULTIPOLYGON (((-2.286280 50.742675,-2.285043 50.742721,-2.284630 50.742773,-2.284474 50.742745,-2.284714 50.742008,-2.285211 50.741192,-2.282651 50.740654,-2.280553 50.740147,-2.278918 50.739803,-2.279730 50.739061,-2.281286 50.737979,-2.281169 50.737916,-2.281144 50.737955,-2.278646 50.737295,-2.278390 50.737322,-2.278079 50.737411,-2.275926 50.737671,-2.273896 50.737653,-2.273542 50.737608,-2.273508 50.737592,-2.273751 50.737461,-2.273951 50.737265,-2.273904 50.737214,-2.274088 50.737084,-2.274579 50.736863,-2.275307 50.736403,-2.275445 50.736274,-2.275264 50.736265,-2.275094 50.736297,-2.273696 50.735920,-2.272671 50.735795,-2.272103 50.735847,-2.271918 50.735712,-2.270876 50.735544,-2.270110 50.735564,-2.269057 50.735650,-2.268957 50.735634,-2.268067 50.735760,-2.267738 50.735956,-2.267154 50.736174,-2.266093 50.736379,-2.265481 50.736417,-2.264366 50.736122,-2.263233 50.735954,-2.263159 50.735884,-2.263167 50.735736,-2.263109 50.735665,-2.262983 50.735619,-2.262537 50.735606,-2.262294 50.735532,-2.261848 50.735230,-2.261743 50.735124,-2.261784 50.734606,-2.261756 50.734543,-2.261784 50.734492,-2.261615 50.734381,-2.261281 50.734334,-2.259537 50.734879,-2.259068 50.735108,-2.258570 50.735282,-2.258305 50.735500,-2.257899 50.735300,-2.257062 50.736063,-2.256062 50.736033,-2.255650 50.735984,-2.255353 50.736010,-2.254721 50.736244,-2.254227 50.736327,-2.253001 50.736278,-2.252109 50.736109,-2.251194 50.736072,-2.251105 50.735992,-2.250524 50.735772,-2.250514 50.735798,-2.250402 50.735756,-2.249719 50.735717,-2.247881 50.735441,-2.247889 50.735307,-2.248106 50.734617,-2.248156 50.734266,-2.247739 50.734127,-2.247100 50.734156,-2.246375 50.734134,-2.246113 50.734087,-2.245801 50.733941,-2.245542 50.734265,-2.244985 50.735118,-2.244747 50.735072,-2.244695 50.734976,-2.244689 50.734676,-2.244742 50.734352,-2.244331 50.734279,-2.244173 50.734198,-2.243933 50.734237,-2.243750 50.734305,-2.242309 50.734391,-2.241664 50.734290,-2.241234 50.734314,-2.241286 50.734057,-2.241265 50.733870,-2.240621 50.733788,-2.240607 50.733822,-2.239048 50.733884,-2.238129 50.734231,-2.238019 50.734105,-2.237841 50.734023,-2.237488 50.733929,-2.237225 50.733747,-2.236787 50.733643,-2.236338 50.733486,-2.235912 50.733267,-2.235683 50.733104,-2.234412 50.732829,-2.233744 50.733339,-2.232842 50.733887,-2.232592 50.734149,-2.232483 50.734350,-2.232456 50.734336,-2.232425 50.734369,-2.232143 50.734240,-2.232088 50.734273,-2.231889 50.734114,-2.231666 50.733793,-2.231683 50.733458,-2.231637 50.733365,-2.230631 50.732741,-2.229732 50.732464,-2.229389 50.732101,-2.229370 50.732022,-2.229402 50.731922,-2.229314 50.731773,-2.228732 50.731833,-2.228494 50.731934,-2.228228 50.731971,-2.227723 50.731906,-2.227456 50.731786,-2.227234 50.731627,-2.226291 50.732085,-2.225807 50.732468,-2.225498 50.732754,-2.225262 50.733040,-2.225259 50.733120,-2.225347 50.733280,-2.225336 50.733337,-2.224586 50.733878,-2.224134 50.734013,-2.223165 50.734063,-2.222767 50.733976,-2.222375 50.733799,-2.222007 50.733212,-2.221906 50.732804,-2.221857 50.731917,-2.221366 50.730550,-2.220973 50.730338,-2.220912 50.730239,-2.220731 50.730082,-2.220427 50.730204,-2.220392 50.730176,-2.220252 50.730225,-2.219668 50.730470,-2.219347 50.730571,-2.219409 50.731159,-2.219663 50.731867,-2.219747 50.732250,-2.219625 50.734416,-2.219605 50.734540,-2.219555 50.734580,-2.219819 50.734667,-2.221123 50.734876,-2.221674 50.735067,-2.222617 50.735497,-2.223391 50.736016,-2.224765 50.736650,-2.224443 50.737074,-2.224224 50.737155,-2.226220 50.738225,-2.227824 50.738264,-2.227697 50.738759,-2.228822 50.739016,-2.229131 50.738349,-2.229809 50.738345,-2.230731 50.738530,-2.231610 50.738602,-2.232739 50.738765,-2.232808 50.738722,-2.233102 50.738722,-2.233720 50.738533,-2.233925 50.738528,-2.234110 50.738775,-2.234032 50.739158,-2.234707 50.739232,-2.234748 50.739310,-2.234859 50.739366,-2.235009 50.739334,-2.235261 50.739088,-2.235427 50.739130,-2.235601 50.739116,-2.236788 50.739364,-2.237208 50.739058,-2.237316 50.739006,-2.237463 50.739019,-2.238158 50.739209,-2.238925 50.739465,-2.240524 50.739883,-2.239524 50.740411,-2.239899 50.740784,-2.239510 50.740986,-2.240673 50.741266,-2.240653 50.741397,-2.243928 50.741860,-2.243886 50.741107,-2.243821 50.740990,-2.244115 50.740961,-2.245425 50.740995,-2.247022 50.740984,-2.248195 50.741059,-2.248514 50.741157,-2.248530 50.741091,-2.248661 50.741055,-2.249032 50.741040,-2.250093 50.741131,-2.250575 50.741318,-2.250674 50.741471,-2.251729 50.741616,-2.252490 50.741641,-2.253319 50.741422,-2.254985 50.741592,-2.255682 50.741746,-2.256905 50.742165,-2.257339 50.742286,-2.259598 50.742476,-2.259628 50.742506,-2.259493 50.743356,-2.260544 50.743408,-2.262241 50.743627,-2.264674 50.744234,-2.265347 50.744270,-2.265432 50.743877,-2.265775 50.743887,-2.266015 50.743571,-2.266468 50.743731,-2.267909 50.744092,-2.271679 50.745175,-2.272072 50.745335,-2.272077 50.745395,-2.272275 50.745414,-2.272272 50.745385,-2.272404 50.745360,-2.273439 50.745513,-2.273454 50.746265,-2.281268 50.747298,-2.281312 50.747212,-2.282147 50.747593,-2.282405 50.747655,-2.282751 50.747670,-2.283751 50.747537,-2.284346 50.747543,-2.284859 50.747616,-2.284927 50.747463,-2.284993 50.746814,-2.285482 50.746847,-2.286364 50.746711,-2.286961 50.746497,-2.287065 50.746414,-2.287629 50.746203,-2.287978 50.746191,-2.288390 50.746097,-2.288651 50.746145,-2.289066 50.746108,-2.289295 50.745768,-2.289835 50.745894,-2.290079 50.745244,-2.290784 50.744163,-2.287130 50.743335,-2.287400 50.742507,-2.286280 50.742675)))",PIDDLE VALLEY CONSERVATION AREA,local-authority-eng:PUR,,,
,,,2020-09-05,"MULTIPOLYGON (((-2.228647 50.754435,-2.228171 50.754127,-2.227228 50.753730,-2.227229 50.753798,-2.227169 50.753935,-2.226361 50.753517,-2.225794 50.753755,-2.225562 50.753565,-2.225058 50.753523,-2.225130 50.753798,-2.223983 50.754014,-2.223048 50.754542,-2.222888 50.754511,-2.222459 50.754397,-2.222450 50.754241,-2.220925 50.753839,-2.220858 50.753854,-2.220290 50.753681,-2.220359 50.753568,-2.219354 50.753294,-2.219405 50.753202,-2.219358 50.753136,-2.218451 50.752833,-2.218533 50.752682,-2.217875 50.752473,-2.218022 50.752203,-2.218037 50.752046,-2.217857 50.751956,-2.217556 50.751935,-2.217559 50.751891,-2.217475 50.751789,-2.217582 50.751670,-2.217067 50.751473,-2.215605 50.751008,-2.215466 50.751190,-2.215305 50.751248,-2.214692 50.752043,-2.214969 50.752173,-2.215037 50.752284,-2.214749 50.752526,-2.214164 50.753227,-2.214136 50.753253,-2.214064 50.753243,-2.213941 50.753388,-2.214005 50.753407,-2.213423 50.754131,-2.213661 50.754188,-2.213366 50.754492,-2.213458 50.754529,-2.213239 50.754762,-2.213600 50.754958,-2.214157 50.754497,-2.214532 50.754671,-2.214829 50.754768,-2.215349 50.754262,-2.215424 50.754243,-2.215549 50.754278,-2.215628 50.754190,-2.215294 50.754087,-2.215514 50.753892,-2.215611 50.753748,-2.215856 50.753543,-2.216166 50.753674,-2.216473 50.753732,-2.216338 50.753921,-2.216936 50.754155,-2.217404 50.754295,-2.217423 50.754326,-2.217273 50.754491,-2.216880 50.754755,-2.216405 50.755133,-2.216612 50.755212,-2.216768 50.755227,-2.217385 50.755393,-2.218578 50.755335,-2.219221 50.755464,-2.220059 50.755547,-2.220042 50.754859,-2.220055 50.754579,-2.220095 50.754567,-2.220997 50.754781,-2.221274 50.754880,-2.221355 50.754954,-2.222075 50.755101,-2.223275 50.755178,-2.223970 50.755287,-2.224167 50.755363,-2.224364 50.755378,-2.224711 50.755213,-2.229635 50.755816,-2.229537 50.755274,-2.229553 50.755204,-2.229705 50.755046,-2.229817 50.754979,-2.229109 50.754595,-2.228647 50.754435)))",BERE REGIS CONSERVATION AREA,local-authority-eng:PUR,,,
,,,2020-09-05,"MULTIPOLYGON (((-2.286126 50.703326,-2.285907 50.703276,-2.285848 50.703339,-2.284813 50.703231,-2.284162 50.703273,-2.283017 50.703123,-2.282997 50.702917,-2.280135 50.703519,-2.280061 50.703662,-2.280007 50.704164,-2.279819 50.705015,-2.279639 50.705409,-2.279559 50.705384,-2.279146 50.705421,-2.278853 50.705370,-2.278652 50.705719,-2.278646 50.705803,-2.278343 50.705860,-2.278009 50.705724,-2.277810 50.705528,-2.277564 50.705432,-2.277370 50.705378,-2.277228 50.705457,-2.277076 50.705465,-2.276675 50.705340,-2.276505 50.705137,-2.276435 50.705104,-2.276480 50.705025,-2.276285 50.704862,-2.275960 50.704242,-2.275816 50.704038,-2.275595 50.703875,-2.275681 50.703766,-2.275689 50.703686,-2.275744 50.703702,-2.275851 50.703460,-2.275841 50.703307,-2.275721 50.703122,-2.275155 50.702889,-2.274563 50.702409,-2.274080 50.702143,-2.273629 50.701986,-2.273360 50.701958,-2.272605 50.701408,-2.273607 50.700800,-2.275564 50.699454,-2.276272 50.699658,-2.277126 50.699960,-2.277697 50.700245,-2.278197 50.700574,-2.278631 50.701034,-2.278731 50.701091,-2.278752 50.701409,-2.278659 50.702183,-2.279234 50.702238,-2.279217 50.702505,-2.280640 50.702656,-2.280651 50.702630,-2.281965 50.702419,-2.281950 50.702258,-2.281977 50.702099,-2.282125 50.701884,-2.283116 50.701797,-2.283248 50.701800,-2.283487 50.701885,-2.283895 50.701827,-2.283925 50.702072,-2.283970 50.702088,-2.284488 50.701966,-2.284895 50.701802,-2.284908 50.701828,-2.285220 50.701477,-2.285425 50.701358,-2.286068 50.701110,-2.286145 50.701119,-2.286624 50.701317,-2.287320 50.702276,-2.287450 50.702502,-2.287543 50.702793,-2.287518 50.703037,-2.286661 50.702999,-2.286299 50.703369,-2.286126 50.703326)))",MORETON CONSERVATION AREA,local-authority-eng:PUR,,,
,,,2020-09-05,"MULTIPOLYGON (((-2.007911 50.608340,-2.007906 50.608242,-2.007617 50.608254,-2.007607 50.608036,-2.007194 50.608145,-2.007192 50.608226,-2.005620 50.608417,-2.004948 50.608463,-2.004890 50.608569,-2.004881 50.608960,-2.004605 50.608960,-2.004589 50.609127,-2.003134 50.609150,-2.002014 50.609284,-2.001972 50.609395,-2.001835 50.609391,-2.001833 50.609411,-2.000791 50.609411,-2.000852 50.609810,-2.000646 50.609871,-2.000391 50.609850,-2.000347 50.610112,-2.000450 50.610336,-2.000776 50.610409,-2.000873 50.610731,-2.000913 50.611024,-2.001501 50.611041,-2.002147 50.611013,-2.002459 50.610914,-2.002498 50.610888,-2.002493 50.610809,-2.003900 50.610383,-2.003927 50.610450,-2.004734 50.610505,-2.004894 50.610980,-2.004892 50.611057,-2.005469 50.610990,-2.005503 50.611103,-2.005893 50.611084,-2.005934 50.611276,-2.006473 50.611257,-2.006499 50.611328,-2.007412 50.611490,-2.007509 50.611428,-2.007759 50.611401,-2.007765 50.611423,-2.008319 50.611344,-2.008009 50.610799,-2.007959 50.610444,-2.007828 50.610195,-2.007808 50.609824,-2.007916 50.609631,-2.007930 50.609424,-2.008210 50.609426,-2.008208 50.609539,-2.008470 50.609528,-2.008477 50.608988,-2.008602 50.608975,-2.008704 50.608696,-2.008446 50.608573,-2.008420 50.608398,-2.007910 50.608437,-2.007911 50.608340)))",LANGTON MATRVERS CONSERVATION AREA (1/2),local-authority-eng:PUR,,,
,,,2020-09-05,"MULTIPOLYGON (((-1.995578 50.610163,-1.995672 50.609104,-1.995666 50.608429,-1.995699 50.607836,-1.995531 50.607156,-1.995581 50.606584,-1.994102 50.606523,-1.993004 50.606556,-1.992510 50.606502,-1.992084 50.606497,-1.991429 50.606559,-1.990690 50.606722,-1.990303 50.606763,-1.990364 50.607037,-1.990385 50.607326,-1.990145 50.607754,-1.989937 50.608034,-1.989781 50.608516,-1.989665 50.608679,-1.989627 50.608664,-1.989581 50.608704,-1.989380 50.608686,-1.989306 50.608724,-1.987864 50.608732,-1.987842 50.608963,-1.988085 50.609050,-1.989119 50.609050,-1.989626 50.609094,-1.990053 50.609196,-1.990439 50.609365,-1.990876 50.609506,-1.991058 50.609627,-1.992877 50.611457,-1.993384 50.610571,-1.993569 50.610209,-1.993576 50.610108,-1.993984 50.609968,-1.994236 50.609972,-1.995578 50.610163,-1.995584 50.610014,-1.995578 50.610163)))",LANGTON MATRAVERS CONSERVATION AREA 2/2,local-authority-eng:PUR,,,
,,,2020-09-05,"MULTIPOLYGON (((-2.015383 50.610016,-2.015464 50.610104,-2.015428 50.610525,-2.015371 50.610572,-2.014505 50.610450,-2.014241 50.610353,-2.013693 50.610311,-2.013519 50.610320,-2.013645 50.610409,-2.013530 50.610472,-2.013274 50.610498,-2.013247 50.610425,-2.013140 50.610423,-2.013134 50.610160,-2.013075 50.609982,-2.013110 50.609896,-2.013114 50.609720,-2.013152 50.609697,-2.013193 50.609542,-2.013287 50.609519,-2.013260 50.609635,-2.013267 50.609936,-2.014473 50.609894,-2.015085 50.609949,-2.015133 50.609999,-2.015383 50.610016)))",ACTON CONSERVATION AREA 1/2,local-authority-eng:PUR,,,
,,,2020-09-05,"MULTIPOLYGON (((-2.015056 50.606915,-2.013338 50.606831,-2.013327 50.606859,-2.012744 50.606865,-2.012239 50.607029,-2.012140 50.606965,-2.012147 50.606834,-2.012203 50.606835,-2.012142 50.606053,-2.012167 50.605918,-2.012183 50.604668,-2.012239 50.604237,-2.012394 50.603494,-2.012509 50.601653,-2.012585 50.601588,-2.014293 50.601695,-2.015797 50.601720,-2.015587 50.602044,-2.015514 50.602220,-2.015360 50.603050,-2.015368 50.603294,-2.015484 50.603554,-2.015397 50.603799,-2.015433 50.603975,-2.015495 50.604071,-2.015651 50.604209,-2.016568 50.604769,-2.017325 50.605092,-2.017461 50.605185,-2.017587 50.605209,-2.017763 50.605173,-2.017951 50.605809,-2.017748 50.605867,-2.017697 50.606166,-2.016952 50.606449,-2.015012 50.606373,-2.015056 50.606915)))",ACTON CONSERVATION AREA 2/2,local-authority-eng:PUR,,,
,,,2020-09-05,"MULTIPOLYGON (((-2.060607 50.634079,-2.060609 50.634274,-2.060576 50.634334,-2.060175 50.634406,-2.060186 50.634636,-2.059962 50.634678,-2.060284 50.635227,-2.060524 50.635552,-2.060050 50.636372,-2.060431 50.636860,-2.059633 50.637237,-2.058916 50.637372,-2.058994 50.637451,-2.059014 50.637552,-2.059004 50.637581,-2.058945 50.637594,-2.059082 50.637763,-2.059151 50.637796,-2.059380 50.637772,-2.059536 50.637904,-2.059782 50.637997,-2.059987 50.638120,-2.060270 50.638222,-2.060388 50.638208,-2.060383 50.638084,-2.060429 50.638045,-2.061622 50.637213,-2.061796 50.637002,-2.062173 50.636762,-2.062442 50.637148,-2.062504 50.637172,-2.062969 50.636945,-2.063752 50.637081,-2.063793 50.637109,-2.064099 50.637647,-2.064225 50.637565,-2.064355 50.637604,-2.064144 50.637757,-2.063779 50.638174,-2.062523 50.638897,-2.062188 50.639197,-2.061561 50.639885,-2.061683 50.639927,-2.061740 50.639989,-2.061826 50.639977,-2.061931 50.640036,-2.061926 50.640161,-2.061860 50.640261,-2.061653 50.640421,-2.061522 50.640568,-2.061136 50.640732,-2.060516 50.641091,-2.060076 50.641166,-2.059107 50.641662,-2.060062 50.642111,-2.059984 50.642171,-2.059355 50.642098,-2.059315 50.642140,-2.059127 50.642116,-2.058539 50.642208,-2.058348 50.642134,-2.058179 50.641893,-2.057774 50.641893,-2.057713 50.641919,-2.057184 50.641249,-2.056678 50.640414,-2.056028 50.639453,-2.055816 50.639390,-2.054846 50.638483,-2.054393 50.638450,-2.053991 50.638177,-2.053973 50.638118,-2.054380 50.637922,-2.050727 50.635384,-2.050845 50.635310,-2.050791 50.634988,-2.050901 50.635020,-2.051263 50.634797,-2.052572 50.634619,-2.053164 50.634593,-2.053115 50.634237,-2.053027 50.634183,-2.052945 50.633809,-2.052974 50.633805,-2.052939 50.633644,-2.052983 50.633591,-2.052972 50.633387,-2.052931 50.633357,-2.052601 50.633363,-2.052582 50.633257,-2.052575 50.633152,-2.052868 50.633155,-2.052839 50.633001,-2.052946 50.632992,-2.052939 50.632943,-2.052979 50.632900,-2.053393 50.632750,-2.053945 50.632664,-2.053989 50.632683,-2.054030 50.632803,-2.054061 50.632796,-2.053951 50.632530,-2.054027 50.632399,-2.054078 50.632215,-2.054087 50.632057,-2.054049 50.632057,-2.054047 50.631863,-2.054009 50.631779,-2.054029 50.631643,-2.055026 50.631787,-2.056563 50.631735,-2.056621 50.631472,-2.056727 50.631204,-2.056892 50.631268,-2.056905 50.631169,-2.057063 50.630937,-2.057599 50.631024,-2.058174 50.631191,-2.058573 50.631235,-2.058899 50.631407,-2.059084 50.631440,-2.059113 50.631474,-2.059386 50.631507,-2.059534 50.631560,-2.059622 50.631547,-2.059771 50.631607,-2.059829 50.631541,-2.060082 50.631709,-2.060232 50.631955,-2.060496 50.632020,-2.060461 50.632085,-2.060571 50.632131,-2.060677 50.632228,-2.060762 50.632232,-2.061045 50.632354,-2.060839 50.632620,-2.060577 50.633565,-2.060471 50.633714,-2.060610 50.633987,-2.060607 50.634079)))",CORFE CASTLE CONSERVATION AREA,local-authority-eng:PUR,,,
,,,2020-09-05,"MULTIPOLYGON (((-2.061414 50.616251,-2.061475 50.615810,-2.062028 50.615840,-2.062174 50.615816,-2.062409 50.615551,-2.063242 50.614806,-2.063364 50.614617,-2.063403 50.614454,-2.063375 50.614215,-2.063301 50.614023,-2.063480 50.614007,-2.065011 50.614094,-2.065230 50.614163,-2.065591 50.615382,-2.065477 50.615571,-2.065480 50.615651,-2.065442 50.615692,-2.065011 50.615828,-2.065155 50.616036,-2.065113 50.616048,-2.065184 50.616454,-2.065131 50.616760,-2.065056 50.616846,-2.064963 50.616868,-2.064611 50.616847,-2.064575 50.616976,-2.064416 50.616934,-2.064113 50.616951,-2.064074 50.616981,-2.062800 50.617162,-2.062284 50.617136,-2.061696 50.617046,-2.061389 50.617089,-2.060734 50.616938,-2.060642 50.616586,-2.060334 50.616528,-2.060270 50.616462,-2.059890 50.616429,-2.060012 50.615930,-2.060068 50.615836,-2.060554 50.615983,-2.060929 50.616159,-2.061414 50.616251)))",KINGSTON CONSERVATION AREA,local-authority-eng:PUR,,,
,,,2020-09-05,"MULTIPOLYGON (((-2.040450 50.595567,-2.040201 50.595592,-2.039639 50.595718,-2.039701 50.595921,-2.039474 50.595946,-2.039499 50.596017,-2.039064 50.596119,-2.038952 50.595893,-2.038711 50.595967,-2.038656 50.595933,-2.038609 50.595958,-2.038481 50.595875,-2.037582 50.596092,-2.037594 50.596166,-2.037708 50.596233,-2.037176 50.596220,-2.037179 50.596409,-2.037258 50.596459,-2.037329 50.596970,-2.036786 50.596998,-2.036745 50.597091,-2.036798 50.597215,-2.036796 50.597319,-2.037097 50.597580,-2.036674 50.597899,-2.036910 50.598073,-2.037579 50.597996,-2.037652 50.597576,-2.037754 50.597336,-2.038042 50.597020,-2.038188 50.597044,-2.038194 50.597090,-2.038631 50.597344,-2.038680 50.597312,-2.038952 50.597474,-2.039343 50.597268,-2.039521 50.597453,-2.040322 50.597070,-2.040351 50.597103,-2.041275 50.596704,-2.040760 50.595994,-2.040621 50.595851,-2.040564 50.595848,-2.040450 50.595567)))",WORTH MATRAVERS CONSERVATION AREA,local-authority-eng:PUR,,,
,,,2020-09-05,"MULTIPOLYGON (((-2.109603 50.678498,-2.110301 50.678480,-2.110318 50.678439,-2.110468 50.678407,-2.110624 50.678317,-2.110768 50.678193,-2.110937 50.677915,-2.110880 50.677129,-2.110898 50.677147,-2.111485 50.676962,-2.111618 50.676892,-2.111568 50.676863,-2.111481 50.676704,-2.111438 50.676472,-2.111328 50.676396,-2.111316 50.676338,-2.111202 50.676307,-2.111108 50.676212,-2.111116 50.676074,-2.111037 50.675839,-2.110483 50.675822,-2.110412 50.675793,-2.110398 50.675651,-2.110159 50.675119,-2.109406 50.674658,-2.109284 50.674749,-2.109278 50.674790,-2.109130 50.674818,-2.108913 50.674386,-2.108802 50.674265,-2.108414 50.673613,-2.108150 50.673683,-2.107640 50.673902,-2.107672 50.673936,-2.107165 50.674124,-2.107082 50.674180,-2.106910 50.674640,-2.106784 50.675527,-2.106994 50.675521,-2.107398 50.675608,-2.107810 50.676861,-2.107846 50.677211,-2.108295 50.677223,-2.108332 50.677569,-2.108277 50.677774,-2.108071 50.677976,-2.108139 50.678025,-2.107827 50.678465,-2.109068 50.678235,-2.109094 50.678325,-2.109437 50.678324,-2.109444 50.678498,-2.109603 50.678498)))",STOBOROUGH CONSERVATION AREA,local-authority-eng:PUR,,,
,,,2020-09-05,"MULTIPOLYGON (((-2.220025 50.681108,-2.219030 50.681068,-2.219217 50.681324,-2.218829 50.681452,-2.218877 50.681592,-2.218185 50.681595,-2.218019 50.681206,-2.217861 50.680459,-2.217462 50.680486,-2.217451 50.680154,-2.217418 50.680137,-2.216740 50.680190,-2.216715 50.680166,-2.216686 50.680077,-2.216708 50.679594,-2.216740 50.679491,-2.216725 50.679209,-2.216688 50.679091,-2.216549 50.678991,-2.216598 50.678659,-2.216892 50.678667,-2.216871 50.678527,-2.216809 50.678360,-2.216592 50.678369,-2.216530 50.678197,-2.216522 50.677929,-2.216173 50.677920,-2.216094 50.677884,-2.216063 50.677129,-2.215873 50.677058,-2.215892 50.677014,-2.216014 50.677049,-2.216109 50.677000,-2.216210 50.677000,-2.216246 50.676898,-2.216920 50.676914,-2.218005 50.676536,-2.218122 50.676235,-2.218412 50.676230,-2.218706 50.676173,-2.218837 50.676559,-2.219430 50.676669,-2.219630 50.676854,-2.220043 50.677021,-2.220029 50.677048,-2.220258 50.677184,-2.220600 50.677269,-2.220505 50.677487,-2.220264 50.677417,-2.220268 50.677463,-2.220129 50.677650,-2.220406 50.677741,-2.220160 50.678159,-2.219965 50.678247,-2.219943 50.678436,-2.219782 50.678672,-2.219742 50.678927,-2.219589 50.678997,-2.219459 50.679529,-2.219386 50.679755,-2.219348 50.679752,-2.219328 50.679919,-2.219376 50.679967,-2.219374 50.680074,-2.219578 50.680076,-2.219597 50.680299,-2.220397 50.680258,-2.219979 50.680444,-2.220211 50.680940,-2.220242 50.680955,-2.220186 50.681122,-2.220025 50.681108)))",WOOL CONSERVATION AREA,local-authority-eng:PUR,,,
,,,2020-09-05,"MULTIPOLYGON (((-1.951440 50.646779,-1.951438 50.646900,-1.951377 50.646999,-1.951071 50.646997,-1.950939 50.646963,-1.950152 50.647250,-1.949893 50.646759,-1.950024 50.647039,-1.949893 50.646759,-1.949779 50.646476,-1.949624 50.645975,-1.949242 50.645686,-1.948942 50.645478,-1.948807 50.645427,-1.948276 50.645517,-1.947797 50.645543,-1.947581 50.645451,-1.947364 50.645264,-1.947022 50.645243,-1.946891 50.645082,-1.946005 50.644321,-1.945266 50.643564,-1.944673 50.643010,-1.943823 50.642431,-1.941884 50.641273,-1.942831 50.640927,-1.943409 50.640851,-1.943412 50.640931,-1.943507 50.640995,-1.945541 50.641358,-1.945888 50.641382,-1.946220 50.641217,-1.946199 50.640931,-1.947393 50.640667,-1.947973 50.640278,-1.948281 50.640234,-1.948281 50.640194,-1.948430 50.640106,-1.948540 50.640089,-1.948734 50.639988,-1.948892 50.640094,-1.949413 50.640588,-1.949828 50.640489,-1.950655 50.640462,-1.950818 50.640747,-1.950911 50.640779,-1.951092 50.641151,-1.951498 50.641071,-1.951649 50.640929,-1.951888 50.641023,-1.952009 50.640943,-1.952141 50.640970,-1.952219 50.640826,-1.952161 50.640812,-1.952837 50.640247,-1.953469 50.640034,-1.953456 50.640002,-1.953601 50.639950,-1.954016 50.639802,-1.954189 50.639969,-1.956329 50.639119,-1.956729 50.639015,-1.957342 50.638909,-1.957424 50.639182,-1.957378 50.639252,-1.957479 50.639551,-1.957453 50.639675,-1.957478 50.639757,-1.957569 50.639868,-1.957560 50.639948,-1.956842 50.640138,-1.956135 50.640250,-1.955597 50.640399,-1.954499 50.640535,-1.953858 50.640691,-1.953423 50.641045,-1.953480 50.641091,-1.954108 50.641224,-1.954133 50.641310,-1.954012 50.641325,-1.953976 50.641707,-1.953987 50.641929,-1.954038 50.642102,-1.953795 50.642552,-1.953755 50.642565,-1.953831 50.642650,-1.954087 50.642600,-1.954240 50.642802,-1.954542 50.643017,-1.954168 50.643143,-1.954235 50.643219,-1.954203 50.643237,-1.954632 50.643777,-1.954464 50.643953,-1.954264 50.644036,-1.954149 50.644236,-1.954103 50.644237,-1.953819 50.643686,-1.953380 50.643784,-1.953329 50.643730,-1.953032 50.643634,-1.952905 50.643650,-1.952916 50.643805,-1.952644 50.643855,-1.952694 50.643984,-1.952796 50.643966,-1.952877 50.644355,-1.952583 50.644442,-1.952326 50.644427,-1.952017 50.644537,-1.952068 50.644693,-1.951916 50.644970,-1.951789 50.645010,-1.951754 50.645114,-1.951550 50.645226,-1.951387 50.645448,-1.951375 50.645537,-1.951587 50.645661,-1.951673 50.645775,-1.951358 50.646112,-1.951214 50.646178,-1.951153 50.646293,-1.951440 50.646779)))",STUDLAND CONSERVATION AREA,local-authority-eng:PUR,,,
