name,conservation-area,organisation,documentation-url,geometry,entry-date,start-date,end-date,slug
Strensall Village Conservation Area,Conservation Area 23,local-authority-eng:YOR,,"MULTIPOLYGON (((-1.038139 54.037568,-1.037559 54.038186,-1.037444 54.038044,-1.037107 54.038134,-1.036591 54.037546,-1.036573 54.037494,-1.036595 54.037453,-1.036535 54.037347,-1.036347 54.037248,-1.036145 54.036992,-1.035807 54.036267,-1.035599 54.035592,-1.034817 54.035672,-1.034927 54.036189,-1.035078 54.036667,-1.035286 54.037086,-1.035493 54.037350,-1.036110 54.037949,-1.036385 54.038322,-1.036548 54.038629,-1.035992 54.038786,-1.035465 54.038999,-1.034839 54.039126,-1.033163 54.039282,-1.032763 54.039267,-1.032068 54.039309,-1.031580 54.039392,-1.031763 54.039835,-1.031253 54.039751,-1.031015 54.039789,-1.031104 54.040008,-1.031171 54.040370,-1.031466 54.040862,-1.032692 54.040792,-1.033067 54.040828,-1.033436 54.041213,-1.033708 54.041196,-1.034033 54.040993,-1.034220 54.040961,-1.034347 54.040903,-1.034645 54.041195,-1.034804 54.040996,-1.034929 54.040892,-1.035227 54.040823,-1.035236 54.040938,-1.035771 54.040909,-1.036354 54.040951,-1.037363 54.041279,-1.038569 54.041539,-1.039166 54.041618,-1.039523 54.041628,-1.039779 54.041599,-1.040143 54.041451,-1.040575 54.041145,-1.040687 54.041029,-1.040894 54.040663,-1.040927 54.040485,-1.040938 54.039982,-1.041031 54.039644,-1.041204 54.039354,-1.041620 54.038866,-1.041891 54.038711,-1.043351 54.038279,-1.043813 54.038106,-1.045222 54.037438,-1.045304 54.037403,-1.045367 54.037416,-1.045491 54.037354,-1.045161 54.037187,-1.045104 54.037222,-1.044875 54.037103,-1.044683 54.037326,-1.044695 54.037378,-1.044417 54.037511,-1.044482 54.037595,-1.043271 54.038132,-1.043149 54.038012,-1.042589 54.038071,-1.041429 54.038373,-1.041190 54.038068,-1.040900 54.037614,-1.040483 54.037762,-1.039967 54.037865,-1.039947 54.037783,-1.039612 54.037766,-1.039144 54.037522,-1.039022 54.037318,-1.038938 54.037328,-1.038836 54.037044,-1.038648 54.037046,-1.038639 54.037005,-1.037576 54.037101,-1.037713 54.037441,-1.037879 54.037428,-1.037898 54.037493,-1.037986 54.037568,-1.038139 54.037504,-1.038139 54.037568),(-1.038980 54.040017,-1.038965 54.040021,-1.038934 54.040019,-1.038972 54.040018,-1.038980 54.040017),(-1.038868 54.040398,-1.038870 54.040398,-1.038865 54.040399,-1.038834 54.040399,-1.038868 54.040398)))",2021-01-03,,,/conservation-area/local-authority-eng/YOR/Conservation-Area-23
Acomb Conservation Area,Conservation Area 3,local-authority-eng:YOR,,"MULTIPOLYGON (((-1.134156 53.954667,-1.133374 53.954162,-1.133372 53.954089,-1.132787 53.953639,-1.132848 53.953409,-1.132815 53.953304,-1.132679 53.953134,-1.132597 53.953085,-1.132380 53.953055,-1.132213 53.952971,-1.131913 53.952676,-1.131168 53.952081,-1.130427 53.952381,-1.130992 53.952890,-1.130583 53.953031,-1.130743 53.953185,-1.129103 53.953768,-1.127744 53.954130,-1.127270 53.954287,-1.126637 53.954366,-1.126178 53.954375,-1.125282 53.954746,-1.124108 53.955171,-1.124400 53.955461,-1.126441 53.954724,-1.126448 53.955120,-1.126543 53.955459,-1.125837 53.955582,-1.125120 53.955751,-1.124589 53.955811,-1.124599 53.955962,-1.125319 53.955921,-1.125419 53.955984,-1.125554 53.956518,-1.125607 53.956541,-1.126615 53.956497,-1.126641 53.956530,-1.128319 53.956357,-1.128268 53.956216,-1.128643 53.956227,-1.129233 53.956091,-1.129317 53.956008,-1.129311 53.955921,-1.129265 53.955796,-1.129158 53.955668,-1.129505 53.955595,-1.129513 53.955692,-1.130185 53.955693,-1.130250 53.956041,-1.131325 53.955937,-1.131393 53.955932,-1.131405 53.955972,-1.131828 53.955924,-1.132146 53.956058,-1.132323 53.955871,-1.132508 53.955858,-1.132741 53.955910,-1.133176 53.955640,-1.132800 53.955400,-1.133002 53.955351,-1.134156 53.954667)))",2021-01-03,,,/conservation-area/local-authority-eng/YOR/Conservation-Area-3
Haxby Conservation Area,Conservation Area No. 22,local-authority-eng:YOR,,"MULTIPOLYGON (((-1.080006 54.017165,-1.079961 54.017073,-1.079836 54.017109,-1.079872 54.016852,-1.079484 54.016822,-1.079551 54.016621,-1.079037 54.016598,-1.079091 54.016269,-1.077729 54.015901,-1.077308 54.015953,-1.075053 54.015844,-1.072536 54.015604,-1.072469 54.015842,-1.072080 54.015811,-1.071556 54.016257,-1.071483 54.016742,-1.071544 54.016798,-1.071731 54.016799,-1.072334 54.016987,-1.072970 54.017111,-1.074367 54.017305,-1.076904 54.017325,-1.077887 54.017241,-1.078400 54.017263,-1.078425 54.017529,-1.079096 54.017470,-1.079660 54.017309,-1.080006 54.017165)))",2021-01-03,,,/conservation-area/local-authority-eng/YOR/Conservation-Area-No--22
Haxby Conservation Area,Conservation Area No. 22,local-authority-eng:YOR,,"MULTIPOLYGON (((-1.080006 54.017165,-1.079961 54.017073,-1.079836 54.017109,-1.079872 54.016852,-1.079484 54.016822,-1.079551 54.016621,-1.079037 54.016598,-1.079091 54.016269,-1.077729 54.015901,-1.077308 54.015953,-1.075053 54.015844,-1.072536 54.015604,-1.072469 54.015842,-1.072080 54.015811,-1.071556 54.016257,-1.071483 54.016742,-1.071544 54.016798,-1.071731 54.016799,-1.072334 54.016987,-1.072970 54.017111,-1.074367 54.017305,-1.076904 54.017325,-1.077887 54.017241,-1.078400 54.017263,-1.078425 54.017529,-1.079096 54.017470,-1.079660 54.017309,-1.080006 54.017165)))",2021-01-03,,,/conservation-area/local-authority-eng/YOR/Conservation-Area-No--22
Heslington Conservation Area,Conservation Area 28,local-authority-eng:YOR,,"MULTIPOLYGON (((-1.052735 53.944040,-1.052165 53.943416,-1.051826 53.943527,-1.051597 53.943270,-1.051000 53.942911,-1.050644 53.943010,-1.050817 53.943227,-1.050724 53.943253,-1.050754 53.943293,-1.050428 53.943388,-1.050352 53.943342,-1.049605 53.943554,-1.049467 53.943557,-1.048587 53.943848,-1.048114 53.943292,-1.047713 53.942899,-1.047728 53.942834,-1.047664 53.942838,-1.047310 53.942650,-1.046659 53.942031,-1.046191 53.942189,-1.045792 53.941860,-1.045460 53.941663,-1.044863 53.941091,-1.043627 53.941607,-1.043266 53.941327,-1.042493 53.941756,-1.043044 53.942094,-1.042796 53.942425,-1.042953 53.942485,-1.042245 53.942942,-1.042479 53.943087,-1.042621 53.943240,-1.042242 53.943420,-1.041729 53.943784,-1.042708 53.944337,-1.042828 53.944266,-1.043414 53.944615,-1.042762 53.944975,-1.042153 53.945414,-1.041511 53.945212,-1.039622 53.945734,-1.040647 53.946012,-1.042405 53.946845,-1.042641 53.947302,-1.042121 53.947430,-1.042261 53.947652,-1.042890 53.948306,-1.044121 53.947806,-1.044248 53.947879,-1.044358 53.947895,-1.044590 53.947751,-1.044897 53.947749,-1.045979 53.947922,-1.045979 53.947766,-1.046139 53.947524,-1.046238 53.947309,-1.046243 53.947230,-1.046437 53.947132,-1.046821 53.947115,-1.047547 53.946887,-1.047407 53.946736,-1.047348 53.946750,-1.047231 53.946611,-1.047180 53.946626,-1.046990 53.946399,-1.047767 53.946188,-1.047670 53.946074,-1.047801 53.946037,-1.047987 53.946217,-1.048285 53.946163,-1.048363 53.946257,-1.048112 53.946308,-1.048233 53.946463,-1.048723 53.946475,-1.048914 53.946532,-1.049212 53.946710,-1.049762 53.946679,-1.049780 53.946764,-1.049835 53.946767,-1.050079 53.946550,-1.049532 53.945812,-1.049998 53.945700,-1.050187 53.945847,-1.050754 53.945675,-1.050595 53.945512,-1.050652 53.945473,-1.050472 53.945302,-1.050499 53.945265,-1.050456 53.945196,-1.050367 53.945155,-1.050288 53.945186,-1.050110 53.945007,-1.050647 53.944856,-1.050704 53.944927,-1.050957 53.944763,-1.050853 53.944674,-1.051432 53.944459,-1.052002 53.944299,-1.052022 53.944269,-1.051983 53.944232,-1.052735 53.944040)))",2021-01-03,,,/conservation-area/local-authority-eng/YOR/Conservation-Area-28
Heslington Conservation Area,Conservation Area 28,local-authority-eng:YOR,,"MULTIPOLYGON (((-1.052754 53.944007,-1.052404 53.943674,-1.052182 53.943371,-1.051797 53.943504,-1.051573 53.943246,-1.050894 53.942880,-1.050585 53.942998,-1.050861 53.943211,-1.050449 53.943388,-1.050348 53.943327,-1.048578 53.943854,-1.048357 53.943522,-1.047834 53.942991,-1.047633 53.942839,-1.047331 53.942672,-1.047031 53.942414,-1.046684 53.942020,-1.046221 53.942197,-1.045344 53.941559,-1.044896 53.941074,-1.043636 53.941590,-1.043235 53.941301,-1.042460 53.941746,-1.043039 53.942066,-1.042802 53.942410,-1.042978 53.942487,-1.042255 53.942917,-1.042630 53.943221,-1.042115 53.943472,-1.041700 53.943784,-1.042681 53.944348,-1.042810 53.944274,-1.043362 53.944639,-1.042665 53.945055,-1.042147 53.945411,-1.041463 53.945226,-1.039617 53.945722,-1.040656 53.946001,-1.042394 53.946871,-1.042612 53.947354,-1.042126 53.947426,-1.042099 53.947531,-1.042947 53.948304,-1.044106 53.947787,-1.044409 53.947880,-1.044463 53.947775,-1.045177 53.947765,-1.045912 53.947907,-1.046098 53.947607,-1.046235 53.947188,-1.046440 53.947129,-1.046771 53.947132,-1.047541 53.946897,-1.047442 53.946761,-1.047289 53.946760,-1.046991 53.946412,-1.047736 53.946177,-1.047662 53.946041,-1.047790 53.946012,-1.048014 53.946240,-1.048271 53.946182,-1.048345 53.946257,-1.048115 53.946316,-1.048264 53.946482,-1.048773 53.946486,-1.049302 53.946761,-1.049355 53.946686,-1.049814 53.946675,-1.049837 53.946780,-1.050046 53.946556,-1.049553 53.945816,-1.049988 53.945714,-1.050240 53.945866,-1.050804 53.945691,-1.050579 53.945508,-1.050657 53.945464,-1.050508 53.945282,-1.050559 53.945283,-1.050383 53.945161,-1.050255 53.945190,-1.050157 53.945009,-1.050620 53.944847,-1.050721 53.944893,-1.050952 53.944790,-1.050827 53.944699,-1.052034 53.944287,-1.052035 53.944212,-1.052754 53.944007)))",2021-01-03,,,/conservation-area/local-authority-eng/YOR/Conservation-Area-28
Central Historic Core Conservation Area,Conservation Area 1,local-authority-eng:YOR,,"MULTIPOLYGON (((-1.093904 53.958070,-1.094074 53.957680,-1.094325 53.957307,-1.095570 53.956258,-1.095470 53.956209,-1.095265 53.956339,-1.095105 53.956260,-1.094578 53.956095,-1.094716 53.956004,-1.094707 53.955947,-1.094265 53.955559,-1.094398 53.955497,-1.094307 53.955382,-1.095386 53.955046,-1.095162 53.954766,-1.094541 53.954970,-1.094520 53.954944,-1.094375 53.954984,-1.094390 53.955029,-1.094291 53.955070,-1.094411 53.954662,-1.094387 53.954550,-1.094251 53.954382,-1.094807 53.954135,-1.095059 53.954419,-1.096227 53.954101,-1.096185 53.954043,-1.096351 53.953997,-1.097025 53.954078,-1.097196 53.954027,-1.097333 53.954030,-1.097349 53.954117,-1.097632 53.954514,-1.098109 53.954263,-1.098097 53.954244,-1.098937 53.953739,-1.098815 53.953682,-1.099247 53.953451,-1.099190 53.953471,-1.100029 53.952920,-1.100977 53.952359,-1.100521 53.952136,-1.100090 53.951858,-1.099930 53.951967,-1.098649 53.951354,-1.099039 53.951080,-1.098302 53.950743,-1.098430 53.950605,-1.097573 53.950301,-1.097470 53.950328,-1.097219 53.950303,-1.096993 53.950199,-1.096713 53.950330,-1.096769 53.950378,-1.096297 53.950518,-1.095926 53.950281,-1.095792 53.950285,-1.095046 53.950527,-1.094940 53.950230,-1.094966 53.950197,-1.094952 53.950131,-1.094903 53.950095,-1.094715 53.949432,-1.092843 53.949269,-1.092740 53.949327,-1.092697 53.949464,-1.092217 53.951536,-1.090202 53.951218,-1.090211 53.951342,-1.090165 53.951414,-1.088957 53.952630,-1.088641 53.952502,-1.088399 53.952706,-1.088037 53.952638,-1.087625 53.952960,-1.088292 53.953231,-1.088462 53.953080,-1.088407 53.953055,-1.088690 53.952840,-1.089061 53.952977,-1.089153 53.952980,-1.089332 53.953071,-1.088961 53.953385,-1.089216 53.953488,-1.089266 53.953536,-1.089023 53.953776,-1.089520 53.953956,-1.088821 53.954603,-1.086796 53.953773,-1.086353 53.953518,-1.085162 53.952693,-1.084562 53.952357,-1.084303 53.952388,-1.084133 53.952551,-1.083801 53.952973,-1.083579 53.952912,-1.083409 53.953087,-1.082930 53.953368,-1.082690 53.953428,-1.082518 53.953532,-1.081703 53.953797,-1.081826 53.953932,-1.080531 53.954329,-1.079922 53.954454,-1.079589 53.954454,-1.078727 53.954357,-1.077651 53.954308,-1.077738 53.954184,-1.077434 53.954105,-1.077182 53.953732,-1.077005 53.953531,-1.076920 53.953331,-1.076829 53.953299,-1.076701 53.953128,-1.076789 53.953126,-1.076595 53.952790,-1.076407 53.952819,-1.076210 53.952627,-1.076060 53.952287,-1.075966 53.951814,-1.075730 53.951814,-1.075774 53.951596,-1.075635 53.950976,-1.074857 53.950981,-1.074847 53.951225,-1.074965 53.951239,-1.074963 53.951319,-1.075356 53.951335,-1.075334 53.951546,-1.075268 53.951545,-1.075256 53.951697,-1.075230 53.951715,-1.075157 53.952047,-1.075253 53.952068,-1.075190 53.952349,-1.075050 53.952348,-1.075024 53.952533,-1.074915 53.952524,-1.074824 53.952866,-1.074815 53.953879,-1.073162 53.954037,-1.071566 53.954328,-1.071203 53.954103,-1.070933 53.954254,-1.070727 53.954417,-1.070634 53.954399,-1.070454 53.954660,-1.070506 53.954685,-1.070440 53.954782,-1.069772 53.954622,-1.069445 53.954574,-1.069380 53.954703,-1.068962 53.954632,-1.069247 53.954075,-1.069446 53.953770,-1.068413 53.953600,-1.068143 53.954165,-1.068079 53.954500,-1.067763 53.954463,-1.067730 53.954829,-1.068138 53.954880,-1.068108 53.955047,-1.069678 53.955226,-1.069667 53.955327,-1.070026 53.955367,-1.069927 53.955995,-1.070489 53.955997,-1.070518 53.956321,-1.070758 53.957166,-1.071263 53.958410,-1.071337 53.958545,-1.071478 53.958642,-1.071583 53.958585,-1.073161 53.958229,-1.073446 53.958599,-1.073894 53.958448,-1.075526 53.958124,-1.076221 53.958037,-1.077347 53.957968,-1.077629 53.958222,-1.077461 53.958303,-1.077669 53.958408,-1.078482 53.958935,-1.078452 53.958990,-1.078455 53.959131,-1.077791 53.959049,-1.077485 53.959057,-1.077218 53.959114,-1.076914 53.959252,-1.075553 53.960463,-1.074302 53.961376,-1.074794 53.961541,-1.074921 53.961512,-1.075234 53.961526,-1.075591 53.961616,-1.075801 53.961727,-1.075900 53.961845,-1.075750 53.961981,-1.075840 53.962026,-1.075614 53.962191,-1.076204 53.962488,-1.076060 53.962594,-1.075985 53.962576,-1.075851 53.962670,-1.075711 53.962616,-1.075064 53.963043,-1.075369 53.963200,-1.074779 53.963599,-1.074429 53.963876,-1.073801 53.964517,-1.074311 53.964698,-1.074467 53.964792,-1.074562 53.964855,-1.074438 53.964988,-1.074786 53.965126,-1.075494 53.964662,-1.075676 53.964769,-1.076482 53.964348,-1.076701 53.964476,-1.077270 53.964089,-1.077831 53.964399,-1.078812 53.963777,-1.079057 53.963891,-1.079260 53.964096,-1.076977 53.965594,-1.077272 53.965724,-1.077945 53.965261,-1.078226 53.965380,-1.078667 53.965073,-1.078772 53.965124,-1.079173 53.964838,-1.079294 53.964884,-1.079355 53.964849,-1.080577 53.965518,-1.080737 53.965394,-1.081400 53.965790,-1.082115 53.965013,-1.082641 53.965125,-1.082576 53.965218,-1.082631 53.965223,-1.082639 53.965292,-1.082711 53.965333,-1.082845 53.965172,-1.082974 53.965229,-1.083080 53.965498,-1.083579 53.965562,-1.084503 53.965898,-1.084640 53.965976,-1.083395 53.967166,-1.083024 53.967057,-1.082973 53.967097,-1.082376 53.967652,-1.082160 53.968072,-1.082047 53.968090,-1.081497 53.967932,-1.081448 53.968186,-1.083416 53.968573,-1.084581 53.968628,-1.087111 53.968665,-1.087181 53.968352,-1.087405 53.967990,-1.087673 53.967718,-1.088026 53.967428,-1.090172 53.965944,-1.090288 53.966003,-1.090739 53.965718,-1.090633 53.965650,-1.090809 53.965545,-1.090619 53.965446,-1.091015 53.965064,-1.090970 53.965037,-1.091242 53.964742,-1.091912 53.964140,-1.091627 53.963785,-1.091310 53.963480,-1.091588 53.963129,-1.093070 53.960797,-1.093091 53.960541,-1.092968 53.960145,-1.093367 53.960139,-1.093363 53.959877,-1.093317 53.959656,-1.093160 53.959177,-1.093849 53.959122,-1.093816 53.958754,-1.093829 53.958494,-1.093841 53.958313,-1.093904 53.958070)))",2021-01-03,,,/conservation-area/local-authority-eng/YOR/Conservation-Area-1
Clifton Conservation Area,Conservation Area 2,local-authority-eng:YOR,,"MULTIPOLYGON (((-1.105863 53.969459,-1.105699 53.969306,-1.105742 53.969193,-1.105760 53.968845,-1.105681 53.968862,-1.105362 53.968795,-1.105203 53.968808,-1.104854 53.968766,-1.104221 53.968632,-1.103824 53.968503,-1.103364 53.968239,-1.103108 53.968048,-1.102935 53.967869,-1.102925 53.967773,-1.102451 53.967932,-1.102190 53.967984,-1.100888 53.968679,-1.100227 53.968959,-1.099055 53.969324,-1.099017 53.969137,-1.098261 53.969154,-1.098019 53.969120,-1.097967 53.969086,-1.097792 53.969159,-1.097389 53.968940,-1.097133 53.968951,-1.096864 53.968832,-1.096660 53.968891,-1.096385 53.968757,-1.096499 53.968674,-1.096385 53.968643,-1.095451 53.968159,-1.096886 53.967306,-1.096915 53.967318,-1.097164 53.967203,-1.097001 53.966888,-1.096590 53.966471,-1.096557 53.966416,-1.096578 53.966259,-1.096464 53.966106,-1.096380 53.966062,-1.096326 53.965930,-1.095965 53.965743,-1.095833 53.965560,-1.095523 53.965354,-1.095372 53.965428,-1.093249 53.964681,-1.093661 53.964206,-1.094033 53.963865,-1.094107 53.963770,-1.094079 53.963761,-1.094479 53.963380,-1.093618 53.963060,-1.093051 53.963606,-1.091800 53.963201,-1.091470 53.963541,-1.091805 53.963985,-1.092011 53.964182,-1.091033 53.965039,-1.090985 53.965093,-1.091238 53.965188,-1.090970 53.965423,-1.090575 53.965700,-1.090668 53.965749,-1.090300 53.966012,-1.090452 53.966084,-1.090112 53.966324,-1.090523 53.966495,-1.090118 53.966795,-1.090545 53.966982,-1.089948 53.967433,-1.089677 53.967503,-1.089410 53.967725,-1.089651 53.967832,-1.089265 53.968172,-1.089090 53.968390,-1.089038 53.968661,-1.091314 53.968748,-1.091302 53.968907,-1.092036 53.969144,-1.092273 53.968864,-1.092236 53.968852,-1.093049 53.968138,-1.093080 53.968150,-1.093246 53.968024,-1.093301 53.968055,-1.093440 53.967949,-1.093682 53.968128,-1.093617 53.968168,-1.093992 53.968412,-1.093957 53.968433,-1.094555 53.968802,-1.094470 53.968853,-1.094816 53.969068,-1.095079 53.968929,-1.095530 53.969276,-1.095554 53.969368,-1.096137 53.969780,-1.096075 53.969810,-1.096282 53.969977,-1.096210 53.970010,-1.096548 53.970289,-1.096354 53.970369,-1.096822 53.970766,-1.096300 53.970907,-1.096565 53.971231,-1.096983 53.971121,-1.097099 53.971214,-1.098061 53.970874,-1.099020 53.971482,-1.099221 53.971684,-1.099470 53.972119,-1.099602 53.972279,-1.100453 53.972954,-1.101098 53.973577,-1.101456 53.974024,-1.101840 53.974612,-1.104338 53.973178,-1.103886 53.972839,-1.105062 53.971999,-1.104192 53.971538,-1.104127 53.971577,-1.103249 53.971071,-1.102863 53.970885,-1.104627 53.969956,-1.104761 53.970060,-1.105295 53.969847,-1.105863 53.969459)))",2021-01-03,,,/conservation-area/local-authority-eng/YOR/Conservation-Area-2
St. Paul's Square/Holgate Road Conservation Area,Conservation Area 4,local-authority-eng:YOR,,"MULTIPOLYGON (((-1.100926 53.956048,-1.102112 53.955599,-1.102142 53.955545,-1.102066 53.955203,-1.102098 53.954956,-1.102714 53.954536,-1.103134 53.954153,-1.103438 53.954235,-1.104857 53.954776,-1.105859 53.955033,-1.106139 53.955151,-1.106293 53.955262,-1.106571 53.955072,-1.106617 53.954854,-1.106065 53.954656,-1.105439 53.954513,-1.105431 53.954342,-1.105584 53.954173,-1.105594 53.954110,-1.105441 53.953908,-1.105387 53.953667,-1.105221 53.953508,-1.105277 53.953392,-1.105263 53.953305,-1.104258 53.953172,-1.104272 53.953130,-1.103270 53.952994,-1.103210 53.953244,-1.101757 53.953138,-1.101713 53.953459,-1.101733 53.953935,-1.101393 53.953882,-1.100665 53.953703,-1.099500 53.953717,-1.099499 53.954062,-1.100180 53.954065,-1.100069 53.954218,-1.100512 53.954338,-1.100380 53.954499,-1.100589 53.954553,-1.100171 53.955008,-1.099991 53.954966,-1.099855 53.955118,-1.100926 53.956048)))",2021-01-03,,,/conservation-area/local-authority-eng/YOR/Conservation-Area-4
Heworth Green/East Parade Conservation Area,Conservation Area 5,local-authority-eng:YOR,,"MULTIPOLYGON (((-1.073899 53.971124,-1.073841 53.970664,-1.073579 53.969518,-1.073615 53.969478,-1.073415 53.968383,-1.073538 53.968216,-1.073478 53.968143,-1.074002 53.967653,-1.074037 53.967497,-1.073962 53.967447,-1.073331 53.967289,-1.074038 53.966407,-1.073815 53.966320,-1.074094 53.966094,-1.074309 53.966192,-1.074494 53.966047,-1.074061 53.965873,-1.074243 53.965703,-1.074378 53.965742,-1.074431 53.965699,-1.074481 53.965605,-1.074407 53.965583,-1.074594 53.965455,-1.074443 53.965414,-1.074592 53.965269,-1.074837 53.965105,-1.074493 53.964944,-1.073543 53.965105,-1.072946 53.965268,-1.072755 53.965371,-1.072974 53.965793,-1.072975 53.965848,-1.072863 53.965975,-1.072680 53.966111,-1.072227 53.966272,-1.071786 53.965977,-1.071397 53.965631,-1.071947 53.965528,-1.071696 53.965203,-1.070587 53.965526,-1.070463 53.965640,-1.070293 53.965694,-1.069560 53.965827,-1.069369 53.965901,-1.069297 53.965825,-1.068555 53.966071,-1.068426 53.965892,-1.068242 53.965891,-1.068254 53.966121,-1.068305 53.966293,-1.067900 53.966378,-1.067329 53.965756,-1.066176 53.966003,-1.066328 53.966242,-1.066014 53.966310,-1.066127 53.966485,-1.064338 53.966876,-1.064163 53.966596,-1.063913 53.966651,-1.063800 53.966475,-1.063296 53.966593,-1.063065 53.966256,-1.063106 53.966213,-1.063038 53.966120,-1.064045 53.965917,-1.064104 53.965983,-1.064203 53.965991,-1.065691 53.965682,-1.067052 53.965354,-1.066853 53.965004,-1.066713 53.964679,-1.065822 53.964795,-1.065754 53.964546,-1.065517 53.964443,-1.065443 53.964517,-1.063370 53.964890,-1.063313 53.964761,-1.061812 53.964942,-1.062016 53.965444,-1.060091 53.965781,-1.059878 53.965346,-1.058921 53.965483,-1.059101 53.966134,-1.058592 53.966159,-1.058586 53.966121,-1.057364 53.966159,-1.057352 53.966206,-1.056610 53.966222,-1.056393 53.965817,-1.056117 53.965782,-1.055981 53.965714,-1.055539 53.965972,-1.055454 53.965947,-1.055133 53.966151,-1.055104 53.966237,-1.055150 53.966310,-1.055392 53.966543,-1.055013 53.966706,-1.054432 53.966896,-1.053935 53.966961,-1.053607 53.967081,-1.053039 53.966657,-1.052721 53.966843,-1.052740 53.966901,-1.052484 53.966994,-1.052551 53.967034,-1.052397 53.967167,-1.052659 53.967391,-1.052770 53.967527,-1.053235 53.967404,-1.053371 53.967501,-1.053739 53.967568,-1.054016 53.967573,-1.054317 53.967460,-1.054368 53.967512,-1.054559 53.967450,-1.054675 53.967564,-1.054961 53.967488,-1.056403 53.966905,-1.056518 53.966873,-1.056556 53.966963,-1.056789 53.966895,-1.056741 53.966836,-1.057595 53.966665,-1.057633 53.966777,-1.059148 53.966708,-1.059104 53.966923,-1.059162 53.966943,-1.059163 53.966972,-1.059067 53.967206,-1.059626 53.966931,-1.061040 53.967343,-1.061232 53.967120,-1.062930 53.967634,-1.062908 53.967732,-1.062743 53.967825,-1.063397 53.968024,-1.063681 53.967740,-1.064110 53.967538,-1.065946 53.967169,-1.067414 53.966719,-1.069788 53.966076,-1.070303 53.966688,-1.069683 53.967061,-1.070385 53.967831,-1.070613 53.967825,-1.070843 53.967897,-1.071948 53.968495,-1.072173 53.968658,-1.072334 53.968823,-1.072283 53.968944,-1.072326 53.969065,-1.072586 53.969235,-1.072963 53.970361,-1.073212 53.970393,-1.073230 53.970994,-1.073650 53.971336,-1.073644 53.971121,-1.073899 53.971124),(-1.071936 53.967857,-1.072003 53.967858,-1.072022 53.968030,-1.071711 53.968051,-1.070906 53.967597,-1.070833 53.967505,-1.070858 53.967355,-1.070978 53.967252,-1.071384 53.967094,-1.072000 53.966649,-1.072765 53.966400,-1.072853 53.966457,-1.072803 53.966510,-1.072541 53.966590,-1.072479 53.966579,-1.071810 53.967852,-1.071936 53.967857)))",2021-01-03,,,/conservation-area/local-authority-eng/YOR/Conservation-Area-5
New Walk/Terry Avenue,Conservation Area 6,local-authority-eng:YOR,,"MULTIPOLYGON (((-1.078963 53.947283,-1.078942 53.947523,-1.078795 53.947515,-1.078737 53.947898,-1.078426 53.947885,-1.077837 53.948695,-1.077712 53.948667,-1.077675 53.948887,-1.077717 53.948889,-1.077594 53.949306,-1.077627 53.949363,-1.077597 53.949582,-1.076980 53.949547,-1.076962 53.949656,-1.075433 53.949626,-1.075268 53.949835,-1.075219 53.949937,-1.075224 53.950018,-1.075559 53.950258,-1.075607 53.950344,-1.075807 53.950306,-1.076707 53.950268,-1.076709 53.950423,-1.077219 53.950390,-1.077266 53.950545,-1.077298 53.950894,-1.077715 53.950865,-1.077692 53.951369,-1.078069 53.951572,-1.078192 53.951702,-1.078270 53.952248,-1.078343 53.952378,-1.078420 53.952976,-1.078402 53.953182,-1.077969 53.953693,-1.077676 53.954251,-1.077609 53.954318,-1.077926 53.954357,-1.078853 53.954380,-1.079448 53.954472,-1.080005 53.954465,-1.080343 53.954400,-1.081866 53.953941,-1.080697 53.952665,-1.080525 53.952536,-1.079949 53.951904,-1.079609 53.951453,-1.079508 53.951274,-1.079516 53.951216,-1.079544 53.951213,-1.079194 53.950356,-1.079151 53.950155,-1.079152 53.949859,-1.079287 53.949439,-1.079666 53.948865,-1.081862 53.946072,-1.082300 53.945550,-1.082361 53.945518,-1.081309 53.945257,-1.080809 53.945210,-1.080002 53.946363,-1.079566 53.946357,-1.078912 53.947279,-1.078963 53.947283)))",2021-01-03,,,/conservation-area/local-authority-eng/YOR/Conservation-Area-6
Fulford Road Conservation Area,Conservation Area 7,local-authority-eng:YOR,,"MULTIPOLYGON (((-1.073297 53.947177,-1.073351 53.947567,-1.073788 53.947552,-1.073857 53.948070,-1.073873 53.948590,-1.073777 53.948755,-1.073492 53.949107,-1.073844 53.949184,-1.073759 53.949479,-1.074246 53.949528,-1.074384 53.949464,-1.074559 53.949625,-1.075013 53.949931,-1.075097 53.950035,-1.075185 53.950026,-1.075209 53.949882,-1.075335 53.949708,-1.074936 53.949384,-1.074787 53.949199,-1.074788 53.949146,-1.074466 53.949128,-1.074442 53.948938,-1.074708 53.948937,-1.074724 53.948709,-1.074997 53.948711,-1.074963 53.948266,-1.075032 53.948263,-1.075020 53.948140,-1.075989 53.948184,-1.076005 53.947388,-1.075825 53.947303,-1.075820 53.947080,-1.075913 53.946490,-1.076196 53.946492,-1.076205 53.946292,-1.074217 53.946257,-1.074179 53.945474,-1.074191 53.945145,-1.074003 53.945139,-1.074001 53.944654,-1.074097 53.944023,-1.074356 53.944011,-1.074427 53.943412,-1.074222 53.943418,-1.074297 53.943044,-1.075945 53.942971,-1.075749 53.941797,-1.075366 53.941811,-1.075306 53.941405,-1.075763 53.941378,-1.075744 53.940928,-1.075718 53.940900,-1.074830 53.940943,-1.074809 53.940693,-1.074454 53.940703,-1.074353 53.940390,-1.075057 53.940334,-1.075038 53.940190,-1.075712 53.940113,-1.075733 53.940064,-1.078699 53.939715,-1.078564 53.939302,-1.073846 53.939854,-1.074064 53.940709,-1.073547 53.940785,-1.073662 53.941093,-1.073229 53.941162,-1.073333 53.941548,-1.073497 53.941532,-1.073548 53.941713,-1.073254 53.941733,-1.073388 53.942400,-1.073910 53.942373,-1.073904 53.942707,-1.073835 53.943011,-1.073562 53.943005,-1.073498 53.942732,-1.071857 53.942804,-1.072129 53.945194,-1.073273 53.945165,-1.073359 53.946143,-1.073186 53.946361,-1.073297 53.947177)))",2021-01-03,,,/conservation-area/local-authority-eng/YOR/Conservation-Area-7
Tadcaster Road Conservation Area,Conservation Area 9,local-authority-eng:YOR,,"MULTIPOLYGON (((-1.104504 53.939858,-1.101884 53.939577,-1.100653 53.944087,-1.100601 53.944434,-1.100257 53.945569,-1.099600 53.948153,-1.099458 53.948608,-1.099112 53.948576,-1.098491 53.948584,-1.098216 53.948659,-1.098165 53.948730,-1.098202 53.948742,-1.098120 53.948918,-1.098017 53.949085,-1.098155 53.949135,-1.097991 53.949440,-1.098480 53.949701,-1.098243 53.949934,-1.098044 53.949866,-1.097580 53.950299,-1.098432 53.950605,-1.098461 53.950574,-1.098835 53.950507,-1.098916 53.950437,-1.098852 53.950248,-1.098877 53.950214,-1.098814 53.950202,-1.099051 53.949933,-1.099282 53.950076,-1.099313 53.950060,-1.099424 53.950124,-1.099826 53.950392,-1.100338 53.949954,-1.100337 53.949915,-1.100426 53.949818,-1.100435 53.949704,-1.100500 53.949656,-1.100691 53.949385,-1.100850 53.949333,-1.103521 53.949340,-1.103609 53.948945,-1.103681 53.948945,-1.103714 53.948823,-1.103923 53.948841,-1.104022 53.948400,-1.103346 53.948389,-1.103372 53.948283,-1.102277 53.948205,-1.102247 53.948314,-1.100705 53.948211,-1.101320 53.947055,-1.101525 53.946742,-1.101843 53.946359,-1.102208 53.946402,-1.102633 53.945675,-1.104772 53.945849,-1.105074 53.944674,-1.106270 53.944738,-1.106258 53.944508,-1.106109 53.943779,-1.106721 53.943758,-1.106670 53.943281,-1.106713 53.942910,-1.105214 53.942916,-1.104896 53.942887,-1.104585 53.942806,-1.106477 53.940442,-1.106794 53.940516,-1.107209 53.939983,-1.106964 53.939900,-1.107551 53.939336,-1.107839 53.939438,-1.108473 53.938713,-1.108200 53.938633,-1.108327 53.938481,-1.108571 53.938530,-1.109153 53.937895,-1.108690 53.937788,-1.108626 53.937856,-1.107602 53.937658,-1.107277 53.938350,-1.107076 53.938699,-1.107700 53.938859,-1.107406 53.939150,-1.105933 53.938838,-1.105171 53.939877,-1.104504 53.939858)))",2021-01-03,,,/conservation-area/local-authority-eng/YOR/Conservation-Area-9
The Racecourse and Terry's Factory Conservation Area,Conservation Area 10,local-authority-eng:YOR,,"MULTIPOLYGON (((-1.090141 53.941286,-1.090357 53.943183,-1.093318 53.942824,-1.093746 53.942858,-1.094140 53.943001,-1.094372 53.942941,-1.094194 53.942684,-1.094680 53.941855,-1.094702 53.941778,-1.094619 53.941496,-1.095431 53.941486,-1.095269 53.938803,-1.093466 53.938845,-1.091090 53.938662,-1.091160 53.939324,-1.090107 53.939405,-1.087712 53.939486,-1.087693 53.939837,-1.087576 53.940373,-1.087466 53.940713,-1.087119 53.941549,-1.089579 53.941436,-1.089562 53.941324,-1.090141 53.941286)))",2021-01-03,,,/conservation-area/local-authority-eng/YOR/Conservation-Area-10
Middlethorpe Conservation Area,Conservation Area 11,local-authority-eng:YOR,,"MULTIPOLYGON (((-1.085476 53.932028,-1.086878 53.931963,-1.086808 53.931605,-1.087530 53.931592,-1.087505 53.931204,-1.089343 53.931236,-1.089375 53.930840,-1.090254 53.930845,-1.090382 53.930901,-1.090404 53.930954,-1.090707 53.930129,-1.090948 53.929777,-1.092994 53.928040,-1.093367 53.927755,-1.093559 53.927533,-1.093878 53.927055,-1.093851 53.926893,-1.093859 53.926578,-1.093917 53.926236,-1.093212 53.926159,-1.092355 53.926175,-1.091421 53.926107,-1.091142 53.926145,-1.090754 53.926306,-1.090431 53.926598,-1.090236 53.926840,-1.090163 53.926960,-1.090143 53.927157,-1.089860 53.927165,-1.089864 53.927371,-1.089965 53.927621,-1.090167 53.927824,-1.089188 53.928683,-1.088982 53.928818,-1.088581 53.928936,-1.088367 53.929037,-1.088274 53.929137,-1.088068 53.929263,-1.087943 53.929415,-1.087363 53.929846,-1.087176 53.930088,-1.087082 53.930160,-1.086951 53.930138,-1.085374 53.930495,-1.084695 53.930580,-1.084746 53.930752,-1.084683 53.930770,-1.084695 53.930930,-1.084741 53.931006,-1.084934 53.931067,-1.084947 53.931200,-1.085476 53.932028)))",2021-01-03,,,/conservation-area/local-authority-eng/YOR/Conservation-Area-11
Bishopthorpe Conservation Area,Conservation Area 12,local-authority-eng:YOR,,"MULTIPOLYGON (((-1.091025 53.925803,-1.091270 53.926000,-1.091436 53.926069,-1.092323 53.926159,-1.093197 53.926137,-1.093924 53.926217,-1.095590 53.926630,-1.096194 53.926719,-1.096266 53.926498,-1.096589 53.926522,-1.096835 53.926497,-1.097921 53.926007,-1.098140 53.925951,-1.098684 53.925884,-1.099435 53.925668,-1.099897 53.925457,-1.100007 53.925336,-1.100435 53.925042,-1.100705 53.925004,-1.100986 53.925026,-1.100988 53.924908,-1.101203 53.924869,-1.102016 53.924829,-1.101819 53.924558,-1.101620 53.924188,-1.101195 53.923285,-1.100792 53.922548,-1.100369 53.921594,-1.100863 53.921530,-1.100777 53.921217,-1.100683 53.921121,-1.100705 53.921064,-1.100486 53.920968,-1.100307 53.920753,-1.099642 53.920895,-1.098452 53.921081,-1.097998 53.920491,-1.097606 53.920592,-1.097204 53.920114,-1.097134 53.920113,-1.096793 53.920242,-1.095924 53.920483,-1.095986 53.920460,-1.094785 53.920737,-1.094973 53.921014,-1.095105 53.921326,-1.094208 53.921516,-1.093616 53.920760,-1.092821 53.919900,-1.089213 53.920492,-1.089164 53.920303,-1.089190 53.920155,-1.086781 53.920479,-1.086866 53.920732,-1.087138 53.921091,-1.087269 53.921199,-1.087566 53.921371,-1.089260 53.922018,-1.090993 53.922795,-1.091581 53.923401,-1.091875 53.923763,-1.091961 53.923953,-1.092028 53.924427,-1.091999 53.924472,-1.091965 53.924782,-1.091695 53.925288,-1.091530 53.925464,-1.091025 53.925803)))",2021-01-03,,,/conservation-area/local-authority-eng/YOR/Conservation-Area-12
Copmanthorpe Conservation Area,Conservation Area 13,local-authority-eng:YOR,,"MULTIPOLYGON (((-1.141955 53.915663,-1.141963 53.916047,-1.142557 53.916019,-1.142528 53.915529,-1.142656 53.915500,-1.142625 53.915421,-1.142618 53.915041,-1.142155 53.915054,-1.142206 53.914560,-1.142517 53.913639,-1.142434 53.913634,-1.142590 53.913165,-1.142593 53.912926,-1.142916 53.912942,-1.143041 53.912903,-1.143076 53.912784,-1.143051 53.912638,-1.142870 53.912653,-1.142852 53.912473,-1.142363 53.912465,-1.142631 53.911964,-1.142704 53.911654,-1.142124 53.911649,-1.142066 53.911941,-1.141540 53.911904,-1.141546 53.912659,-1.141443 53.913277,-1.141472 53.913282,-1.141440 53.913639,-1.141353 53.913802,-1.140989 53.914325,-1.140917 53.914351,-1.140089 53.914287,-1.139970 53.914592,-1.139642 53.914539,-1.139581 53.914564,-1.139455 53.915091,-1.139066 53.915568,-1.138961 53.915647,-1.139159 53.915657,-1.138894 53.915923,-1.138829 53.916097,-1.139465 53.916152,-1.139883 53.916223,-1.139870 53.916064,-1.140172 53.916044,-1.140185 53.915919,-1.140255 53.915921,-1.140476 53.915625,-1.140578 53.915398,-1.140787 53.915570,-1.140791 53.915704,-1.141045 53.915721,-1.141955 53.915663)))",2021-01-03,,,/conservation-area/local-authority-eng/YOR/Conservation-Area-13
Askham Bryan Conservation Area,Conservation Area 14,local-authority-eng:YOR,,"MULTIPOLYGON (((-1.168594 53.928667,-1.168389 53.928445,-1.168349 53.928116,-1.167616 53.928149,-1.167598 53.928075,-1.167399 53.928096,-1.167393 53.927931,-1.167210 53.927930,-1.167127 53.927798,-1.167031 53.927815,-1.166850 53.927510,-1.166645 53.927057,-1.165214 53.927345,-1.165108 53.927177,-1.164978 53.926809,-1.164580 53.926838,-1.164545 53.926772,-1.164476 53.926753,-1.164358 53.926804,-1.163895 53.926846,-1.163813 53.926710,-1.162089 53.927066,-1.162474 53.928049,-1.160965 53.928333,-1.160799 53.928039,-1.160394 53.927020,-1.159005 53.927226,-1.158971 53.927262,-1.159195 53.927695,-1.159068 53.927745,-1.157459 53.927947,-1.157215 53.928022,-1.157188 53.927982,-1.156977 53.928027,-1.156079 53.928093,-1.156107 53.928152,-1.156497 53.928305,-1.156500 53.928435,-1.156218 53.928454,-1.155820 53.928577,-1.155573 53.928702,-1.155373 53.928855,-1.155280 53.928975,-1.155246 53.928957,-1.155202 53.928989,-1.154278 53.929896,-1.154059 53.929990,-1.154188 53.930135,-1.154576 53.930079,-1.154735 53.930317,-1.154962 53.930274,-1.155326 53.930258,-1.155363 53.930627,-1.156409 53.930417,-1.156721 53.929806,-1.157090 53.929921,-1.157624 53.929989,-1.158490 53.929940,-1.158510 53.930010,-1.159220 53.930645,-1.159599 53.930610,-1.159737 53.931042,-1.162261 53.930711,-1.161917 53.930049,-1.162999 53.929877,-1.163164 53.929916,-1.163412 53.929817,-1.163820 53.929743,-1.163668 53.929421,-1.163850 53.929379,-1.164128 53.929429,-1.164724 53.929356,-1.164620 53.929053,-1.165092 53.928971,-1.165012 53.928728,-1.165577 53.928723,-1.165660 53.929009,-1.166130 53.928923,-1.166721 53.928879,-1.166708 53.928813,-1.167375 53.928784,-1.167317 53.928546,-1.168202 53.928663,-1.168594 53.928667)),((-1.164297 53.929424,-1.164401 53.929414,-1.164472 53.929398,-1.164297 53.929424)))",2021-01-03,,,/conservation-area/local-authority-eng/YOR/Conservation-Area-14
Askham Richard Conservation Area,Conservation Area 15,local-authority-eng:YOR,,"MULTIPOLYGON (((-1.183846 53.927301,-1.184179 53.927463,-1.184256 53.927840,-1.184369 53.927832,-1.184459 53.927780,-1.184457 53.927672,-1.184335 53.927330,-1.184350 53.927185,-1.186620 53.927203,-1.186908 53.927136,-1.186889 53.927098,-1.187868 53.926861,-1.187561 53.926391,-1.186977 53.926521,-1.186862 53.926389,-1.186795 53.926305,-1.186661 53.925937,-1.186662 53.925623,-1.186577 53.925634,-1.186265 53.925134,-1.186051 53.924635,-1.187119 53.924417,-1.187819 53.924155,-1.187179 53.923651,-1.186410 53.922824,-1.186264 53.922820,-1.185425 53.923022,-1.184142 53.923269,-1.184107 53.923171,-1.183918 53.922928,-1.183225 53.923008,-1.183021 53.923059,-1.183036 53.923163,-1.182840 53.923248,-1.181901 53.923613,-1.180915 53.923920,-1.181237 53.924456,-1.181697 53.925377,-1.182399 53.925251,-1.182563 53.925469,-1.182470 53.925496,-1.182565 53.925567,-1.182313 53.925896,-1.182647 53.926064,-1.182646 53.926116,-1.182867 53.926287,-1.183104 53.926330,-1.182922 53.927006,-1.182835 53.927132,-1.182897 53.927273,-1.183540 53.927234,-1.183846 53.927301)))",2021-01-03,,,/conservation-area/local-authority-eng/YOR/Conservation-Area-15
Upper Poppleton Conservation Area,Conservation Area 16,local-authority-eng:YOR,,"MULTIPOLYGON (((-1.156214 53.979016,-1.156016 53.978909,-1.156478 53.978614,-1.156850 53.978815,-1.157112 53.978620,-1.156838 53.978455,-1.157236 53.978218,-1.157347 53.978281,-1.158307 53.977894,-1.157539 53.977466,-1.156499 53.977889,-1.154842 53.977155,-1.154685 53.977368,-1.154488 53.977815,-1.154293 53.977823,-1.154160 53.977715,-1.153346 53.977922,-1.152134 53.978330,-1.152219 53.978422,-1.151756 53.978596,-1.151672 53.978500,-1.151016 53.978720,-1.151110 53.978816,-1.150446 53.978986,-1.150568 53.979139,-1.150160 53.979230,-1.148768 53.979719,-1.148600 53.979538,-1.147789 53.979751,-1.148077 53.980236,-1.148791 53.980065,-1.148847 53.980099,-1.148894 53.980185,-1.150070 53.979921,-1.151115 53.979733,-1.151293 53.980206,-1.151758 53.980127,-1.151924 53.980419,-1.151874 53.980434,-1.151955 53.980557,-1.152339 53.980480,-1.152603 53.980950,-1.152687 53.981049,-1.152756 53.981067,-1.152768 53.981171,-1.153018 53.981689,-1.152988 53.981693,-1.153142 53.981960,-1.152757 53.982036,-1.152855 53.982221,-1.153343 53.982135,-1.153435 53.982303,-1.153072 53.982359,-1.153163 53.982697,-1.152682 53.982771,-1.152699 53.982975,-1.152731 53.982969,-1.152860 53.983301,-1.151989 53.983357,-1.151096 53.983594,-1.150919 53.983667,-1.150980 53.983763,-1.151389 53.984116,-1.151533 53.984195,-1.151880 53.984042,-1.151803 53.983917,-1.153557 53.983495,-1.153725 53.983155,-1.153851 53.983002,-1.153945 53.982757,-1.153957 53.982473,-1.154253 53.982574,-1.154492 53.982363,-1.154744 53.982459,-1.154832 53.982379,-1.155240 53.982528,-1.155311 53.982341,-1.155449 53.981715,-1.155340 53.981690,-1.155347 53.981658,-1.155035 53.981481,-1.155216 53.981342,-1.155273 53.981366,-1.155335 53.981351,-1.155655 53.981074,-1.156939 53.980240,-1.157326 53.980027,-1.157758 53.979857,-1.156214 53.979016)))",2021-01-03,,,/conservation-area/local-authority-eng/YOR/Conservation-Area-16
Nether Poppleton Conservation Area,Conservation Area 17,local-authority-eng:YOR,,"MULTIPOLYGON (((-1.147591 53.987052,-1.147427 53.986934,-1.147334 53.986964,-1.146974 53.986757,-1.146753 53.986841,-1.146674 53.986783,-1.146530 53.986839,-1.146915 53.987193,-1.146355 53.987303,-1.146256 53.987210,-1.144581 53.987563,-1.144442 53.987400,-1.144370 53.987363,-1.144154 53.987360,-1.143851 53.987461,-1.143398 53.987062,-1.143329 53.987046,-1.142253 53.987346,-1.141257 53.987703,-1.141105 53.987669,-1.141041 53.987619,-1.140732 53.987504,-1.140597 53.987372,-1.140186 53.987088,-1.139983 53.987155,-1.140330 53.987411,-1.140574 53.987904,-1.139649 53.988172,-1.138092 53.988696,-1.137958 53.988775,-1.137703 53.989096,-1.138088 53.989492,-1.138686 53.989923,-1.138818 53.989986,-1.138822 53.990015,-1.139476 53.990492,-1.140460 53.990205,-1.141152 53.989881,-1.141726 53.989766,-1.143106 53.989397,-1.144122 53.989208,-1.145204 53.989104,-1.147061 53.988814,-1.148160 53.988717,-1.148622 53.988742,-1.149976 53.988615,-1.151054 53.988766,-1.151313 53.988765,-1.151696 53.988861,-1.153106 53.987622,-1.155148 53.986555,-1.155850 53.986414,-1.156317 53.986570,-1.156594 53.986292,-1.155903 53.986023,-1.155996 53.985432,-1.155775 53.985373,-1.155534 53.985247,-1.154886 53.985724,-1.154492 53.985973,-1.155109 53.986261,-1.154997 53.986348,-1.153949 53.986753,-1.153098 53.986998,-1.152743 53.987141,-1.152406 53.987041,-1.152298 53.987136,-1.152331 53.987147,-1.152282 53.987194,-1.151952 53.987367,-1.151720 53.987672,-1.151359 53.988011,-1.151134 53.988139,-1.150938 53.988295,-1.150783 53.988334,-1.150109 53.988275,-1.149128 53.987896,-1.148970 53.987902,-1.149935 53.987260,-1.149476 53.987001,-1.149581 53.986937,-1.149281 53.986783,-1.149306 53.986757,-1.148994 53.986544,-1.148295 53.986873,-1.148267 53.986864,-1.147611 53.987255,-1.147468 53.987135,-1.147591 53.987052)),((-1.147612 53.987048,-1.147609 53.987043,-1.147607 53.987044,-1.147612 53.987048)))",2021-01-03,,,/conservation-area/local-authority-eng/YOR/Conservation-Area-17
Skelton Conservation Area,Conservation Area 18,local-authority-eng:YOR,,"MULTIPOLYGON (((-1.135104 54.003494,-1.135176 54.003535,-1.135326 54.003508,-1.137208 54.002955,-1.136331 54.001894,-1.136148 54.001822,-1.135834 54.001445,-1.135813 54.001329,-1.135544 54.000870,-1.135370 54.000637,-1.135193 54.000528,-1.135227 54.000426,-1.135157 54.000302,-1.134742 53.999974,-1.134689 53.999899,-1.133934 53.999972,-1.133596 54.000150,-1.133300 54.000226,-1.133156 54.000088,-1.133088 54.000112,-1.133038 54.000077,-1.132627 54.000227,-1.132577 54.000179,-1.132323 54.000278,-1.131941 54.000505,-1.131958 54.000599,-1.131441 54.000729,-1.131576 54.000965,-1.131050 54.001100,-1.130895 54.001084,-1.130426 54.001157,-1.130608 54.001430,-1.130401 54.001464,-1.130190 54.001601,-1.129606 54.001735,-1.129841 54.001871,-1.130213 54.001985,-1.131108 54.001992,-1.132015 54.002138,-1.132080 54.002227,-1.132211 54.002291,-1.132936 54.003321,-1.133307 54.003799,-1.133451 54.003921,-1.133530 54.003936,-1.135083 54.003473,-1.135104 54.003494)))",2021-01-03,,,/conservation-area/local-authority-eng/YOR/Conservation-Area-18
Clifton (Malton Way/Shipton Road) Conservation Area,Conservation Area 19,local-authority-eng:YOR,,"MULTIPOLYGON (((-1.102256 53.974360,-1.101952 53.974523,-1.102239 53.974795,-1.102938 53.975252,-1.103357 53.974997,-1.103506 53.975171,-1.103665 53.975157,-1.103845 53.975267,-1.104709 53.974776,-1.105640 53.974705,-1.105890 53.974777,-1.106120 53.974925,-1.106396 53.974801,-1.105498 53.973994,-1.105377 53.973973,-1.104505 53.973131,-1.104006 53.972746,-1.103880 53.972855,-1.104302 53.973167,-1.102256 53.974360)))",2021-01-03,,,/conservation-area/local-authority-eng/YOR/Conservation-Area-19
New Earswick Conservation Area,Conservation Area 20,local-authority-eng:YOR,,"MULTIPOLYGON (((-1.066233 53.993960,-1.065911 53.994553,-1.066897 53.994562,-1.067096 53.994646,-1.067145 53.994242,-1.067207 53.994129,-1.067484 53.993963,-1.068033 53.993780,-1.068042 53.993230,-1.068197 53.993233,-1.069616 53.993364,-1.069479 53.993598,-1.070970 53.994233,-1.070909 53.994485,-1.071092 53.994581,-1.071521 53.994675,-1.072135 53.994689,-1.072068 53.994562,-1.072475 53.994472,-1.072538 53.994593,-1.072662 53.994671,-1.073137 53.994709,-1.075119 53.994649,-1.075856 53.994554,-1.076303 53.994455,-1.076009 53.994249,-1.076392 53.993792,-1.076611 53.993362,-1.076802 53.992859,-1.077245 53.991221,-1.077375 53.990862,-1.077511 53.989607,-1.077645 53.988966,-1.077431 53.988956,-1.077361 53.988980,-1.077103 53.988737,-1.076602 53.988471,-1.076909 53.988308,-1.077101 53.988092,-1.077096 53.988015,-1.077029 53.988020,-1.077009 53.988079,-1.076894 53.987951,-1.076653 53.987816,-1.076212 53.987727,-1.075770 53.988005,-1.074887 53.987739,-1.074709 53.988041,-1.074416 53.988006,-1.073661 53.987989,-1.073407 53.987934,-1.072402 53.987968,-1.072323 53.987135,-1.072272 53.987033,-1.072102 53.986955,-1.071960 53.986947,-1.071488 53.987049,-1.071258 53.987437,-1.070995 53.987721,-1.071301 53.987835,-1.071115 53.987948,-1.070865 53.988199,-1.070300 53.988670,-1.070026 53.988784,-1.069970 53.988882,-1.069991 53.988971,-1.069868 53.988963,-1.069784 53.989025,-1.069638 53.989028,-1.069571 53.989215,-1.069573 53.989404,-1.069686 53.989594,-1.070457 53.990228,-1.070506 53.990401,-1.070431 53.990584,-1.069819 53.991090,-1.069364 53.991290,-1.068812 53.991474,-1.068410 53.991658,-1.067720 53.992027,-1.067404 53.992252,-1.067245 53.992424,-1.067149 53.992610,-1.067122 53.992890,-1.067167 53.993317,-1.067073 53.993551,-1.066870 53.993746,-1.066642 53.993874,-1.066406 53.993944,-1.066233 53.993960)))",2021-01-03,,,/conservation-area/local-authority-eng/YOR/Conservation-Area-20
Huntington Conservation Area,Conservation Area 21,local-authority-eng:YOR,,"MULTIPOLYGON (((-1.059278 53.997952,-1.059369 53.998215,-1.059496 53.998203,-1.059502 53.998317,-1.059476 53.998317,-1.059503 53.998384,-1.059729 53.998385,-1.059732 53.998529,-1.058996 53.998524,-1.059000 53.998593,-1.058894 53.998609,-1.058969 53.998972,-1.059218 53.998953,-1.059256 53.999099,-1.058652 53.999188,-1.058531 53.999389,-1.058499 53.999667,-1.057761 53.999678,-1.057767 53.999819,-1.057707 53.999824,-1.057700 53.999899,-1.057610 53.999908,-1.057600 53.999957,-1.057715 54.000003,-1.058433 54.000034,-1.058417 54.000094,-1.058503 54.000141,-1.059091 54.000192,-1.059097 53.999998,-1.059786 54.000009,-1.059795 53.999879,-1.058966 53.999853,-1.058970 53.999652,-1.059317 53.999650,-1.059306 53.999322,-1.060449 53.999299,-1.060415 53.998524,-1.059880 53.998534,-1.059908 53.998138,-1.061128 53.997988,-1.062181 53.997708,-1.062283 53.997917,-1.063126 53.998406,-1.064083 53.998293,-1.063997 53.997730,-1.064059 53.997710,-1.064038 53.997653,-1.064143 53.997638,-1.064031 53.997384,-1.064076 53.997282,-1.064780 53.997161,-1.064872 53.997190,-1.064931 53.997133,-1.064880 53.997100,-1.064911 53.997050,-1.064901 53.996984,-1.064638 53.997014,-1.063965 53.996855,-1.063459 53.996869,-1.063403 53.996778,-1.063257 53.996724,-1.063161 53.996728,-1.063063 53.996774,-1.062987 53.996943,-1.062850 53.997019,-1.062609 53.997048,-1.062352 53.996977,-1.062288 53.996909,-1.062272 53.996816,-1.062413 53.996614,-1.062396 53.996548,-1.062315 53.996520,-1.062112 53.996552,-1.062057 53.996453,-1.061924 53.996491,-1.061348 53.996260,-1.060560 53.995482,-1.060329 53.995295,-1.060204 53.995142,-1.060128 53.994920,-1.060260 53.994751,-1.059805 53.994502,-1.060748 53.994129,-1.060513 53.994022,-1.059883 53.993865,-1.059774 53.993761,-1.058875 53.993613,-1.058886 53.993915,-1.058098 53.993884,-1.058081 53.994583,-1.058559 53.994622,-1.059185 53.994997,-1.059089 53.995179,-1.059009 53.995532,-1.058399 53.995505,-1.058387 53.995610,-1.058205 53.995600,-1.058187 53.995725,-1.058309 53.995735,-1.058296 53.995818,-1.058825 53.995849,-1.058795 53.995961,-1.058848 53.996315,-1.058440 53.996329,-1.058447 53.996405,-1.058377 53.996464,-1.058443 53.996702,-1.058635 53.996682,-1.058671 53.996811,-1.058305 53.996836,-1.058422 53.997059,-1.058574 53.997051,-1.058613 53.997262,-1.059183 53.997222,-1.059449 53.997655,-1.059100 53.997702,-1.059168 53.997969,-1.059278 53.997952)))",2021-01-03,,,/conservation-area/local-authority-eng/YOR/Conservation-Area-21
Osbaldwick Conservation Area,Conservation Area 24,local-authority-eng:YOR,,"MULTIPOLYGON (((-1.038774 53.959647,-1.038605 53.959442,-1.038754 53.959314,-1.038722 53.959232,-1.038640 53.959243,-1.038433 53.958674,-1.038499 53.958551,-1.038547 53.958538,-1.038148 53.958503,-1.038028 53.958554,-1.038221 53.958653,-1.038305 53.959012,-1.038549 53.959629,-1.038514 53.959702,-1.038361 53.959822,-1.037878 53.960008,-1.037802 53.959706,-1.037550 53.959661,-1.037471 53.959618,-1.037485 53.959507,-1.037277 53.959500,-1.037070 53.959439,-1.036999 53.959332,-1.036193 53.959306,-1.034743 53.959152,-1.034710 53.959053,-1.034619 53.959062,-1.034616 53.958908,-1.034538 53.958927,-1.034218 53.958694,-1.033489 53.958675,-1.033417 53.958909,-1.033451 53.959141,-1.033431 53.959170,-1.032771 53.959170,-1.031768 53.959233,-1.030051 53.959454,-1.030135 53.959592,-1.030539 53.959535,-1.030643 53.959755,-1.030806 53.959751,-1.031064 53.960088,-1.031584 53.960061,-1.032089 53.959994,-1.032131 53.960073,-1.032262 53.960053,-1.032232 53.959967,-1.032434 53.959951,-1.032718 53.959995,-1.033153 53.959992,-1.033259 53.960389,-1.034199 53.961726,-1.034249 53.961836,-1.035854 53.961669,-1.038330 53.961336,-1.037965 53.960426,-1.037918 53.960231,-1.038655 53.959766,-1.038774 53.959647)))",2021-01-03,,,/conservation-area/local-authority-eng/YOR/Conservation-Area-24
Elvington Conservation Area,Conservation Area 25,local-authority-eng:YOR,,"MULTIPOLYGON (((-0.934801 53.918390,-0.934275 53.918548,-0.934176 53.918477,-0.933914 53.918378,-0.933011 53.918149,-0.932399 53.918100,-0.932357 53.918017,-0.932006 53.917817,-0.931940 53.917725,-0.931788 53.917675,-0.931643 53.917569,-0.930888 53.917750,-0.930614 53.917783,-0.929584 53.917714,-0.929210 53.917720,-0.928772 53.917791,-0.928637 53.917830,-0.928143 53.918113,-0.927870 53.918309,-0.927600 53.918448,-0.927588 53.918484,-0.927794 53.918996,-0.928328 53.920125,-0.928328 53.920212,-0.928262 53.920324,-0.928916 53.920399,-0.928920 53.920477,-0.929953 53.920437,-0.930086 53.920707,-0.930086 53.920773,-0.930170 53.920825,-0.931404 53.920576,-0.932364 53.920455,-0.932493 53.920867,-0.934486 53.920691,-0.934530 53.921268,-0.935360 53.921254,-0.935344 53.921066,-0.936006 53.921116,-0.936020 53.921223,-0.936295 53.921216,-0.936360 53.921083,-0.936709 53.920684,-0.937074 53.920429,-0.936342 53.920093,-0.936174 53.920113,-0.935984 53.919828,-0.935392 53.919962,-0.935288 53.920050,-0.935148 53.920011,-0.935089 53.919957,-0.935055 53.919652,-0.934751 53.919212,-0.935506 53.919084,-0.935357 53.918743,-0.935336 53.918591,-0.935176 53.918391,-0.935102 53.918324,-0.934801 53.918390)))",2021-01-03,,,/conservation-area/local-authority-eng/YOR/Conservation-Area-25
Wheldrake Conservation Area,Conservation Area 26,local-authority-eng:YOR,,"MULTIPOLYGON (((-0.972298 53.894053,-0.972031 53.893784,-0.970856 53.892950,-0.970898 53.892850,-0.970425 53.892740,-0.970246 53.892753,-0.969915 53.892932,-0.969341 53.893129,-0.968216 53.893616,-0.967262 53.893956,-0.965785 53.894448,-0.964218 53.894859,-0.963065 53.895309,-0.962996 53.895438,-0.962389 53.895598,-0.962472 53.895708,-0.961978 53.895836,-0.961924 53.895736,-0.959651 53.896012,-0.959732 53.896330,-0.959828 53.896538,-0.960658 53.896424,-0.960725 53.896577,-0.960727 53.896687,-0.960886 53.897234,-0.960928 53.897270,-0.961058 53.897321,-0.961575 53.897336,-0.961623 53.897396,-0.961705 53.897724,-0.961813 53.897758,-0.961927 53.897867,-0.962493 53.897800,-0.962744 53.897754,-0.962641 53.897433,-0.962531 53.897247,-0.963009 53.897182,-0.962994 53.897114,-0.963278 53.897073,-0.963258 53.897041,-0.963960 53.896941,-0.963858 53.896718,-0.964105 53.896682,-0.964178 53.896814,-0.964426 53.896774,-0.964367 53.896643,-0.964974 53.896499,-0.965578 53.897238,-0.965869 53.897155,-0.966125 53.897070,-0.967002 53.896635,-0.967230 53.896508,-0.967800 53.896104,-0.968061 53.895966,-0.969551 53.895453,-0.969989 53.895336,-0.970859 53.895182,-0.972033 53.894887,-0.972372 53.894707,-0.972521 53.894547,-0.973561 53.894162,-0.975593 53.893567,-0.975657 53.893458,-0.975672 53.893241,-0.975254 53.893348,-0.974975 53.893309,-0.975010 53.893435,-0.974489 53.893586,-0.973646 53.893805,-0.972731 53.893902,-0.972298 53.894053)))",2021-01-03,,,/conservation-area/local-authority-eng/YOR/Conservation-Area-26
Escrick Conservation Area,Conservation Area 27,local-authority-eng:YOR,,"MULTIPOLYGON (((-1.042777 53.877541,-1.043306 53.878070,-1.043161 53.878139,-1.043372 53.878404,-1.043479 53.878737,-1.043560 53.878835,-1.043356 53.878894,-1.043507 53.879120,-1.043599 53.879095,-1.043709 53.879292,-1.043983 53.879248,-1.044089 53.879455,-1.043860 53.879517,-1.043916 53.879607,-1.043852 53.879621,-1.043978 53.879789,-1.043378 53.879965,-1.044975 53.880704,-1.045545 53.881009,-1.045333 53.881065,-1.045219 53.881203,-1.045094 53.881286,-1.044829 53.881387,-1.044723 53.881521,-1.044647 53.881558,-1.044733 53.881712,-1.045364 53.881585,-1.045544 53.881996,-1.044979 53.882077,-1.045137 53.882444,-1.045882 53.882351,-1.046024 53.882850,-1.046532 53.882790,-1.046341 53.882300,-1.046094 53.881800,-1.045834 53.881531,-1.047928 53.881006,-1.047370 53.880556,-1.047866 53.880343,-1.047228 53.879873,-1.047181 53.879807,-1.047560 53.879633,-1.047212 53.879230,-1.047102 53.879146,-1.046752 53.879112,-1.046466 53.879005,-1.045568 53.878969,-1.045505 53.878905,-1.045496 53.878745,-1.045375 53.878635,-1.045157 53.878555,-1.044707 53.878469,-1.044923 53.877445,-1.042777 53.877541)))",2021-01-03,,,/conservation-area/local-authority-eng/YOR/Conservation-Area-27
Stockton-on-the-Forest Conservation Area,Conservation Area 29,local-authority-eng:YOR,,"MULTIPOLYGON (((-0.996254 53.998697,-0.996302 53.998652,-0.996621 53.998709,-0.997343 53.998032,-0.997515 53.997927,-0.998094 53.998378,-0.998231 53.998321,-0.998304 53.998332,-0.998987 53.998049,-0.998443 53.997664,-0.998667 53.997556,-0.998608 53.997527,-0.998663 53.997500,-0.998942 53.997377,-0.999485 53.997822,-1.000220 53.997486,-1.000495 53.997288,-1.000610 53.997336,-1.000753 53.997244,-1.000848 53.997134,-1.001164 53.996959,-1.001187 53.996910,-1.002189 53.996415,-1.002790 53.996724,-1.003160 53.996523,-1.004065 53.996986,-1.004637 53.997229,-1.004900 53.997389,-1.005105 53.997452,-1.005520 53.997478,-1.006142 53.997406,-1.006864 53.997270,-1.007302 53.997303,-1.006838 53.996648,-1.006718 53.996587,-1.007633 53.995214,-1.006067 53.994782,-1.006530 53.994225,-1.005715 53.993997,-1.005650 53.993955,-1.005558 53.993818,-1.005465 53.993776,-1.005295 53.993737,-1.005010 53.993810,-1.004848 53.993792,-1.004732 53.993753,-1.004633 53.993629,-1.004143 53.993886,-1.003601 53.993717,-1.003496 53.993822,-1.002589 53.994355,-1.002349 53.994231,-1.002112 53.994405,-1.001821 53.994483,-1.001908 53.994619,-1.002026 53.994707,-1.001612 53.994915,-1.001209 53.994631,-1.000977 53.994559,-1.000517 53.994487,-1.000416 53.994554,-0.999470 53.994950,-0.999512 53.994997,-0.999337 53.995143,-0.998516 53.995537,-0.998119 53.995634,-0.997964 53.995563,-0.997921 53.995586,-0.998067 53.995684,-0.997873 53.995853,-0.997945 53.995890,-0.997732 53.995997,-0.997604 53.996109,-0.997620 53.996136,-0.997393 53.996314,-0.997016 53.996536,-0.996996 53.996523,-0.996630 53.996804,-0.996936 53.996946,-0.996540 53.997179,-0.997111 53.997436,-0.996849 53.997611,-0.996770 53.997743,-0.996842 53.997771,-0.996671 53.997938,-0.995957 53.998293,-0.996319 53.998394,-0.996189 53.998506,-0.996252 53.998531,-0.996175 53.998665,-0.996254 53.998697)))",2021-01-03,,,/conservation-area/local-authority-eng/YOR/Conservation-Area-29
Fulford Village Conservation Area,Conservation Area 30,local-authority-eng:YOR,,"MULTIPOLYGON (((-1.071144 53.931520,-1.071395 53.931231,-1.071654 53.931123,-1.071650 53.931065,-1.071190 53.930868,-1.071079 53.930859,-1.071096 53.930824,-1.070851 53.930782,-1.070827 53.930836,-1.070755 53.930852,-1.070514 53.931015,-1.070326 53.931194,-1.070172 53.931244,-1.069718 53.931212,-1.069533 53.931153,-1.069368 53.931041,-1.069166 53.931013,-1.069591 53.931421,-1.070185 53.931845,-1.070086 53.932142,-1.069190 53.932293,-1.069171 53.932324,-1.069438 53.933204,-1.069466 53.933929,-1.069349 53.933944,-1.069300 53.934178,-1.069348 53.934311,-1.069315 53.934322,-1.069375 53.934405,-1.069516 53.934764,-1.069783 53.934960,-1.070229 53.935658,-1.070538 53.936482,-1.070667 53.936941,-1.070829 53.937140,-1.071017 53.937281,-1.071123 53.937721,-1.068495 53.937909,-1.068848 53.939046,-1.072947 53.938850,-1.072968 53.939045,-1.073235 53.939035,-1.073266 53.939179,-1.073955 53.939112,-1.074139 53.939707,-1.074211 53.939736,-1.078292 53.939247,-1.077986 53.938402,-1.079858 53.938174,-1.079047 53.937827,-1.077927 53.937214,-1.077778 53.937202,-1.077256 53.936710,-1.076603 53.936237,-1.076511 53.936238,-1.076362 53.936087,-1.076134 53.935743,-1.075856 53.935407,-1.075337 53.935019,-1.075055 53.934890,-1.074711 53.934678,-1.074496 53.934447,-1.074512 53.934425,-1.073806 53.933848,-1.073732 53.933792,-1.073584 53.933797,-1.073175 53.933478,-1.072931 53.933212,-1.072898 53.933224,-1.072703 53.932994,-1.072688 53.932926,-1.072586 53.932861,-1.072608 53.932813,-1.072513 53.932607,-1.072416 53.932255,-1.072288 53.932052,-1.071719 53.931772,-1.071137 53.931700,-1.071112 53.931587,-1.071144 53.931520)))",2021-01-03,,,/conservation-area/local-authority-eng/YOR/Conservation-Area-30
Strensall Railway Buildings Conservation Area,Conservation Area 31,local-authority-eng:YOR,,"MULTIPOLYGON (((-1.029464 54.041076,-1.029453 54.040997,-1.029885 54.040972,-1.029843 54.040797,-1.029932 54.040791,-1.029890 54.040384,-1.029211 54.040419,-1.029102 54.040323,-1.029035 54.040080,-1.028982 54.040000,-1.027876 54.040053,-1.027695 54.039719,-1.026397 54.040228,-1.026293 54.040110,-1.025760 54.040310,-1.025981 54.040455,-1.025625 54.040595,-1.025750 54.040699,-1.026519 54.040536,-1.026569 54.040738,-1.026848 54.041074,-1.026906 54.041067,-1.026918 54.041094,-1.028190 54.041034,-1.028181 54.040912,-1.028694 54.040894,-1.028727 54.040550,-1.029122 54.040544,-1.029181 54.041087,-1.029464 54.041076)))",2021-01-03,,,/conservation-area/local-authority-eng/YOR/Conservation-Area-31
Towthorpe Village Conservation Area,Conservation Area 32,local-authority-eng:YOR,,"MULTIPOLYGON (((-1.050208 54.023311,-1.050535 54.022866,-1.050676 54.022721,-1.050978 54.022572,-1.051324 54.022267,-1.051313 54.022230,-1.051155 54.022168,-1.051239 54.021990,-1.051271 54.021444,-1.051668 54.021444,-1.051897 54.021483,-1.051897 54.020858,-1.051838 54.020786,-1.051813 54.020554,-1.051881 54.020533,-1.051919 54.020476,-1.051955 54.020375,-1.051930 54.020255,-1.051968 54.020192,-1.052338 54.020023,-1.052219 54.019786,-1.052215 54.019621,-1.052262 54.019484,-1.051439 54.019505,-1.050712 54.019453,-1.049563 54.019309,-1.049419 54.019266,-1.049422 54.019498,-1.048783 54.019512,-1.048669 54.019988,-1.048215 54.019949,-1.048031 54.020619,-1.048611 54.020687,-1.048828 54.020755,-1.049086 54.020922,-1.049171 54.021119,-1.048927 54.021479,-1.048921 54.021587,-1.048756 54.021586,-1.048731 54.021931,-1.047388 54.021888,-1.047523 54.023207,-1.047941 54.023203,-1.048425 54.023135,-1.048685 54.023144,-1.049412 54.022998,-1.049512 54.023001,-1.049502 54.023157,-1.050208 54.023311)))",2021-01-03,,,/conservation-area/local-authority-eng/YOR/Conservation-Area-32
Dunnington Conservation Area,Conservation Area 33,local-authority-eng:YOR,,"MULTIPOLYGON (((-0.983614 53.966650,-0.983366 53.966506,-0.983597 53.966380,-0.983208 53.966161,-0.983253 53.966134,-0.982656 53.965616,-0.982210 53.965394,-0.981551 53.965710,-0.981216 53.965470,-0.981176 53.965483,-0.980948 53.965263,-0.980982 53.965248,-0.980848 53.965165,-0.981187 53.964997,-0.981595 53.964705,-0.982088 53.964843,-0.982451 53.964767,-0.981989 53.964353,-0.982542 53.964188,-0.982689 53.964319,-0.983063 53.964172,-0.982756 53.963935,-0.982673 53.963965,-0.982557 53.963861,-0.983202 53.963635,-0.983980 53.963816,-0.984256 53.963682,-0.984020 53.963486,-0.984344 53.963344,-0.984568 53.963550,-0.984509 53.963573,-0.984532 53.963596,-0.985281 53.964253,-0.985696 53.964018,-0.985281 53.963694,-0.985656 53.963527,-0.985547 53.963414,-0.985620 53.963380,-0.985537 53.963293,-0.986782 53.963233,-0.987198 53.963156,-0.987344 53.963291,-0.987581 53.963153,-0.987772 53.963199,-0.987987 53.963059,-0.988051 53.963071,-0.988296 53.962971,-0.988869 53.962833,-0.988941 53.962889,-0.989400 53.962751,-0.989282 53.962640,-0.989425 53.962585,-0.989178 53.962587,-0.989138 53.962532,-0.988862 53.962629,-0.989021 53.962639,-0.988379 53.962850,-0.987576 53.962977,-0.986470 53.963086,-0.985184 53.963153,-0.984170 53.963250,-0.984154 53.963181,-0.984070 53.963126,-0.983639 53.963009,-0.983604 53.963020,-0.983749 53.963138,-0.983504 53.963234,-0.983385 53.963134,-0.983294 53.963185,-0.983235 53.963143,-0.983117 53.963189,-0.983308 53.963340,-0.983084 53.963397,-0.982941 53.963253,-0.982339 53.963492,-0.982429 53.963551,-0.982192 53.963647,-0.982031 53.963538,-0.980937 53.964054,-0.980896 53.964020,-0.980801 53.964061,-0.980885 53.964127,-0.980669 53.964240,-0.980544 53.964266,-0.980412 53.964174,-0.979527 53.964532,-0.979234 53.964282,-0.978780 53.964485,-0.978490 53.964223,-0.978540 53.964070,-0.978046 53.963678,-0.978134 53.963603,-0.978132 53.963520,-0.977860 53.963448,-0.977610 53.963337,-0.976537 53.962429,-0.976155 53.962565,-0.976019 53.962672,-0.975721 53.963019,-0.974025 53.963087,-0.973614 53.963172,-0.972997 53.963476,-0.973172 53.963615,-0.974084 53.963205,-0.974620 53.963510,-0.974893 53.963294,-0.975376 53.963450,-0.975578 53.963556,-0.975684 53.963471,-0.975991 53.963321,-0.976280 53.963287,-0.976366 53.963426,-0.976324 53.963458,-0.976395 53.963490,-0.976213 53.963593,-0.976390 53.963702,-0.976184 53.963838,-0.976690 53.964224,-0.976966 53.964086,-0.977158 53.964213,-0.976961 53.964303,-0.976936 53.964287,-0.976720 53.964403,-0.977283 53.964746,-0.977073 53.964890,-0.976957 53.964896,-0.976794 53.964819,-0.976465 53.964590,-0.975964 53.964880,-0.976379 53.965118,-0.976428 53.965093,-0.976568 53.965184,-0.976599 53.965209,-0.976575 53.965305,-0.976771 53.965429,-0.977240 53.965204,-0.977046 53.965037,-0.977583 53.964718,-0.977997 53.964527,-0.978423 53.964826,-0.978045 53.965034,-0.978269 53.965257,-0.978159 53.965307,-0.978562 53.965561,-0.978874 53.965418,-0.979081 53.965581,-0.978724 53.965734,-0.979032 53.965955,-0.979838 53.965615,-0.980412 53.966101,-0.980028 53.966271,-0.979590 53.966417,-0.979820 53.966669,-0.980033 53.966819,-0.980391 53.966638,-0.980505 53.966804,-0.980446 53.966879,-0.980759 53.967160,-0.981558 53.966779,-0.981785 53.966943,-0.982209 53.966740,-0.982383 53.966881,-0.982651 53.966760,-0.982717 53.966803,-0.983098 53.966603,-0.983436 53.966826,-0.983588 53.966744,-0.983614 53.966650)))",2021-01-03,,,/conservation-area/local-authority-eng/YOR/Conservation-Area-33
Murton Conservation Area,Conservation Area 34,local-authority-eng:YOR,,"MULTIPOLYGON (((-1.009483 53.968497,-1.009681 53.968422,-1.009369 53.968133,-1.011415 53.967439,-1.011810 53.967820,-1.012251 53.967737,-1.012084 53.967566,-1.012522 53.967429,-1.012346 53.967222,-1.012119 53.967219,-1.012104 53.967155,-1.012306 53.967030,-1.012254 53.967023,-1.012180 53.966918,-1.013580 53.966622,-1.013158 53.965514,-1.013764 53.965446,-1.013575 53.965088,-1.013448 53.964934,-1.013397 53.964942,-1.013365 53.964876,-1.013429 53.964861,-1.013400 53.964809,-1.013324 53.964819,-1.013255 53.964693,-1.013153 53.964707,-1.012941 53.964798,-1.013079 53.965090,-1.012079 53.965254,-1.012015 53.965089,-1.011696 53.965094,-1.010233 53.965250,-1.010383 53.965653,-1.010506 53.965883,-1.010637 53.966021,-1.008939 53.966499,-1.009158 53.966733,-1.008929 53.966816,-1.009139 53.967039,-1.009216 53.967077,-1.009379 53.967115,-1.009526 53.967100,-1.009636 53.967297,-1.009933 53.967695,-1.009774 53.967751,-1.009759 53.967813,-1.009785 53.967849,-1.009654 53.967931,-1.009042 53.968143,-1.009483 53.968497)))",2021-01-03,,,/conservation-area/local-authority-eng/YOR/Conservation-Area-34
Nestle/Rowntree Conservation Area,Conservation Area 35,local-authority-eng:YOR,,"MULTIPOLYGON (((-1.075373 53.975168,-1.075403 53.975190,-1.075299 53.975215,-1.075309 53.975300,-1.075244 53.975412,-1.075089 53.975456,-1.075128 53.975747,-1.075045 53.975982,-1.075177 53.975996,-1.075172 53.976115,-1.075818 53.976128,-1.075895 53.975897,-1.076235 53.975914,-1.076819 53.975884,-1.076834 53.975311,-1.077480 53.975079,-1.077977 53.975072,-1.078006 53.973402,-1.078118 53.973307,-1.077223 53.973211,-1.077266 53.973134,-1.077024 53.973097,-1.076707 53.973151,-1.076579 53.973203,-1.076527 53.973251,-1.076451 53.973489,-1.076252 53.973474,-1.075884 53.974104,-1.075501 53.974069,-1.075428 53.974281,-1.075501 53.974304,-1.075117 53.974724,-1.074904 53.974823,-1.075373 53.975168)))",2021-01-03,,,/conservation-area/local-authority-eng/YOR/Conservation-Area-35
The Retreat,Conservation Area 8,local-authority-eng:YOR,,"MULTIPOLYGON (((-1.062676 53.951829,-1.066664 53.952014,-1.068099 53.952182,-1.068048 53.951958,-1.068185 53.951945,-1.068005 53.950997,-1.066907 53.951065,-1.066795 53.949768,-1.064978 53.949861,-1.064984 53.948696,-1.064549 53.947444,-1.061647 53.947397,-1.060764 53.947425,-1.060225 53.947721,-1.060082 53.948704,-1.059898 53.949331,-1.059759 53.950129,-1.059356 53.950685,-1.059425 53.951209,-1.059386 53.952041,-1.060396 53.951942,-1.062676 53.951829)))",2021-01-03,,,/conservation-area/local-authority-eng/YOR/Conservation-Area-8
