categories,documentation-url,end-date,entry-date,geography,geometry,legislation,name,notes,organisation,point,reference,start-date,slug
,,,2021-06-10,conservation-area:1,"MULTIPOLYGON (((1.495214 52.163201,1.495628 52.163400,1.494365 52.163692,1.494669 52.163876,1.493518 52.164866,1.493532 52.164909,1.493837 52.165039,1.494253 52.165113,1.494540 52.165089,1.494531 52.164980,1.494675 52.164975,1.494720 52.165370,1.495443 52.165385,1.495981 52.165348,1.496134 52.165430,1.496209 52.165514,1.496364 52.165405,1.496499 52.165372,1.497014 52.165499,1.497216 52.165519,1.497553 52.165491,1.497578 52.165464,1.497553 52.165332,1.497596 52.165276,1.498495 52.165038,1.499020 52.164797,1.499306 52.164733,1.499534 52.164771,1.498965 52.163107,1.498858 52.162861,1.498727 52.162711,1.498868 52.162678,1.497864 52.161592,1.494098 52.162788,1.495214 52.163201)))",,Snape,,,,1,,
,,,2021-06-10,conservation-area:2,"MULTIPOLYGON (((1.598161 52.322756,1.598243 52.322757,1.598287 52.322595,1.598363 52.322582,1.598372 52.322604,1.598990 52.322465,1.599953 52.322138,1.600244 52.321985,1.600694 52.321678,1.601219 52.321165,1.602081 52.320019,1.601415 52.319909,1.601433 52.319854,1.601394 52.319519,1.600345 52.319353,1.599569 52.319156,1.599298 52.319499,1.599246 52.320557,1.598412 52.320443,1.598446 52.320016,1.598250 52.319438,1.598483 52.319448,1.598502 52.319391,1.598820 52.319434,1.598913 52.319270,1.598680 52.319236,1.598689 52.319210,1.598504 52.319198,1.598511 52.319172,1.598388 52.319153,1.598335 52.319249,1.597640 52.319146,1.597689 52.319060,1.596167 52.319038,1.593300 52.319268,1.592585 52.319298,1.592772 52.319604,1.593111 52.320365,1.593434 52.320980,1.593736 52.321354,1.594197 52.321745,1.594106 52.321787,1.593942 52.321793,1.594210 52.321881,1.594277 52.322031,1.594205 52.322103,1.594271 52.322154,1.595751 52.322956,1.597028 52.323249,1.597577 52.323426,1.597789 52.323453,1.598161 52.322756)))",,Blythburgh,,,,2,,
,,,2021-06-10,conservation-area:3,"MULTIPOLYGON (((1.395489 52.171863,1.395491 52.171987,1.395446 52.172103,1.395193 52.172221,1.394866 52.172149,1.394404 52.172119,1.394303 52.172527,1.394199 52.172671,1.394130 52.172670,1.394046 52.172621,1.393923 52.172380,1.393776 52.172302,1.393668 52.172364,1.393609 52.172545,1.393528 52.172624,1.393525 52.172717,1.393561 52.172769,1.393540 52.172923,1.393640 52.173137,1.393834 52.173299,1.393827 52.173373,1.393731 52.173464,1.393708 52.173651,1.393917 52.173788,1.393989 52.173906,1.393961 52.173967,1.393764 52.174072,1.393640 52.174210,1.393380 52.174732,1.393335 52.174918,1.393209 52.175048,1.393258 52.175344,1.393253 52.175376,1.393165 52.175413,1.393298 52.175701,1.393645 52.176205,1.393876 52.176135,1.394291 52.175924,1.394605 52.175808,1.395955 52.175515,1.396676 52.175412,1.397362 52.175177,1.397355 52.175131,1.397424 52.175170,1.397519 52.175173,1.398143 52.175067,1.398910 52.174822,1.399523 52.174674,1.400543 52.174572,1.400555 52.174713,1.400650 52.174720,1.400830 52.174866,1.400937 52.174907,1.401395 52.174625,1.401507 52.174486,1.402292 52.173971,1.402272 52.173767,1.403183 52.173269,1.403730 52.173629,1.404447 52.173237,1.404408 52.172963,1.404735 52.172940,1.404695 52.172665,1.405169 52.172634,1.405309 52.172579,1.405438 52.171857,1.404837 52.171831,1.404801 52.171771,1.404842 52.171601,1.403977 52.171555,1.403337 52.171585,1.402606 52.169605,1.402605 52.169510,1.402725 52.169144,1.401732 52.168809,1.401523 52.169159,1.401527 52.169432,1.401420 52.169495,1.401145 52.169468,1.401070 52.169495,1.401055 52.169544,1.401086 52.169585,1.401265 52.169654,1.401235 52.169763,1.401164 52.169826,1.401016 52.169760,1.400942 52.169770,1.400846 52.170075,1.400720 52.170224,1.400487 52.170349,1.400374 52.170461,1.400294 52.170591,1.400272 52.170758,1.400111 52.170888,1.399988 52.171061,1.399555 52.171116,1.398345 52.170973,1.398271 52.170431,1.398189 52.170419,1.396973 52.171093,1.396564 52.171557,1.396177 52.171658,1.395960 52.171797,1.395576 52.171768,1.395504 52.171811,1.395489 52.171863)))",,Marlesford,,,,3,,
,,,2021-06-10,conservation-area:4,"MULTIPOLYGON (((1.258509 52.197287,1.258411 52.197280,1.258351 52.197313,1.258375 52.197387,1.258370 52.197663,1.257185 52.197677,1.257085 52.197980,1.256947 52.197968,1.256713 52.198367,1.256253 52.198244,1.255860 52.198191,1.255632 52.198183,1.254908 52.198248,1.254521 52.198232,1.254339 52.198165,1.254090 52.197947,1.254000 52.197919,1.253417 52.198031,1.253237 52.198116,1.252719 52.198147,1.252501 52.198213,1.252169 52.198522,1.251853 52.198639,1.251652 52.198753,1.251425 52.198777,1.250892 52.199065,1.250535 52.199394,1.250558 52.199486,1.250743 52.199674,1.250637 52.199789,1.250403 52.199904,1.249739 52.200141,1.249981 52.200864,1.250601 52.200742,1.251223 52.200720,1.253717 52.200494,1.253640 52.200676,1.253825 52.200920,1.253948 52.201377,1.254441 52.201362,1.254419 52.200960,1.254597 52.200934,1.254572 52.200811,1.254722 52.200803,1.254740 52.200451,1.254773 52.200414,1.255530 52.200359,1.256405 52.200343,1.257565 52.200403,1.257539 52.200858,1.258758 52.200869,1.258755 52.200590,1.259111 52.200561,1.259086 52.200315,1.259363 52.199929,1.259454 52.199846,1.259506 52.199705,1.259579 52.199686,1.259509 52.199668,1.259500 52.198893,1.259156 52.198351,1.259125 52.198048,1.258952 52.197596,1.259445 52.197553,1.259405 52.197401,1.258875 52.197329,1.258604 52.197349,1.258591 52.197284,1.258509 52.197287)))",,Cretingham,,,,4,,
,,,2021-06-10,conservation-area:5,"MULTIPOLYGON (((1.281987 52.199448,1.283525 52.199048,1.283601 52.199323,1.284468 52.199222,1.285015 52.199192,1.284914 52.199930,1.284964 52.200398,1.285323 52.200381,1.286641 52.200467,1.286700 52.200086,1.285920 52.200038,1.286069 52.198959,1.286808 52.198827,1.286803 52.198963,1.287384 52.198967,1.289016 52.198739,1.289791 52.198694,1.289808 52.198580,1.290158 52.198602,1.290183 52.198025,1.290734 52.198056,1.290801 52.197758,1.290843 52.197711,1.290833 52.197631,1.290870 52.197623,1.290897 52.197554,1.290911 52.197404,1.291395 52.197752,1.291550 52.197783,1.291639 52.197701,1.291872 52.197590,1.292302 52.197211,1.294543 52.197330,1.294715 52.197254,1.294834 52.197286,1.294855 52.197518,1.296154 52.197534,1.296161 52.197296,1.296109 52.196759,1.296512 52.196161,1.297282 52.196095,1.297148 52.195650,1.296718 52.195714,1.295680 52.195383,1.295025 52.195246,1.293994 52.194971,1.293723 52.194870,1.293536 52.194744,1.293216 52.194749,1.292970 52.194672,1.292847 52.194798,1.292673 52.194808,1.292607 52.195236,1.292290 52.196039,1.291255 52.195841,1.289906 52.195726,1.290226 52.194607,1.290327 52.193657,1.289848 52.193765,1.289542 52.193942,1.289178 52.193958,1.288545 52.193851,1.288084 52.193710,1.286840 52.193531,1.286633 52.193448,1.286229 52.193119,1.285595 52.192864,1.284777 52.192401,1.284398 52.192130,1.284036 52.192016,1.283601 52.192005,1.283473 52.191965,1.283454 52.191953,1.283592 52.191821,1.283589 52.191762,1.283417 52.191632,1.283174 52.191577,1.282816 52.191752,1.282614 52.191727,1.282191 52.193154,1.281708 52.194645,1.281552 52.195019,1.283002 52.195240,1.282749 52.196798,1.283641 52.196884,1.286397 52.196845,1.286797 52.198053,1.283586 52.198555,1.283525 52.198530,1.282819 52.198526,1.282921 52.198895,1.281717 52.199059,1.281867 52.199486,1.281987 52.199448)))",,Brandeston,,,,5,,
,,,2021-06-10,conservation-area:6,"MULTIPOLYGON (((1.299983 52.230632,1.299920 52.230530,1.300094 52.230194,1.299315 52.229979,1.299004 52.230345,1.298588 52.230705,1.298384 52.230619,1.296770 52.230175,1.296214 52.230802,1.295985 52.231126,1.295190 52.231730,1.297477 52.233001,1.297049 52.233359,1.296746 52.233219,1.296673 52.233257,1.296347 52.233067,1.295877 52.233387,1.296192 52.233525,1.295780 52.233832,1.295863 52.233879,1.295583 52.234044,1.295651 52.234115,1.295411 52.234274,1.295711 52.234453,1.295527 52.234771,1.295267 52.235066,1.295220 52.235145,1.295262 52.235192,1.295121 52.235330,1.295315 52.235442,1.295372 52.235333,1.295593 52.235113,1.295919 52.235136,1.297116 52.235065,1.297451 52.235094,1.297454 52.235207,1.297678 52.235234,1.298466 52.235258,1.298739 52.235236,1.298663 52.235063,1.299260 52.234996,1.299409 52.235054,1.299476 52.234966,1.299513 52.234973,1.299645 52.235442,1.300212 52.235269,1.300088 52.235004,1.299996 52.234430,1.300271 52.233116,1.301169 52.233120,1.301062 52.232378,1.301109 52.232344,1.301125 52.232282,1.302214 52.232030,1.302842 52.231924,1.302870 52.231995,1.306230 52.232140,1.306226 52.232279,1.307867 52.232445,1.307882 52.232640,1.308406 52.232660,1.309296 52.232793,1.309686 52.232742,1.309831 52.231846,1.311630 52.231889,1.311900 52.231936,1.311944 52.231965,1.311947 52.232008,1.312103 52.232031,1.312199 52.231753,1.312349 52.231747,1.312440 52.230542,1.309266 52.230324,1.309281 52.230421,1.307354 52.230549,1.307162 52.230689,1.306955 52.230699,1.305261 52.230477,1.304464 52.230415,1.302452 52.230180,1.301958 52.231181,1.301059 52.231073,1.300009 52.231005,1.299985 52.230771,1.299920 52.230766,1.299933 52.230628,1.299983 52.230632)))",,Saxtead,,,,6,,
,,,2021-06-10,conservation-area:7,"MULTIPOLYGON (((1.306747 52.089550,1.306404 52.089936,1.306125 52.090019,1.303824 52.089838,1.303133 52.089835,1.302559 52.089889,1.303453 52.090635,1.303611 52.090732,1.305014 52.091361,1.305825 52.091780,1.306400 52.091943,1.306367 52.092018,1.307372 52.092838,1.307751 52.093334,1.307479 52.093367,1.307517 52.093512,1.306425 52.093630,1.306509 52.094038,1.305276 52.094137,1.305026 52.094090,1.304100 52.093634,1.303124 52.092858,1.302744 52.093021,1.302940 52.093250,1.302799 52.093301,1.303193 52.093747,1.303421 52.094067,1.303493 52.094232,1.303532 52.094230,1.303559 52.094303,1.303881 52.094270,1.303991 52.094879,1.304220 52.094935,1.304277 52.095849,1.304274 52.096424,1.305298 52.096052,1.307907 52.099747,1.308169 52.099655,1.309763 52.099249,1.309748 52.099222,1.311511 52.098647,1.311971 52.098734,1.311799 52.098955,1.312039 52.099055,1.312265 52.099026,1.312510 52.099234,1.312712 52.099449,1.312781 52.099576,1.312970 52.099547,1.313019 52.099458,1.313327 52.099255,1.314562 52.098536,1.315527 52.098146,1.318090 52.097234,1.319902 52.096878,1.320982 52.096531,1.322229 52.096365,1.321794 52.095677,1.322651 52.095473,1.322562 52.095300,1.322050 52.095412,1.321867 52.095123,1.321919 52.095111,1.321809 52.094932,1.321435 52.095017,1.321262 52.094733,1.321280 52.094637,1.321825 52.094506,1.321720 52.094385,1.321866 52.094244,1.322889 52.093909,1.323259 52.093739,1.323241 52.093940,1.323521 52.093996,1.323669 52.094158,1.324489 52.093993,1.325130 52.093971,1.325052 52.093808,1.324842 52.093525,1.324792 52.093375,1.324668 52.093284,1.324521 52.093238,1.324562 52.093161,1.324487 52.093091,1.324686 52.093020,1.324642 52.092971,1.324811 52.092911,1.324619 52.092577,1.323841 52.092770,1.323679 52.092753,1.323385 52.092661,1.322660 52.092265,1.321876 52.091767,1.321604 52.091231,1.321388 52.090978,1.320945 52.090663,1.320865 52.090498,1.320997 52.090330,1.320977 52.090324,1.321056 52.090291,1.321295 52.090355,1.321766 52.090350,1.322595 52.090243,1.322432 52.090050,1.322041 52.089801,1.321937 52.089783,1.321781 52.089807,1.320760 52.090138,1.320600 52.090497,1.320077 52.090212,1.319833 52.090031,1.319307 52.089773,1.318377 52.089578,1.318320 52.089624,1.317402 52.089192,1.317260 52.089051,1.316642 52.088073,1.316712 52.088019,1.316684 52.087949,1.316769 52.087926,1.316542 52.087326,1.316616 52.087299,1.316544 52.087107,1.316450 52.087110,1.316285 52.086721,1.314969 52.086996,1.315010 52.087063,1.314376 52.087265,1.313824 52.086655,1.312947 52.087247,1.312800 52.087134,1.311519 52.087627,1.311135 52.087692,1.311404 52.088056,1.311883 52.087967,1.313062 52.089335,1.313220 52.089384,1.315492 52.088497,1.316356 52.089385,1.316895 52.089711,1.316766 52.089966,1.316780 52.090134,1.316660 52.090760,1.316395 52.090738,1.315233 52.090783,1.314584 52.090765,1.313823 52.090569,1.313486 52.090517,1.313499 52.090312,1.313274 52.090243,1.312510 52.090332,1.312534 52.090560,1.312014 52.090594,1.311946 52.090562,1.311722 52.090316,1.311710 52.090069,1.311470 52.090063,1.311152 52.090348,1.310365 52.090017,1.310883 52.089647,1.310825 52.089498,1.310217 52.089683,1.309833 52.089465,1.309787 52.089494,1.309035 52.089165,1.308756 52.089424,1.308632 52.089381,1.308724 52.089234,1.308630 52.089184,1.308665 52.089141,1.308616 52.089082,1.309110 52.088581,1.308113 52.088005,1.308481 52.087659,1.309353 52.087069,1.308831 52.086469,1.307744 52.085339,1.306400 52.085920,1.306327 52.085854,1.305727 52.086129,1.305333 52.086270,1.305158 52.086524,1.303967 52.086859,1.303705 52.086684,1.302951 52.086841,1.302628 52.086959,1.302743 52.087140,1.302715 52.087149,1.302730 52.087285,1.302567 52.087512,1.303036 52.087635,1.303064 52.087673,1.302978 52.087699,1.302767 52.088098,1.304351 52.088425,1.304625 52.088498,1.304939 52.088641,1.305739 52.089188,1.305668 52.089514,1.306108 52.089548,1.306192 52.089480,1.306139 52.089435,1.306354 52.089306,1.306747 52.089550),(1.320119 52.090984,1.321127 52.091386,1.321682 52.091698,1.322506 52.092316,1.322246 52.092500,1.320841 52.093299,1.320623 52.093146,1.320087 52.093433,1.319426 52.093082,1.319533 52.093001,1.319298 52.092894,1.319372 52.092836,1.319446 52.092825,1.319491 52.092770,1.319463 52.092708,1.319596 52.092494,1.319851 52.092642,1.320367 52.091731,1.319990 52.091480,1.319027 52.092076,1.318629 52.091855,1.319664 52.091201,1.320119 52.090984)))",,Woodbridge,,,,7,,
,,,2021-06-10,conservation-area:8,"MULTIPOLYGON (((1.341488 52.255483,1.341569 52.255474,1.341630 52.255668,1.344062 52.255498,1.344034 52.255000,1.344055 52.254901,1.344589 52.254816,1.344460 52.254615,1.344257 52.254526,1.344041 52.254290,1.344141 52.254250,1.344096 52.254193,1.344433 52.254111,1.344192 52.253828,1.344007 52.253888,1.343571 52.253297,1.343285 52.252850,1.342956 52.252015,1.343343 52.251914,1.343763 52.251865,1.343657 52.251510,1.343253 52.250455,1.343121 52.249912,1.342839 52.249106,1.341570 52.249081,1.341902 52.248420,1.341475 52.248313,1.341134 52.249119,1.340745 52.249853,1.340536 52.250152,1.339914 52.250616,1.339605 52.250809,1.339480 52.250765,1.339102 52.251089,1.339265 52.251161,1.339220 52.251302,1.339119 52.251429,1.339538 52.251763,1.339647 52.251892,1.339769 52.252066,1.340009 52.252589,1.339332 52.252777,1.339910 52.253460,1.340305 52.253850,1.340083 52.253833,1.340109 52.254287,1.340244 52.254545,1.340235 52.254622,1.340348 52.254640,1.340819 52.254537,1.340867 52.254488,1.341086 52.254858,1.341049 52.254866,1.341101 52.255522,1.341488 52.255483)))",,Dennington,,,,8,,
,,,2021-06-10,conservation-area:9,"MULTIPOLYGON (((1.359592 52.118069,1.359546 52.117946,1.359292 52.117760,1.358780 52.117636,1.358946 52.117511,1.358927 52.117429,1.358007 52.116623,1.357803 52.116403,1.357428 52.116406,1.357322 52.116346,1.357274 52.116356,1.357212 52.116555,1.356827 52.116609,1.356525 52.116602,1.355322 52.116457,1.354344 52.116289,1.353919 52.116274,1.353831 52.116238,1.353706 52.115962,1.353329 52.115917,1.353212 52.115870,1.351644 52.116198,1.351862 52.116341,1.352033 52.116536,1.351666 52.116700,1.351752 52.116870,1.351853 52.116884,1.352617 52.117807,1.352516 52.117826,1.352751 52.118054,1.352862 52.118069,1.353130 52.118272,1.353314 52.118155,1.353694 52.118586,1.354032 52.118874,1.353912 52.119000,1.354155 52.119085,1.354185 52.119352,1.354011 52.119466,1.353920 52.119469,1.353900 52.119910,1.353477 52.119883,1.353437 52.120298,1.353600 52.120261,1.353590 52.120473,1.353627 52.120523,1.353574 52.121102,1.354085 52.121080,1.354230 52.121353,1.354340 52.121800,1.354983 52.121704,1.355141 52.121707,1.355228 52.121741,1.355316 52.121834,1.355301 52.121853,1.355339 52.121880,1.355516 52.122245,1.355611 52.122328,1.356244 52.122703,1.356574 52.122863,1.356685 52.122965,1.356695 52.123003,1.356632 52.123133,1.355859 52.123405,1.356032 52.123548,1.356622 52.123818,1.356720 52.123741,1.356937 52.123807,1.357953 52.123577,1.358122 52.123865,1.358242 52.123953,1.358878 52.123897,1.358749 52.124010,1.358741 52.124095,1.358921 52.124168,1.359353 52.124179,1.359927 52.124144,1.360031 52.124330,1.360162 52.124329,1.360439 52.124293,1.360550 52.124236,1.360844 52.123934,1.361313 52.123682,1.361660 52.123538,1.362333 52.123337,1.362855 52.123221,1.363373 52.123202,1.365394 52.123388,1.365510 52.122965,1.365229 52.122912,1.365286 52.122188,1.365253 52.122142,1.365266 52.121907,1.365219 52.121726,1.363919 52.121749,1.363404 52.121702,1.362814 52.121583,1.361893 52.121341,1.361490 52.121282,1.361351 52.121238,1.361360 52.121219,1.360724 52.121057,1.360174 52.120602,1.359957 52.120351,1.359870 52.120160,1.359978 52.119959,1.359892 52.119635,1.360046 52.119410,1.360054 52.119330,1.359981 52.119273,1.359662 52.119156,1.359510 52.119017,1.359470 52.118911,1.359658 52.118758,1.359675 52.118683,1.359299 52.118344,1.359595 52.118129,1.359592 52.118069)))",,Ufford,,,,9,,
,,,2021-06-10,conservation-area:10,"MULTIPOLYGON (((1.600436 52.150605,1.600493 52.152648,1.600468 52.152694,1.600615 52.153394,1.600090 52.153410,1.600121 52.153723,1.600598 52.153722,1.600614 52.154049,1.599659 52.153970,1.599615 52.154185,1.599319 52.154165,1.599292 52.154309,1.599112 52.154308,1.598584 52.154218,1.598449 52.154697,1.598318 52.154731,1.597602 52.154698,1.597605 52.154936,1.597847 52.154943,1.598108 52.155244,1.597515 52.155449,1.597725 52.155650,1.597845 52.155670,1.598151 52.155627,1.598220 52.155670,1.598635 52.155639,1.598626 52.155518,1.599019 52.155503,1.598994 52.155330,1.599324 52.155303,1.599417 52.155596,1.599639 52.155925,1.600138 52.155923,1.600165 52.156289,1.601970 52.156261,1.602438 52.157030,1.602923 52.156975,1.603095 52.156912,1.603142 52.156950,1.603151 52.157062,1.603122 52.157191,1.603085 52.157227,1.603147 52.157298,1.603567 52.157255,1.603541 52.157437,1.603570 52.157519,1.603699 52.157676,1.603870 52.158396,1.603460 52.158462,1.603483 52.158521,1.602855 52.158588,1.603233 52.159362,1.604036 52.159401,1.605839 52.159128,1.605348 52.157488,1.604610 52.155431,1.603852 52.153059,1.603501 52.152137,1.603095 52.150921,1.602599 52.149707,1.602268 52.148691,1.601833 52.147629,1.600935 52.147661,1.600956 52.147853,1.600882 52.147908,1.600746 52.147926,1.600794 52.148238,1.600232 52.148279,1.600078 52.147431,1.599515 52.147439,1.599517 52.147814,1.599437 52.147813,1.599337 52.147967,1.598921 52.147979,1.598842 52.148203,1.599038 52.148471,1.599423 52.148855,1.599650 52.148728,1.599779 52.148993,1.599733 52.149002,1.599791 52.149138,1.599976 52.149333,1.600028 52.149473,1.599956 52.149483,1.599974 52.149648,1.600128 52.149635,1.600194 52.149686,1.600132 52.149739,1.600198 52.149849,1.599778 52.149861,1.599816 52.150612,1.600076 52.150610,1.600071 52.150412,1.600426 52.150407,1.600436 52.150605)))",,Aldeburgh,,,,10,,
,,,2021-06-10,conservation-area:11,"MULTIPOLYGON (((1.267861 52.218505,1.267802 52.218473,1.267751 52.218488,1.267508 52.218217,1.266957 52.218492,1.266856 52.218421,1.266781 52.218463,1.266549 52.218286,1.266346 52.218375,1.266252 52.218461,1.266018 52.218544,1.265491 52.218628,1.265101 52.218620,1.264972 52.218978,1.264657 52.219253,1.264621 52.219458,1.264539 52.219491,1.264013 52.219457,1.263677 52.219940,1.263630 52.219967,1.263653 52.219974,1.263621 52.220018,1.263127 52.219896,1.262018 52.220747,1.261616 52.220541,1.261077 52.220834,1.261415 52.221269,1.260708 52.221374,1.260719 52.221441,1.260207 52.221441,1.259693 52.221541,1.259127 52.221805,1.258522 52.222187,1.258369 52.222246,1.258628 52.222489,1.258757 52.222430,1.259152 52.222346,1.259313 52.222232,1.259848 52.221998,1.260778 52.221655,1.260754 52.221599,1.262195 52.221383,1.264684 52.220769,1.264729 52.220933,1.264842 52.221054,1.264936 52.221101,1.265533 52.221038,1.265603 52.221141,1.265815 52.221112,1.265793 52.221080,1.265862 52.221054,1.266302 52.221049,1.266574 52.220910,1.266888 52.221123,1.267306 52.221339,1.267761 52.221513,1.267828 52.221580,1.267914 52.221501,1.268802 52.221841,1.269202 52.222103,1.269194 52.222165,1.269282 52.222268,1.269744 52.222614,1.270170 52.222369,1.270179 52.222531,1.270335 52.222497,1.270509 52.222640,1.271039 52.222383,1.271430 52.222443,1.271947 52.222637,1.272547 52.222738,1.272977 52.223000,1.273117 52.223140,1.273049 52.223167,1.273841 52.223816,1.273572 52.223926,1.273842 52.224167,1.274114 52.224046,1.274298 52.224203,1.274534 52.224104,1.274855 52.224166,1.274969 52.224065,1.274650 52.223921,1.274674 52.223909,1.274415 52.223771,1.274321 52.223754,1.274032 52.223506,1.274239 52.223416,1.274060 52.223193,1.273996 52.223183,1.273993 52.223116,1.273733 52.222808,1.274372 52.222614,1.274507 52.222541,1.274483 52.222471,1.274302 52.222510,1.273677 52.221535,1.273441 52.221713,1.273334 52.221678,1.273132 52.221812,1.272390 52.222074,1.272078 52.221650,1.271402 52.221972,1.270603 52.221509,1.269977 52.221364,1.269303 52.221081,1.270454 52.220454,1.269699 52.220123,1.268943 52.219748,1.268952 52.219705,1.269522 52.219328,1.269469 52.219327,1.268856 52.219006,1.268749 52.218994,1.267861 52.218505)))",,Earl Soham,,,,11,,
,,,2021-06-10,conservation-area:12,"MULTIPOLYGON (((1.333854 52.178672,1.332758 52.178486,1.332541 52.178402,1.332346 52.178243,1.332093 52.178671,1.331815 52.179284,1.333476 52.179463,1.333485 52.179641,1.333604 52.179637,1.333626 52.179234,1.335197 52.179273,1.335197 52.179305,1.335747 52.179332,1.335453 52.179589,1.335685 52.179695,1.335566 52.179742,1.335570 52.179838,1.335700 52.179793,1.336074 52.179770,1.336190 52.179885,1.336315 52.179843,1.336289 52.179757,1.336403 52.179758,1.336508 52.179718,1.336638 52.179607,1.336895 52.179578,1.336901 52.179417,1.336990 52.179353,1.337227 52.179284,1.337594 52.179322,1.337712 52.179346,1.337807 52.179410,1.337855 52.180260,1.338142 52.180208,1.338526 52.180287,1.338714 52.180264,1.339224 52.180016,1.339586 52.179768,1.339573 52.179625,1.339503 52.179456,1.339110 52.179071,1.339885 52.178714,1.339829 52.178651,1.341532 52.177816,1.341652 52.177852,1.341919 52.177739,1.342112 52.177948,1.342751 52.177727,1.342539 52.177382,1.343229 52.177060,1.343216 52.177012,1.342988 52.176767,1.343091 52.176449,1.343317 52.175991,1.343214 52.175928,1.342821 52.176173,1.342668 52.176298,1.342195 52.176816,1.341795 52.176673,1.341883 52.176563,1.341025 52.176272,1.341028 52.176222,1.341210 52.176006,1.342027 52.175487,1.341180 52.174985,1.341061 52.175135,1.340426 52.175237,1.339945 52.175523,1.339692 52.175808,1.339323 52.176098,1.339306 52.176173,1.339364 52.176313,1.339341 52.176373,1.338825 52.176546,1.339751 52.177113,1.339353 52.177332,1.339156 52.177242,1.339085 52.177382,1.338799 52.177433,1.338708 52.177609,1.338531 52.177726,1.338536 52.177961,1.338454 52.178084,1.338301 52.178094,1.337955 52.177984,1.337742 52.177954,1.337010 52.178001,1.336656 52.178183,1.336511 52.178296,1.336374 52.178459,1.336245 52.178509,1.336040 52.178493,1.335067 52.178199,1.334671 52.178171,1.334588 52.178692,1.333854 52.178672)))",,Easton,,,,12,,
,,,2021-06-10,conservation-area:13,"MULTIPOLYGON (((1.539404 52.090910,1.539612 52.090817,1.539384 52.090693,1.539300 52.090685,1.538838 52.090814,1.538629 52.090745,1.538479 52.090755,1.537985 52.090509,1.537832 52.090513,1.537930 52.090565,1.537659 52.090740,1.537192 52.091115,1.536107 52.092072,1.535987 52.092104,1.535763 52.092301,1.535335 52.092151,1.535264 52.092160,1.534982 52.092585,1.534438 52.092406,1.533877 52.092305,1.533388 52.092152,1.533109 52.092299,1.532763 52.092234,1.532688 52.092289,1.532412 52.092711,1.532129 52.093034,1.531010 52.092624,1.529804 52.092227,1.527792 52.091661,1.527205 52.092257,1.527148 52.092237,1.527039 52.092296,1.526815 52.092308,1.526537 52.092369,1.527147 52.092639,1.525617 52.093877,1.525567 52.093870,1.529511 52.096660,1.530309 52.097903,1.530416 52.097865,1.530785 52.097511,1.531319 52.097122,1.531437 52.096370,1.531523 52.096098,1.531883 52.095568,1.532267 52.095176,1.532457 52.095090,1.532803 52.095205,1.533571 52.095562,1.533169 52.095939,1.532928 52.095839,1.532903 52.095861,1.532793 52.095819,1.532726 52.095879,1.532512 52.095787,1.532404 52.096005,1.532772 52.096208,1.532773 52.096277,1.533724 52.096792,1.535741 52.096669,1.536365 52.096571,1.536387 52.096694,1.536365 52.096799,1.536153 52.097040,1.537072 52.096888,1.536886 52.096470,1.537552 52.096356,1.537623 52.096553,1.538306 52.096419,1.538722 52.097056,1.539576 52.096865,1.539209 52.096314,1.539717 52.096211,1.539659 52.096093,1.539148 52.096163,1.538959 52.095703,1.538656 52.095232,1.537971 52.094602,1.537410 52.094301,1.537831 52.093889,1.538598 52.093216,1.538720 52.093114,1.538938 52.093001,1.539305 52.092710,1.539210 52.092672,1.540137 52.092140,1.540879 52.091868,1.540981 52.091682,1.539347 52.091237,1.539296 52.091181,1.539294 52.091103,1.539340 52.091048,1.539492 52.090975,1.539404 52.090910)))",,Orford,,,,13,,
,,,2021-06-10,conservation-area:14,"MULTIPOLYGON (((1.364654 52.156737,1.364636 52.156770,1.364717 52.157025,1.364461 52.157051,1.364436 52.157085,1.364492 52.157134,1.365060 52.157153,1.365041 52.157368,1.365398 52.157366,1.365386 52.157619,1.366474 52.157614,1.366423 52.157759,1.367332 52.157922,1.366818 52.158384,1.368453 52.158591,1.368437 52.158646,1.368778 52.158691,1.368744 52.158824,1.369279 52.158888,1.369099 52.159592,1.370538 52.159664,1.370585 52.159921,1.370764 52.160079,1.371477 52.160209,1.371668 52.160272,1.371863 52.160236,1.371875 52.159830,1.371773 52.159582,1.371083 52.159214,1.370830 52.158962,1.370809 52.158759,1.370831 52.158588,1.370767 52.158176,1.370748 52.157652,1.370706 52.157520,1.370528 52.157313,1.370285 52.157205,1.369783 52.157129,1.369596 52.157054,1.369047 52.156919,1.368883 52.157042,1.368792 52.157040,1.368534 52.157132,1.368321 52.157165,1.368342 52.157102,1.367800 52.157035,1.367843 52.156907,1.366982 52.156791,1.366952 52.156865,1.366166 52.156747,1.366441 52.156575,1.365665 52.156038,1.365915 52.155852,1.365436 52.155552,1.364928 52.155487,1.364944 52.154940,1.364902 52.154900,1.364615 52.154802,1.364416 52.154806,1.364320 52.154732,1.364396 52.154466,1.364325 52.154432,1.364040 52.154406,1.364122 52.153934,1.364495 52.153040,1.366720 52.153228,1.366709 52.152947,1.366618 52.152514,1.366557 52.152483,1.366373 52.152081,1.366537 52.152046,1.366470 52.151847,1.365952 52.151904,1.365731 52.151526,1.365958 52.151472,1.365880 52.151281,1.365145 52.151331,1.364788 52.151212,1.364420 52.151134,1.364277 52.151067,1.364008 52.151033,1.364044 52.150927,1.364158 52.150875,1.364340 52.150587,1.364533 52.150575,1.364574 52.150387,1.363360 52.150351,1.363386 52.150659,1.363332 52.151353,1.362606 52.151235,1.362390 52.151802,1.362367 52.151971,1.362288 52.152121,1.362694 52.152282,1.362677 52.152413,1.362133 52.152333,1.362110 52.152454,1.361892 52.152436,1.361877 52.152489,1.361511 52.152476,1.361478 52.152552,1.361384 52.152541,1.361387 52.152637,1.361292 52.152662,1.361253 52.152967,1.361647 52.153053,1.361500 52.153232,1.361552 52.153301,1.361274 52.153471,1.362469 52.153713,1.362451 52.153914,1.362587 52.154064,1.362238 52.154497,1.363285 52.154673,1.363182 52.154986,1.363249 52.154995,1.363196 52.155143,1.363404 52.155354,1.363517 52.155344,1.363417 52.155766,1.363269 52.156083,1.363869 52.156223,1.363855 52.156408,1.364536 52.156409,1.364668 52.156590,1.364654 52.156737)))",,Wickham Market,,,,14,,
,,,2021-06-10,conservation-area:15,"MULTIPOLYGON (((1.492216 52.217998,1.492192 52.217927,1.492211 52.217871,1.492416 52.217545,1.492399 52.217321,1.492294 52.217173,1.491523 52.216632,1.491770 52.216323,1.492467 52.216791,1.492560 52.216641,1.492741 52.216103,1.492832 52.215946,1.493254 52.215561,1.493779 52.215181,1.493840 52.214846,1.493975 52.214543,1.494158 52.214550,1.494195 52.214487,1.494384 52.214349,1.494903 52.214229,1.494880 52.213937,1.494990 52.213374,1.495048 52.213242,1.497682 52.213292,1.497843 52.213033,1.497536 52.212963,1.497093 52.212931,1.496989 52.212874,1.495742 52.212603,1.495811 52.212400,1.495548 52.212308,1.495352 52.212486,1.495340 52.212597,1.495009 52.212585,1.495075 52.212329,1.494894 52.212327,1.494498 52.212390,1.493590 52.212405,1.493442 52.212072,1.493322 52.212122,1.492796 52.212133,1.492021 52.211627,1.491739 52.211542,1.491151 52.211454,1.490817 52.211472,1.490098 52.211415,1.490079 52.211439,1.488418 52.211203,1.488654 52.211389,1.489281 52.211739,1.490210 52.212156,1.490280 52.212225,1.490340 52.212430,1.490269 52.212656,1.490268 52.212858,1.489760 52.212856,1.489807 52.213554,1.489929 52.213550,1.489926 52.213496,1.490141 52.213478,1.490167 52.213948,1.490119 52.214241,1.490469 52.214231,1.490490 52.214396,1.490446 52.214596,1.490724 52.214618,1.490678 52.214811,1.490024 52.214761,1.490083 52.214451,1.489669 52.214453,1.489347 52.214525,1.489332 52.214703,1.489258 52.214875,1.489497 52.214892,1.490673 52.216164,1.490511 52.216331,1.490533 52.216339,1.490397 52.216535,1.490752 52.216595,1.490547 52.217120,1.489272 52.217026,1.489220 52.217391,1.488923 52.217397,1.488377 52.217467,1.488392 52.217557,1.488333 52.217628,1.487820 52.217826,1.487847 52.218109,1.487910 52.218142,1.487860 52.218180,1.487881 52.218345,1.488799 52.218318,1.489873 52.218365,1.490094 52.218436,1.490156 52.218509,1.490380 52.219003,1.490469 52.218992,1.490490 52.219049,1.490535 52.219044,1.490665 52.219429,1.491008 52.219378,1.491323 52.219286,1.491584 52.219719,1.492836 52.219587,1.492761 52.219453,1.492699 52.219199,1.492716 52.219137,1.492820 52.219024,1.492816 52.218960,1.492661 52.218796,1.492578 52.218652,1.492330 52.218399,1.492216 52.217998)))",,Saxmundham,,,,15,,
,,,2021-06-10,conservation-area:16,"MULTIPOLYGON (((1.357864 52.146452,1.357885 52.146175,1.358529 52.146179,1.358552 52.145752,1.358931 52.145700,1.358766 52.145348,1.358552 52.145363,1.358464 52.145025,1.358340 52.144740,1.359544 52.144562,1.359505 52.144434,1.359521 52.144212,1.359329 52.144032,1.359844 52.143803,1.360143 52.143608,1.360284 52.143479,1.360321 52.143372,1.360309 52.143280,1.360106 52.142979,1.360092 52.142912,1.359781 52.143029,1.359672 52.143012,1.359236 52.143123,1.358129 52.143458,1.358249 52.143616,1.358137 52.143654,1.358181 52.143775,1.358294 52.143904,1.357979 52.144012,1.357616 52.144090,1.357549 52.143971,1.356933 52.144001,1.356601 52.144078,1.356499 52.144168,1.356114 52.143408,1.355095 52.143708,1.355018 52.143615,1.354841 52.143672,1.354874 52.143711,1.354370 52.143886,1.354084 52.143568,1.353722 52.143753,1.353480 52.143629,1.353376 52.143496,1.353247 52.143500,1.353256 52.143540,1.353087 52.143673,1.352524 52.144054,1.352291 52.144066,1.351663 52.143845,1.351356 52.144150,1.351409 52.144500,1.352062 52.144578,1.351859 52.145148,1.352383 52.145175,1.352563 52.145218,1.352532 52.145307,1.352604 52.145720,1.352685 52.145930,1.352895 52.146205,1.352944 52.146319,1.352928 52.146529,1.352834 52.146757,1.352341 52.147636,1.354277 52.147921,1.354770 52.147954,1.354773 52.147989,1.357898 52.147543,1.357787 52.147204,1.357765 52.146899,1.357813 52.146449,1.357864 52.146452)))",,Pettistree,,,,16,,
,,,2021-06-10,conservation-area:17,"MULTIPOLYGON (((1.340223 51.955171,1.340514 51.955478,1.339907 51.955693,1.340150 51.955960,1.339810 51.956078,1.339769 51.956033,1.339380 51.956166,1.340735 51.957681,1.340986 51.957913,1.341079 51.958077,1.341017 51.958182,1.340758 51.958184,1.340637 51.958264,1.340577 51.958662,1.340593 51.958936,1.341631 51.958973,1.341686 51.958969,1.341691 51.958866,1.341890 51.958866,1.341889 51.958893,1.343756 51.958840,1.343912 51.958889,1.343983 51.958989,1.344740 51.959094,1.344671 51.959257,1.344681 51.959334,1.344786 51.959452,1.344949 51.959520,1.345139 51.959535,1.345263 51.959507,1.345428 51.959409,1.345510 51.959264,1.345819 51.959239,1.346124 51.959411,1.346279 51.959433,1.346323 51.959313,1.346424 51.959181,1.346761 51.959276,1.347255 51.958555,1.346437 51.958143,1.346786 51.957888,1.346578 51.957780,1.348745 51.956610,1.348669 51.956556,1.346491 51.957734,1.346396 51.957685,1.346054 51.957930,1.344579 51.957104,1.343945 51.956664,1.342666 51.955636,1.341924 51.954940,1.341656 51.955037,1.341480 51.954849,1.340942 51.955041,1.340856 51.954948,1.340223 51.955171)))",,Felixstowe South,,,,17,,
,,,2021-06-10,conservation-area:18,"MULTIPOLYGON (((1.360480 52.105730,1.359537 52.105643,1.359482 52.105977,1.359278 52.106670,1.359294 52.106724,1.359131 52.107187,1.359493 52.107210,1.359646 52.107259,1.359710 52.107311,1.359840 52.107281,1.359858 52.107183,1.360494 52.107228,1.360504 52.107115,1.360763 52.107120,1.360822 52.106652,1.362636 52.106575,1.362643 52.106609,1.362681 52.106615,1.364314 52.106524,1.363924 52.105189,1.362338 52.105222,1.362286 52.105310,1.362230 52.106237,1.361252 52.106161,1.361255 52.106119,1.360825 52.105916,1.360808 52.105861,1.360684 52.105865,1.360748 52.105632,1.360543 52.105602,1.360480 52.105730)))",,Bromeswell,,,,18,,
,,,2021-06-10,conservation-area:19,"MULTIPOLYGON (((1.497134 52.230396,1.496327 52.230128,1.496549 52.229946,1.496494 52.229867,1.496468 52.229644,1.496264 52.229276,1.496308 52.229151,1.496437 52.228974,1.496381 52.228793,1.496474 52.228603,1.496453 52.228526,1.496358 52.228431,1.496224 52.228191,1.496001 52.227926,1.495965 52.227956,1.494814 52.228099,1.494859 52.228322,1.494787 52.228333,1.494925 52.228643,1.494982 52.228870,1.495015 52.229432,1.494901 52.229883,1.494461 52.230589,1.494339 52.230579,1.493746 52.230402,1.493435 52.230794,1.492867 52.230692,1.492687 52.230677,1.492588 52.230704,1.490802 52.233962,1.491814 52.234343,1.492178 52.234340,1.492250 52.234424,1.491695 52.234749,1.491635 52.234812,1.493684 52.234904,1.493720 52.234903,1.493716 52.234797,1.493609 52.234683,1.493554 52.234440,1.493844 52.234425,1.493881 52.234453,1.495316 52.234308,1.496725 52.234305,1.498402 52.234222,1.498306 52.234015,1.498297 52.233944,1.498325 52.233926,1.498282 52.233570,1.498352 52.233562,1.498339 52.233504,1.498764 52.232294,1.498316 52.232024,1.497097 52.231597,1.497354 52.231341,1.497321 52.231159,1.497178 52.231115,1.497539 52.230749,1.497616 52.230529,1.497134 52.230396)))",,Kelsale cum Carlton,,,,19,,
,,,2021-06-10,conservation-area:20,"MULTIPOLYGON (((1.456270 52.274509,1.455606 52.274103,1.455483 52.273976,1.455363 52.273763,1.455753 52.273544,1.456533 52.273905,1.456664 52.273758,1.456847 52.273397,1.457181 52.273468,1.457202 52.273356,1.457053 52.273254,1.457095 52.273156,1.456351 52.273002,1.456372 52.272950,1.456322 52.272910,1.455929 52.272789,1.455978 52.272609,1.454410 52.272038,1.454670 52.271702,1.454215 52.271553,1.454082 52.271720,1.453131 52.271412,1.452345 52.271085,1.452626 52.270819,1.452355 52.270712,1.452518 52.270501,1.452554 52.270511,1.452730 52.270270,1.452068 52.270094,1.452822 52.269006,1.452969 52.268627,1.452941 52.268475,1.452575 52.267736,1.452520 52.267566,1.452046 52.267505,1.451732 52.267522,1.451396 52.267474,1.451099 52.268128,1.451601 52.268228,1.451230 52.268874,1.452033 52.268992,1.452172 52.269073,1.452158 52.269208,1.451826 52.269653,1.451480 52.269560,1.450954 52.270392,1.450666 52.270315,1.450356 52.270704,1.450279 52.270673,1.450278 52.270478,1.450178 52.270310,1.450109 52.270253,1.449984 52.270216,1.449875 52.270280,1.449956 52.270338,1.449371 52.270819,1.448436 52.270616,1.447132 52.270404,1.447223 52.270152,1.447917 52.269100,1.447425 52.268928,1.446490 52.270349,1.445851 52.270326,1.445286 52.270261,1.445201 52.270516,1.445136 52.270892,1.445451 52.270882,1.446700 52.271307,1.447165 52.270708,1.447766 52.270784,1.448508 52.270973,1.449170 52.271205,1.449211 52.271169,1.449595 52.271280,1.450132 52.271512,1.450095 52.271541,1.450705 52.271832,1.450759 52.271778,1.451118 52.271892,1.451089 52.271919,1.451174 52.271956,1.451124 52.271998,1.451662 52.272232,1.451443 52.272409,1.451665 52.272524,1.451980 52.272301,1.452809 52.272717,1.452987 52.272603,1.453281 52.272673,1.453384 52.272660,1.453439 52.272615,1.453986 52.272893,1.453385 52.273374,1.453803 52.273636,1.452745 52.274286,1.453311 52.274666,1.452261 52.275398,1.452473 52.275587,1.452646 52.275670,1.453996 52.276184,1.455774 52.276926,1.455537 52.277199,1.455568 52.277208,1.455004 52.277859,1.455338 52.277951,1.454950 52.278473,1.454513 52.278361,1.454228 52.278685,1.453818 52.279269,1.454019 52.279259,1.453546 52.279538,1.453057 52.279677,1.453248 52.280036,1.453473 52.280019,1.453587 52.280189,1.455615 52.280102,1.455690 52.279328,1.455096 52.279089,1.455059 52.278988,1.455171 52.278820,1.456165 52.277743,1.456750 52.277016,1.456795 52.276873,1.456790 52.276921,1.458099 52.276695,1.459065 52.275796,1.459144 52.275702,1.459135 52.275629,1.459222 52.275537,1.457469 52.274918,1.457244 52.275195,1.457191 52.275179,1.457054 52.274950,1.456270 52.274509)))",,Peasenhall,,,,20,,
,,,2021-06-10,conservation-area:21,"MULTIPOLYGON (((1.622937 52.272758,1.622879 52.272837,1.621230 52.272532,1.621089 52.272769,1.621327 52.272830,1.621458 52.272947,1.621507 52.272880,1.622108 52.273218,1.622805 52.273444,1.623580 52.273613,1.623757 52.273704,1.624113 52.273800,1.625587 52.274578,1.625668 52.274658,1.626325 52.275643,1.626539 52.276112,1.626567 52.276241,1.626558 52.276454,1.626059 52.277519,1.626070 52.277645,1.626019 52.277701,1.625092 52.277693,1.623970 52.277551,1.623602 52.277406,1.623057 52.277269,1.622952 52.277215,1.623073 52.276855,1.622368 52.276731,1.621953 52.276712,1.621951 52.276856,1.622004 52.276960,1.621950 52.277021,1.622054 52.277103,1.622176 52.277142,1.621852 52.277457,1.621464 52.277914,1.621030 52.277872,1.620857 52.278491,1.621522 52.278582,1.621591 52.279398,1.621694 52.279376,1.621747 52.279741,1.623172 52.279698,1.623907 52.279809,1.624082 52.279890,1.624141 52.279986,1.624365 52.280021,1.625507 52.279910,1.625336 52.279397,1.625433 52.279260,1.626573 52.279701,1.627111 52.279966,1.628582 52.281107,1.629143 52.281452,1.630523 52.280735,1.631143 52.280853,1.631606 52.281031,1.632016 52.281149,1.632862 52.281718,1.633300 52.281641,1.635615 52.281539,1.634397 52.279227,1.633523 52.277380,1.632694 52.275438,1.631800 52.273085,1.630585 52.273157,1.628899 52.272815,1.628862 52.272719,1.628735 52.272592,1.627960 52.272307,1.627688 52.272286,1.627428 52.272368,1.626720 52.272189,1.626773 52.272114,1.626581 52.271871,1.626292 52.271810,1.625774 52.271884,1.625409 52.271894,1.625422 52.271865,1.625368 52.271855,1.625145 52.272183,1.623862 52.271769,1.623675 52.271848,1.623514 52.271981,1.622937 52.272758)))",,Dunwich,,,,21,,
,,,2021-06-10,conservation-area:22,"MULTIPOLYGON (((1.617779 52.181728,1.617761 52.181698,1.618406 52.181458,1.617748 52.180621,1.617655 52.180556,1.616758 52.179507,1.616701 52.179497,1.615803 52.178480,1.615447 52.178613,1.615243 52.178413,1.614159 52.178712,1.613824 52.178290,1.613728 52.178316,1.612832 52.177209,1.611066 52.176701,1.610164 52.176628,1.609949 52.176558,1.609186 52.176965,1.608665 52.177192,1.608326 52.177484,1.608149 52.177582,1.606886 52.177733,1.606129 52.177857,1.605596 52.177966,1.605184 52.178101,1.604468 52.178560,1.604365 52.178680,1.604290 52.178837,1.604197 52.178822,1.603729 52.178924,1.603502 52.179028,1.603403 52.179140,1.603382 52.179248,1.603298 52.179363,1.602864 52.179620,1.602616 52.179917,1.602483 52.180162,1.602387 52.180259,1.602259 52.180318,1.602052 52.180344,1.601641 52.180319,1.600725 52.179917,1.600571 52.179888,1.600467 52.179910,1.600343 52.180038,1.600064 52.181417,1.600013 52.181483,1.599935 52.181520,1.600067 52.181618,1.600466 52.181602,1.600902 52.181690,1.601583 52.181946,1.602556 52.182395,1.603009 52.182487,1.603393 52.182523,1.603560 52.182507,1.604672 52.182185,1.605989 52.181928,1.606344 52.181927,1.606876 52.182007,1.608862 52.181697,1.609107 52.182152,1.611164 52.181942,1.611143 52.181920,1.611774 52.181843,1.612144 52.181987,1.612289 52.182006,1.612716 52.181934,1.612696 52.181852,1.612709 52.181888,1.612918 52.181861,1.613085 52.182045,1.613226 52.182004,1.613437 52.182292,1.613796 52.182171,1.614145 52.182558,1.614160 52.182655,1.614115 52.182714,1.614134 52.182737,1.615194 52.182376,1.615443 52.182677,1.615805 52.182550,1.616057 52.182772,1.616195 52.182648,1.616184 52.182601,1.616335 52.182379,1.616437 52.182410,1.616523 52.182727,1.616492 52.182748,1.616595 52.182813,1.616705 52.182776,1.616887 52.182908,1.616962 52.182929,1.617192 52.182857,1.617391 52.182682,1.617881 52.182414,1.618008 52.182538,1.618480 52.182231,1.618083 52.181946,1.618036 52.181865,1.617779 52.181728)))",,Thorpeness,,,,22,,
,,,2021-06-10,conservation-area:23,"MULTIPOLYGON (((1.353056 51.963504,1.353506 51.964813,1.352875 51.964960,1.353056 51.965460,1.352995 51.965475,1.353202 51.965810,1.356647 51.964983,1.356678 51.965034,1.357272 51.964897,1.357458 51.965289,1.358168 51.965525,1.358863 51.965836,1.359012 51.965809,1.359137 51.966018,1.359273 51.966167,1.359389 51.966191,1.359662 51.966174,1.360133 51.966082,1.359658 51.964965,1.360448 51.964831,1.360276 51.964442,1.360643 51.964066,1.361579 51.964392,1.361648 51.964399,1.361748 51.964263,1.362186 51.965296,1.363555 51.964855,1.364389 51.964496,1.364542 51.964495,1.364766 51.964444,1.365210 51.964269,1.366455 51.965551,1.366626 51.965592,1.366962 51.965906,1.366741 51.966214,1.367560 51.966394,1.368402 51.966625,1.370421 51.967012,1.371946 51.966427,1.371207 51.965755,1.370885 51.965503,1.370895 51.965478,1.370856 51.965445,1.370919 51.965417,1.370357 51.964905,1.370385 51.964893,1.370075 51.964651,1.369668 51.964386,1.368810 51.963994,1.368482 51.963900,1.367725 51.963786,1.367315 51.963808,1.366980 51.963707,1.363537 51.963073,1.362978 51.962893,1.361011 51.962073,1.360608 51.961957,1.358317 51.961334,1.356177 51.960947,1.353489 51.960320,1.348282 51.958943,1.347815 51.958791,1.347255 51.958555,1.346761 51.959276,1.346424 51.959181,1.346323 51.959313,1.346252 51.959516,1.346274 51.959537,1.346169 51.959785,1.346155 51.960132,1.343706 51.959815,1.343395 51.960727,1.343384 51.960766,1.344642 51.960900,1.344510 51.961272,1.345046 51.961371,1.345098 51.961318,1.345309 51.961334,1.345315 51.962285,1.346418 51.962242,1.346390 51.962049,1.347070 51.962006,1.346987 51.961143,1.347674 51.961263,1.348218 51.961297,1.348151 51.961622,1.348594 51.961623,1.348621 51.961796,1.348573 51.961799,1.348594 51.961933,1.348641 51.961930,1.348777 51.962690,1.349207 51.962724,1.349028 51.961625,1.349139 51.961155,1.350569 51.961443,1.350555 51.963158,1.350489 51.963407,1.351072 51.963717,1.351539 51.964060,1.351956 51.964487,1.352203 51.964953,1.351767 51.963675,1.353039 51.963464,1.353056 51.963504)))",,Felixstowe,,,,23,,
,,,2021-06-10,conservation-area:24,"MULTIPOLYGON (((1.344535 52.219229,1.344442 52.219217,1.344324 52.219290,1.343400 52.220005,1.342600 52.219797,1.342381 52.219679,1.341635 52.219617,1.341705 52.219852,1.340995 52.219919,1.340553 52.220002,1.340553 52.220075,1.340461 52.220120,1.340662 52.220418,1.341223 52.220403,1.341191 52.220821,1.340994 52.220808,1.340960 52.221021,1.341253 52.221043,1.341218 52.221247,1.341129 52.221392,1.341164 52.221408,1.341115 52.221478,1.340115 52.221482,1.340041 52.221906,1.340149 52.221910,1.340111 52.222091,1.340268 52.222196,1.339975 52.222796,1.340501 52.222911,1.340282 52.223330,1.340219 52.223582,1.340245 52.223797,1.340403 52.224145,1.339643 52.224300,1.339508 52.224028,1.339221 52.224109,1.339163 52.224333,1.339055 52.224492,1.337691 52.224599,1.337922 52.225648,1.337934 52.226068,1.337896 52.226177,1.337697 52.226159,1.337537 52.226392,1.337342 52.226581,1.337005 52.226764,1.337009 52.226803,1.337600 52.226840,1.337377 52.227153,1.337093 52.227420,1.337969 52.227384,1.338026 52.227913,1.338267 52.228063,1.338335 52.228022,1.338393 52.228057,1.338357 52.228081,1.338384 52.228096,1.338416 52.228075,1.338514 52.228130,1.340415 52.228328,1.340309 52.228185,1.340443 52.228175,1.340494 52.228129,1.340579 52.227265,1.342422 52.227349,1.344574 52.228269,1.344553 52.228072,1.344465 52.227988,1.344474 52.227966,1.344845 52.228063,1.344986 52.227674,1.345088 52.227488,1.345868 52.226487,1.346308 52.226503,1.346263 52.226434,1.346314 52.225806,1.346435 52.225663,1.346411 52.225500,1.346438 52.225429,1.347375 52.225358,1.347886 52.225247,1.348906 52.224901,1.349833 52.224730,1.349623 52.223923,1.349310 52.223932,1.349118 52.223537,1.349022 52.223426,1.348987 52.223429,1.348809 52.223273,1.348586 52.223138,1.348249 52.222967,1.348157 52.222858,1.348126 52.222554,1.348813 52.222503,1.348915 52.222543,1.349010 52.222460,1.348920 52.222292,1.348712 52.222343,1.348670 52.222209,1.348641 52.222160,1.348612 52.222166,1.348390 52.221782,1.348186 52.221772,1.348020 52.221801,1.347828 52.221578,1.347565 52.221408,1.346028 52.221138,1.345087 52.221156,1.345102 52.221005,1.344587 52.220946,1.344485 52.220625,1.344448 52.219900,1.344349 52.219893,1.344421 52.219469,1.344535 52.219229)))",,Framlingham,,,,24,,
,,,2021-06-10,conservation-area:25,"MULTIPOLYGON (((1.508481 52.263405,1.508383 52.263165,1.506872 52.263649,1.505595 52.263986,1.503864 52.264357,1.502200 52.264669,1.499939 52.265201,1.499627 52.265303,1.498544 52.265860,1.499053 52.266334,1.499442 52.266790,1.499143 52.266898,1.499781 52.267554,1.499524 52.267949,1.500716 52.268528,1.500693 52.268561,1.500498 52.268584,1.500436 52.268626,1.500401 52.268683,1.500415 52.268744,1.500504 52.268797,1.500595 52.268820,1.500767 52.268618,1.501817 52.268932,1.501096 52.270737,1.501197 52.270847,1.500648 52.271274,1.500788 52.271417,1.500726 52.271430,1.500945 52.271581,1.500586 52.271709,1.500757 52.271955,1.500874 52.271951,1.501802 52.271612,1.502791 52.270964,1.504511 52.270308,1.505097 52.270672,1.505361 52.270456,1.505510 52.270526,1.505690 52.270445,1.506245 52.270342,1.506291 52.270291,1.506287 52.270178,1.506372 52.270078,1.506408 52.269885,1.506577 52.269587,1.506878 52.269414,1.507631 52.268831,1.510264 52.270062,1.511529 52.269345,1.511690 52.269295,1.511543 52.269945,1.511648 52.270161,1.512231 52.270078,1.512473 52.270098,1.513917 52.272157,1.514245 52.272083,1.515147 52.272691,1.515264 52.272648,1.515272 52.272413,1.514596 52.272008,1.514395 52.271819,1.513855 52.271453,1.513320 52.270721,1.513520 52.270747,1.513804 52.270895,1.514303 52.270680,1.514655 52.271220,1.515901 52.270984,1.517136 52.270939,1.517535 52.270726,1.518220 52.270497,1.519307 52.270004,1.519349 52.269830,1.518401 52.268834,1.517217 52.268212,1.516531 52.268007,1.516001 52.267668,1.515644 52.267332,1.515356 52.266598,1.515564 52.266064,1.515398 52.265620,1.515196 52.265275,1.514283 52.264560,1.514227 52.264437,1.514230 52.264320,1.514271 52.264256,1.514496 52.264059,1.514473 52.263955,1.515608 52.263673,1.517346 52.263181,1.517585 52.263078,1.518165 52.262748,1.519842 52.262319,1.520919 52.261989,1.520634 52.261266,1.519977 52.260062,1.519755 52.259402,1.519406 52.258548,1.519148 52.258002,1.518569 52.256956,1.518545 52.256802,1.518021 52.257098,1.517654 52.256883,1.516721 52.257429,1.516073 52.257548,1.515234 52.257765,1.514193 52.257181,1.514169 52.257081,1.513142 52.257238,1.512975 52.257701,1.509824 52.258003,1.509886 52.258477,1.510052 52.259172,1.510166 52.259458,1.510383 52.259831,1.508876 52.260307,1.508891 52.260348,1.508524 52.260450,1.508503 52.260488,1.508631 52.260620,1.510308 52.261736,1.511064 52.262295,1.511387 52.262495,1.511517 52.262666,1.512961 52.263854,1.512743 52.263919,1.512649 52.263867,1.512498 52.263856,1.512223 52.263908,1.512066 52.263978,1.511937 52.264121,1.511680 52.264230,1.511327 52.264321,1.511293 52.264188,1.510632 52.264093,1.509919 52.263288,1.509579 52.263429,1.508595 52.262479,1.508104 52.262727,1.508405 52.263079,1.508569 52.263224,1.508912 52.263414,1.510221 52.264485,1.510386 52.264589,1.510244 52.264670,1.510316 52.264756,1.509955 52.264820,1.509874 52.264890,1.510040 52.265231,1.509590 52.265393,1.509918 52.265722,1.509358 52.266101,1.508993 52.265897,1.508744 52.266044,1.508880 52.266146,1.508701 52.266232,1.508639 52.266185,1.508123 52.266410,1.507823 52.266103,1.507652 52.265827,1.506986 52.265967,1.508266 52.263937,1.508455 52.263532,1.508481 52.263405)))",,Yoxford,,,,25,,
,,,2021-06-10,conservation-area:26,"MULTIPOLYGON (((1.577899 52.263246,1.577780 52.263216,1.577493 52.263320,1.577172 52.262955,1.576814 52.262985,1.576811 52.263026,1.576716 52.263030,1.576480 52.262975,1.576372 52.263022,1.576154 52.262944,1.575657 52.262760,1.575729 52.262731,1.575798 52.262600,1.575781 52.262446,1.575733 52.262381,1.575295 52.262292,1.574936 52.263300,1.574846 52.263640,1.574321 52.263574,1.574197 52.263634,1.574215 52.263864,1.573711 52.263841,1.573711 52.263796,1.572888 52.263822,1.572875 52.264169,1.572283 52.264152,1.571703 52.264289,1.571658 52.264189,1.567535 52.264307,1.567537 52.264380,1.568736 52.264399,1.569449 52.264575,1.569540 52.264629,1.569567 52.264874,1.569583 52.265811,1.570362 52.265812,1.570368 52.265927,1.570842 52.266059,1.571001 52.266040,1.571206 52.265912,1.571295 52.265961,1.571640 52.265740,1.571730 52.265522,1.571747 52.265350,1.571695 52.265093,1.572781 52.264970,1.572977 52.265705,1.573269 52.265664,1.573626 52.267234,1.573877 52.267210,1.573938 52.267415,1.574374 52.267412,1.574455 52.267229,1.574519 52.267231,1.574576 52.267112,1.575655 52.267139,1.575649 52.267100,1.576345 52.267024,1.576616 52.267047,1.576647 52.267134,1.576701 52.267167,1.577124 52.267187,1.577135 52.267303,1.578002 52.267226,1.578055 52.267273,1.578077 52.267436,1.578307 52.267743,1.578477 52.267902,1.578718 52.267644,1.579020 52.267753,1.578988 52.267790,1.579257 52.267888,1.579344 52.267857,1.579693 52.267549,1.579855 52.267350,1.580277 52.267351,1.580419 52.267054,1.579844 52.266935,1.579940 52.266845,1.578968 52.266476,1.579021 52.266417,1.577984 52.266002,1.577891 52.266059,1.577300 52.265845,1.576725 52.265539,1.577008 52.265310,1.576323 52.265052,1.576490 52.264948,1.577016 52.264397,1.577221 52.264269,1.577904 52.264492,1.577726 52.264652,1.578284 52.264960,1.578056 52.265109,1.578254 52.265207,1.578433 52.265124,1.578473 52.265143,1.578550 52.265083,1.578652 52.265128,1.578680 52.264968,1.578658 52.264882,1.578303 52.264717,1.577959 52.264510,1.578608 52.263879,1.578749 52.263698,1.578811 52.263556,1.578659 52.263449,1.577899 52.263246)))",,Westleton,,,,26,,
,,,2021-06-10,conservation-area:27,"MULTIPOLYGON (((1.425240 52.318741,1.426369 52.318133,1.427200 52.317944,1.427961 52.317610,1.429431 52.316179,1.429611 52.316105,1.429357 52.315785,1.427476 52.316063,1.426130 52.316430,1.425799 52.315992,1.423937 52.316585,1.423888 52.316658,1.423910 52.316726,1.424137 52.316877,1.424138 52.316919,1.424056 52.316989,1.423579 52.317108,1.423656 52.317136,1.424201 52.317609,1.424670 52.318199,1.424819 52.318332,1.424958 52.318396,1.425189 52.318760,1.425240 52.318741)))",,Huntingfield,,,,27,,
,,,2021-06-10,conservation-area:28,"MULTIPOLYGON (((1.550992 52.272329,1.551024 52.272333,1.551136 52.272209,1.552566 52.272451,1.552723 52.272524,1.552790 52.272442,1.552990 52.271962,1.553158 52.271975,1.553287 52.271692,1.553292 52.271278,1.551756 52.271036,1.551732 52.270965,1.551629 52.271001,1.550861 52.270864,1.550870 52.270843,1.550252 52.270707,1.550025 52.270989,1.549352 52.270891,1.548576 52.270554,1.547625 52.270049,1.547418 52.270006,1.547014 52.270016,1.546751 52.269864,1.546009 52.270737,1.543955 52.272455,1.543896 52.272448,1.543729 52.272544,1.543523 52.272709,1.543482 52.272776,1.543055 52.273103,1.543376 52.273305,1.543514 52.273110,1.544263 52.273354,1.544418 52.273326,1.544772 52.273440,1.544516 52.273789,1.545231 52.273986,1.544753 52.274622,1.544781 52.274661,1.545386 52.274463,1.545467 52.274603,1.546809 52.274624,1.547465 52.274688,1.547755 52.274756,1.547749 52.274619,1.548173 52.273988,1.549348 52.274494,1.549509 52.274525,1.549732 52.274518,1.549939 52.274444,1.550042 52.274371,1.550596 52.273836,1.550786 52.273535,1.550906 52.273182,1.550921 52.272647,1.550867 52.272532,1.550992 52.272329)))",,Darsham,,,,28,,
,,,2021-06-10,conservation-area:29,"MULTIPOLYGON (((1.250957 52.112053,1.250837 52.112439,1.250735 52.112609,1.250732 52.112664,1.250580 52.112733,1.250660 52.112861,1.249435 52.113242,1.248951 52.113205,1.248264 52.113024,1.247413 52.112666,1.247762 52.112170,1.248072 52.111822,1.247691 52.111696,1.247430 52.111983,1.247174 52.111896,1.247089 52.111981,1.246708 52.111874,1.246511 52.112086,1.245876 52.111855,1.246337 52.111386,1.245885 52.111553,1.245590 52.111226,1.246039 52.110909,1.245282 52.110653,1.245300 52.110630,1.245269 52.110621,1.245653 52.110144,1.245478 52.110085,1.245212 52.110332,1.244841 52.109943,1.244221 52.110184,1.243869 52.109678,1.243773 52.109482,1.243724 52.108783,1.242743 52.108836,1.242938 52.109605,1.243150 52.109576,1.243396 52.110463,1.243639 52.110421,1.243735 52.110643,1.243838 52.111547,1.243641 52.111484,1.243437 52.111508,1.243390 52.111528,1.243224 52.111795,1.243471 52.111840,1.243817 52.112002,1.243989 52.112016,1.244219 52.112125,1.244145 52.112248,1.244148 52.112470,1.244123 52.112531,1.243881 52.112779,1.244115 52.112847,1.243885 52.113048,1.244083 52.113181,1.244554 52.112937,1.245435 52.113293,1.245263 52.113453,1.245940 52.113754,1.246458 52.114027,1.246954 52.113707,1.247870 52.114171,1.248151 52.113966,1.249316 52.114530,1.249465 52.114652,1.250178 52.114731,1.251494 52.115045,1.251452 52.115187,1.251504 52.115246,1.251296 52.115415,1.251297 52.115571,1.251115 52.115796,1.251051 52.115961,1.251136 52.116096,1.252113 52.116174,1.252221 52.115813,1.252886 52.115796,1.252929 52.115517,1.253167 52.115318,1.253196 52.115257,1.253183 52.115170,1.253520 52.114971,1.253868 52.114831,1.254264 52.114736,1.254807 52.114527,1.255418 52.114228,1.255657 52.114397,1.255828 52.114347,1.255924 52.114261,1.255701 52.113840,1.257792 52.113451,1.258275 52.113285,1.258036 52.112964,1.257831 52.113006,1.257810 52.112971,1.257842 52.112886,1.258010 52.112716,1.257891 52.112527,1.257415 52.112054,1.256654 52.112067,1.256639 52.112041,1.256262 52.112081,1.255880 52.110988,1.255823 52.110895,1.255376 52.111101,1.254539 52.111253,1.254518 52.111303,1.253901 52.111317,1.253150 52.111004,1.253163 52.110744,1.252997 52.110570,1.253067 52.110302,1.252767 52.110240,1.252618 52.110530,1.252756 52.110561,1.252604 52.110801,1.252577 52.110795,1.252231 52.111381,1.252237 52.111468,1.251213 52.112163,1.250957 52.112053)))",,Grundisburgh,,,,29,,
,,,2021-06-10,conservation-area:30,"MULTIPOLYGON (((1.196462 52.090991,1.196270 52.091278,1.196928 52.091484,1.197059 52.091374,1.197483 52.091551,1.197425 52.091606,1.198336 52.091947,1.197694 52.092534,1.197567 52.092583,1.198932 52.092988,1.198841 52.093177,1.199847 52.093481,1.199665 52.093702,1.200398 52.093986,1.200837 52.093705,1.201098 52.093646,1.201247 52.093641,1.201699 52.093757,1.201810 52.093717,1.202952 52.094000,1.203174 52.093659,1.203276 52.093716,1.203436 52.093730,1.204098 52.093711,1.205275 52.093779,1.205512 52.093735,1.205220 52.093622,1.203209 52.093386,1.203113 52.093211,1.203031 52.093132,1.202593 52.092927,1.202558 52.092151,1.201955 52.092086,1.201973 52.092011,1.201925 52.091939,1.201468 52.091793,1.201265 52.091760,1.201390 52.091519,1.201076 52.091461,1.201225 52.091309,1.201614 52.091180,1.201784 52.091072,1.202156 52.090754,1.201400 52.090555,1.200985 52.090550,1.200801 52.090636,1.200329 52.090395,1.200144 52.090520,1.200060 52.090515,1.199795 52.090409,1.199682 52.090543,1.198737 52.090048,1.198906 52.089797,1.198022 52.089562,1.198118 52.089468,1.198210 52.089309,1.197362 52.089094,1.197059 52.089611,1.197408 52.089741,1.197463 52.089801,1.197481 52.089920,1.196996 52.090514,1.196819 52.090588,1.196876 52.090650,1.196967 52.090675,1.196729 52.090864,1.196515 52.090887,1.196115 52.090814,1.196063 52.090899,1.196462 52.090991)))",,Tuddenham St Martin,,,,30,,
,,,2021-06-10,conservation-area:31,"MULTIPOLYGON (((1.517963 52.311010,1.518030 52.311018,1.517808 52.311894,1.517839 52.311922,1.518639 52.312013,1.518636 52.312391,1.518830 52.313162,1.518952 52.313862,1.519589 52.313943,1.519836 52.313476,1.520511 52.313669,1.520971 52.313743,1.521018 52.313550,1.521159 52.313353,1.521261 52.313342,1.521609 52.313199,1.521693 52.313263,1.521788 52.313270,1.521931 52.313149,1.522074 52.313098,1.522134 52.313103,1.522191 52.313152,1.522331 52.313134,1.522304 52.312774,1.522105 52.312737,1.521673 52.312540,1.521139 52.312181,1.520868 52.311623,1.520954 52.311617,1.520941 52.310736,1.520886 52.310179,1.521668 52.310189,1.521594 52.310075,1.521621 52.309692,1.521821 52.309660,1.521576 52.308774,1.520050 52.308895,1.519985 52.308829,1.519791 52.308783,1.519277 52.308736,1.519135 52.308118,1.518859 52.307244,1.518431 52.306434,1.518120 52.306494,1.518130 52.306542,1.518028 52.306645,1.517990 52.306738,1.518002 52.306861,1.518141 52.306925,1.516902 52.307308,1.516590 52.307335,1.516336 52.308149,1.516617 52.308173,1.516604 52.308214,1.515909 52.309191,1.515532 52.309160,1.515017 52.309031,1.514375 52.308947,1.513882 52.308931,1.513534 52.308955,1.513520 52.309095,1.514099 52.309072,1.514107 52.309128,1.514180 52.309127,1.514233 52.309344,1.514376 52.309424,1.514976 52.309447,1.515491 52.309517,1.515608 52.309355,1.516175 52.309485,1.517251 52.309514,1.517245 52.310205,1.517641 52.310222,1.517628 52.310970,1.517963 52.311010)))",,Bramfield,,,,31,,
,,,2021-06-10,conservation-area:32,"MULTIPOLYGON (((1.652240 52.313188,1.651315 52.313070,1.651070 52.313534,1.650780 52.313483,1.650810 52.313391,1.650526 52.313368,1.650539 52.313325,1.650160 52.313295,1.650108 52.313697,1.650034 52.313962,1.650166 52.313957,1.650181 52.314257,1.651106 52.314223,1.651197 52.314788,1.652336 52.314682,1.652305 52.314564,1.652885 52.314500,1.652822 52.314213,1.653602 52.314043,1.653699 52.314156,1.654069 52.314122,1.654536 52.314218,1.654609 52.314626,1.656036 52.314892,1.656086 52.313988,1.656986 52.314046,1.656958 52.313957,1.657865 52.314061,1.658157 52.314161,1.658404 52.314098,1.658764 52.314086,1.658773 52.314117,1.658965 52.314116,1.659087 52.314408,1.659061 52.314459,1.659113 52.314455,1.659077 52.314500,1.659127 52.314519,1.659211 52.314718,1.659171 52.314968,1.660142 52.315319,1.661024 52.315579,1.661294 52.315567,1.661292 52.315497,1.661330 52.315459,1.662027 52.315256,1.663119 52.314822,1.664029 52.315815,1.664224 52.315711,1.664177 52.315652,1.664515 52.315564,1.664881 52.315409,1.665100 52.315397,1.665328 52.315481,1.665650 52.315410,1.665630 52.315346,1.665817 52.315246,1.665859 52.315171,1.666948 52.314337,1.666897 52.314129,1.666789 52.313959,1.666643 52.313755,1.666471 52.313595,1.665840 52.313290,1.665563 52.313248,1.665523 52.313188,1.665686 52.313040,1.665366 52.312967,1.664329 52.313031,1.664141 52.312974,1.664040 52.312848,1.662709 52.313099,1.662372 52.312065,1.661125 52.311733,1.660119 52.311367,1.659973 52.311453,1.659620 52.312183,1.659503 52.312589,1.659465 52.312635,1.659103 52.312635,1.658997 52.313100,1.656516 52.312969,1.654470 52.312802,1.654417 52.312972,1.653909 52.312917,1.653821 52.313175,1.653800 52.313343,1.652240 52.313188)))",,Walberswick,,,,32,,
,,,2021-06-10,conservation-area:33,"MULTIPOLYGON (((1.376303 52.052509,1.376612 52.052569,1.376951 52.052915,1.377722 52.053585,1.377988 52.053594,1.378856 52.053488,1.379865 52.053249,1.380681 52.053224,1.381827 52.053112,1.382748 52.053201,1.382757 52.053235,1.383238 52.053287,1.383255 52.053082,1.382941 52.053061,1.382832 52.052996,1.382823 52.052941,1.382876 52.052906,1.382852 52.052787,1.383924 52.052845,1.383934 52.052656,1.383894 52.052258,1.384664 52.052218,1.384331 52.051416,1.384161 52.051444,1.384098 52.051270,1.382935 52.051422,1.382934 52.050542,1.381664 52.050486,1.381546 52.050675,1.381194 52.050579,1.380895 52.050862,1.379807 52.050399,1.379513 52.050445,1.379321 52.050343,1.378991 52.050240,1.378879 52.050222,1.378643 52.050250,1.378631 52.050210,1.378082 52.050176,1.377313 52.049580,1.376986 52.049725,1.376647 52.049522,1.376481 52.049635,1.376548 52.049772,1.376541 52.049946,1.376286 52.050277,1.375836 52.050052,1.375733 52.050117,1.375568 52.050155,1.375420 52.050269,1.375838 52.050356,1.375971 52.050417,1.376077 52.050511,1.376034 52.050942,1.376409 52.050952,1.376625 52.051787,1.376604 52.052236,1.375770 52.052199,1.375648 52.052469,1.376303 52.052509)))",,Shottisham,,,,33,,
,,,2021-06-10,conservation-area:34,"MULTIPOLYGON (((1.423785 52.205314,1.424077 52.205943,1.423978 52.206111,1.423939 52.206112,1.423965 52.206240,1.424678 52.206200,1.424759 52.206537,1.425950 52.206468,1.426032 52.206460,1.426015 52.206276,1.425933 52.206200,1.426006 52.205686,1.426864 52.205115,1.425593 52.204412,1.424898 52.204256,1.424137 52.203512,1.424201 52.203474,1.424171 52.203397,1.424058 52.203365,1.423953 52.203396,1.423891 52.203288,1.423852 52.203285,1.423097 52.202668,1.421906 52.203122,1.421905 52.203194,1.422589 52.203702,1.422433 52.203912,1.422682 52.204141,1.423175 52.204067,1.423543 52.204502,1.423878 52.204458,1.424119 52.205200,1.423772 52.205288,1.423785 52.205314)))",,Great Glemham,,,,34,,
,,,2021-06-10,conservation-area:35,"MULTIPOLYGON (((1.576988 52.208255,1.576931 52.208248,1.576997 52.208066,1.577342 52.208137,1.577510 52.207824,1.577255 52.207783,1.577281 52.207724,1.576868 52.207664,1.576976 52.207452,1.576697 52.207404,1.576669 52.207452,1.575985 52.207326,1.575970 52.207359,1.575711 52.207277,1.575698 52.207306,1.574694 52.207145,1.574664 52.207253,1.574090 52.207146,1.573455 52.207091,1.573370 52.207577,1.573262 52.207570,1.573230 52.207719,1.572926 52.207691,1.572959 52.208292,1.572906 52.208397,1.572907 52.208477,1.573278 52.208443,1.573319 52.208692,1.573398 52.208737,1.573728 52.208716,1.573828 52.209269,1.574622 52.209227,1.574577 52.208656,1.574954 52.208668,1.575010 52.208597,1.575436 52.208620,1.575339 52.208840,1.575706 52.208889,1.575730 52.208828,1.575975 52.208859,1.576073 52.208621,1.576773 52.208729,1.576820 52.208712,1.576988 52.208255)))",,Leiston,,,,35,,
