conservation-area,documentation-url,end-date,entry-date,geometry,name,organisation,start-date
CONSERVATION_AREAS,,,,"MULTIPOLYGON (((440133.7089 114480.5495,440064.4091 114435.8523,440015.45 114401.5522,440000.7064 114391.0042,440004.4511 114385.3471,439996.4039 114370.8512,440005.4982 114361.6539,440005.0035 114361.0541,440019.2345 114346.208,440031.767 114332.7318,440006.4629 114304.5899,440014.5018 114294.8927,440008.1201 114288.9744,440002.1095 114282.3366,440012.2014 114269.7002,440023.8022 114256.304,440033.5974 114272.2995,440040.5232 114263.9016,440052.4893 114273.4104,440056.6011 114276.6779,440081.4798 114261.7143,440093.8056 114284.1367,440097.9913 114281.4065,440108.8748 114270.9995,440113.3683 114266.2709,440119.28 114258.4631,440097.1998 114240.8984,440141.2779 114187.5134,440136.3061 114182.7848,440171.0755 114161.2609,440155.2285 114137.3778,440163.7456 114129.1001,440163.2674 114128.8602,440170.8364 114121.5223,440187.1534 114105.8971,440202.8025 114122.7523,440216.0028 114130.7,440217.1949 114131.5065,440219.5565 114125.3112,440227.6036 114101.4281,440235.4035 114104.9671,440256.6922 114128.8602,440247.9442 114141.8665,440267.0975 114160.3112,440266.1493 114162.2107,440273.9574 114164.3401,440273.9574 114164.1001,440291.6925 114170.2484,440286.2508 114187.0436,440326.4619 114211.6365,440365.4858 114234.5799,440349.8779 114261.3023,440341.8307 114263.4317,440327.641 114288.0247,440342.55 114298.6,440362.75 114313.15,440371.55 114319.6,440348.2206 114360.4039,440279.63 114322.0849,440266.3884 114343.3688,440231.149 114321.615,440208.203 114359.2143,440188.8106 114390.6753,440133.7089 114480.5495)))",St James Road,,
CONSERVATION_AREAS,,,,"MULTIPOLYGON (((442557.9135 114650.8608,442532.2714 114606.8234,442511.1475 114568.9842,442476.8316 114505.5124,442455.3862 114467.7632,442438.2282 114439.0214,442411.1349 114393.9243,442394.4717 114366.9721,442372.5975 114329.6527,442364.0226 114309.0686,442363.5939 114301.7707,442363.1652 114293.1932,442366.5951 114282.4662,442370.4538 114271.7493,442377.7424 114263.6016,442384.6106 114256.7336,442415.0019 114235.9995,442444.1976 114219.5642,442469.5347 114203.119,442508.9956 114180.8153,442551.8946 114157.2321,442566.0431 114149.9342,442602.9315 114131.9193,442637.2475 114113.0447,442666.6988 114163.0104,442688.4576 114205.5782,442715.169 114257.5966,442727.2423 114241.0581,442729.6087 114244.837,442732.9232 114245.3069,442738.5958 114249.0958,442748.5311 114260.9224,442753.2555 114266.5908,442757.5182 114262.342,442767.9235 114277.4777,442781.165 114292.6133,442798.6693 114310.5882,442820.898 114333.2917,442838.8722 114350.7867,442861.5791 114373.4902,442865.1575 114377.0792,442842.5165 114394.964,442818.2018 114413.9786,442795.5609 114431.3036,442757.5512 114469.3128,442745.5299 114483.8486,442734.9102 114500.6138,442715.0644 114520.738,442688.2267 114545.0511,442668.6694 114561.5464,442647.7022 114578.8714,442630.4618 114593.4972,442627.0896 114594.4569,442625.7115 114595.181,442603.2284 114606.9933,442569.4813 114641.4535,442557.9135 114650.8608)))",Portswood Residents' Gardens,,
CONSERVATION_AREAS,,,,"MULTIPOLYGON (((443216.1744 116201.0371,443205.324 116180.7928,443203.1555 116170.6757,443200.987 116163.4378,443199.2968 116156.6898,443197.6148 116148.742,443194.9599 116136.6855,443193.2779 116127.5281,443191.3486 116114.9917,443191.09 116112.14,443189.6583 116100.056,443187.9763 116088.4793,443186.5252 116077.3924,443182.6665 116061.487,443181.2236 116055.7087,443175.9221 116038.8335,443173.028 116017.6196,443210.8729 116015.6901,443252.3208 116013.2808,443294.989 116010.3916,443351.3852 116006.5327,443382.9555 116004.3633,443404.4092 116002.194,443418.3846 115999.3048,443424.6508 115998.3451,443435.9795 115995.6858,443475.7455 115987.4982,443497.6773 115982.4296,443522.7506 115976.8912,443549.2584 115971.5927,443566.8534 115968.2137,443588.5461 115963.8749,443616.5051 115958.3265,443647.1108 115952.5482,443639.4017 115981.7098,443632.649 116008.2222,443627.8339 116032.5653,443626.3827 116043.4122,443624.7007 116058.8378,443624.4534 116071.3742,443626.3827 116087.9994,443629.5159 116102.4653,443635.3039 116120.0602,443644.9424 116139.8246,443655.7929 116154.2804,443668.5645 116166.8169,443650.0048 116170.1859,443621.8067 116175.7343,443603.9727 116178.8634,443588.7852 116182.7223,443599.1493 116226.1099,443608.0704 116266.5983,443645.6679 116260.0902,443647.1108 116276.4855,443650.7304 116316.9739,443652.4124 116324.6817,443653.3771 116340.5971,443653.3771 116342.7665,443602.0433 116346.3755,443602.2824 116350.2343,443601.0786 116362.041,443599.3884 116372.6479,443594.0868 116384.2146,443589.2717 116392.8921,443580.3506 116402.0595,443571.4294 116409.5274,443566.6885 116413.5365,443551.5506 116423.6037,443537.8967 116393.0024,443536.2905 116389.0029,443539.6364 116386.6614,443536.2905 116381.5311,443517.1027 116356.7528,443532.1994 116321.9527,443529.8496 116294.8005,443527.6976 116274.1464,443521.0521 116274.8962,443498.609 116277.4055,443485.3207 116277.7012,443437.1833 116279.6146,443436.466 116279.3746,443433.572 116247.8037,443429.4742 116203.4564,443427.7839 116182.0025,443339.57 116189.9502,443261.7284 116196.9482,443216.1744 116201.0371)))",Ethelburt Avenue,,
CONSERVATION_AREAS,,,,"MULTIPOLYGON (((443807.14 115410.5001,443826.2377 115382.4681,443841.6783 115359.1081,443861.5887 115332.2951,443862.0101 115323.6585,443862.884 115318.2289,443864.2527 115308.9527,443864.3517 115302.5046,443863.8487 115298.1458,443861.9194 115290.6779,443861.1114 115290.1278,443860.7609 115285.443,443860.8063 115274.1227,443863.2468 115275.0524,443866.347 115269.7539,443882.8536 115253.0284,443886.9019 115251.6288,443893.6464 115237.6531,443892.7477 115235.7537,443893.6464 115233.9542,443894.8502 115222.9973,443895.1965 115218.8985,443895.9962 115213.8999,443897.3484 115213.1002,443903.4003 115212.2104,443924.1119 115208.5015,443927.4017 115208.1516,443929.702 115207.7017,443949.1521 115199.704,443957.4549 115196.9845,443959.1699 115201.1933,443960.0439 115202.133,443975.3797 115194.1753,443985.3727 115184.8179,444003.6932 115165.2735,444017.347 115150.7677,444028.7252 115139.061,444038.9326 115130.1736,444052.0587 115120.3464,444067.6584 115110.0493,444082.9942 115101.6218,444114.7872 115085.2364,444160.1185 115061.3733,444179.6643 115053.517,444201.027 115045.5385,444213.7037 115042.0189,444242.8133 115033.5717,444256.1943 115044.3706,444286.4777 115066.6732,444305.9623 115078.6465,444317.7001 115083.3423,444326.386 115083.8127,444334.3676 115084.5177,444337.1847 115089.6821,444338.3585 115094.6115,444339.5323 115101.6536,444342.8188 115105.1749,444353.6175 115111.7484,444389.7698 115135.6947,444416.7666 115154.476,444436.486 115169.0313,444461.1352 115185.465,444478.7418 115197.9076,444497.7569 115210.1155,444520.9977 115227.488,444553.1591 115252.3728,444568.1834 115264.1109,444577.096 115270.8536,444591.6588 115281.9528,444617.0124 115302.1423,444618.412 115297.2558,444619.8219 115286.8487,444630.0045 115292.4671,444636.1801 115297.6157,444640.6077 115299.955,444644.0954 115305.1035,444648.894 115312.5914,444656.3887 115318.6696,444664.3452 115324.288,444668.7481 115328.0369,444670.9248 115331.7759,444679.277 115340.2035,444692.9144 115353.3097,444700.4009 115359.8578,444716.2891 115372.0344,444728.4011 115381.502,444743.2505 115382.1018,444763.2118 115380.102,444786.8339 115377.6427,444809.1862 115377.6427,444828.8589 115377.6427,444853.0582 115373.9038,444871.9559 115366.8858,444884.1008 115362.1972,444901.1929 115356.1189,444908.3825 115353.7796,444916.9244 115350.9704,444922.8032 115347.2215,444934.9811 115340.6733,444946.7138 115334.1152,444952.9966 115332.7156,444966.9307 115328.5068,444975.9096 115326.1575,444977.2453 115326.1575,444994.3703 115318.2098,445001.1395 115314.4608,445004.7343 115313.5211,445007.0265 115309.7822,445031.7781 115299.955,445086.2945 115275.1421,445073.8692 115242.8513,445045.4732 115176.8602,445038.4649 115161.7645,445017.0689 115111.329,445003.7119 115081.3776,444996.8191 115065.932,444989.1017 115046.2776,444982.6376 115031.7618,444972.6858 115012.1074,444985.9356 114995.2622,445002.8215 114974.6681,445021.5153 114950.4033,445033.6739 114937.3876,445067.9391 114910.4977,445083.7821 114898.5877,445089.9229 114895.6411,445097.4145 114894.6595,445105.7528 114899.6499,445111.277 114905.3979,445116.0674 114912.8858,445147.4 114970.8016,445154.9511 114981.3965,445156.5506 114984.6955,445159.7497 114983.2959,445164.1526 114978.7472,445173.6014 114974.8484,445178.4 114989.5541,445199.697 114982.1962,445219.6418 114974.6681,445215.3791 114962.4916,445224.7455 114963.4313,445232.4547 114963.7812,445243.0908 114962.4916,445257.833 114963.4313,445263.1808 114977.6997,445272.6855 114998.6412,445281.7519 115013.3473,445291.2007 115024.0043,445310.8656 115036.8213,445327.3388 115043.8686,445343.2462 115055.0268,445357.2519 115065.8523,445379.332 115090.3073,445390.9311 115107.0609,445325.4507 115143.1599,445288.1995 115164.0042,445290.302 115167.0033,445258.3029 115186.1979,445257.2476 115187.5475,445253.0508 115194.9953,445248.1533 115202.3532,445234.5489 115212.8002,445222.1483 115220.748,445204.9881 115230.2424,445235.3157 115272.6928,445272.7813 115324.288,445287.2019 115343.9524,445278.6188 115349.5608,445268.2135 115356.5888,445255.9696 115367.3457,445216.484 115402.4556,445199.7053 115416.4916,445183.7758 115433.3468,445158.3233 115458.1497,445168.0278 115466.1074,445173.7004 115474.0651,445178.4743 115482.9526,445181.0714 115488.1011,445184.1386 115491.3802,445200.0598 115502.1471,445215.9975 115511.0346,445226.1884 115516.653,445234.1779 115519.932,445242.6126 115523.6709,445251.8883 115530.2291,445262.0792 115535.8475,445285.9404 115552.2228,445298.4317 115560.7703,445284.5305 115563.3396,445262.3018 115569.1879,445239.834 115575.746,445224.1272 115579.7249,445212.2378 115582.0642,445184.2458 115584.8734,445174.8464 115585.5732,445163.6744 115585.3433,445155.8086 115587.9126,445145.494 115589.782,445156.2538 115601.4887,445163.4188 115607.457,445180.148 115622.9025,445195.6735 115636.8186,445221.4805 115664.0908,445228.9505 115671.5786,445231.9929 115676.7271,445247.774 115695.4418,445261.3536 115711.8271,445266.2759 115718.4952,445219.7408 115740.8488,445147.0358 115784.3763,445103.5844 115816.1972,445065.0387 115848.498,445042.3318 115869.5519,445002.8215 115906.5314,444998.1465 115912.0298,444987.2053 115897.9938,444955.536 115867.1026,444940.3734 115851.6571,444884.5873 115858.905,444840.2289 115865.2232,444803.2663 115870.1418,444778.1765 115872.951,444735.9453 115878.9193,444719.348 115882.1883,444701.5552 115883.7179,444691.7601 115881.3786,444685.5103 115873.7707,444677.5785 115860.5445,444670.4383 115839.6005,444665.8046 115822.7553,444659.8187 115806.8399,444653.7256 115796.5428,444643.6254 115785.7759,444637.0376 115778.7579,444627.801 115772.0495,444639.6452 115754.4072,444644.7213 115742.5648,444650.8481 115730.4721,444652.2145 115717.1879,444652.2145 115690.6018,444649.3139 115664.257,444648.3471 115634.7705,444651.0059 115601.9006,444645.3239 115598.2096,444629.7902 115591.6615,444612.2035 115587.2128,444596.0102 115586.393,444583.0489 115586.0534,444564.3543 115583.0233,444536.1428 115578.5555,444476.4485 115567.2488,444449.347 115561.5901,444441.0149 115559.6011,444432.3787 115560.6504,444412.1865 115567.3587,444388.7541 115576.0959,444368.0507 115586.4033,444355.3533 115574.1468,444336.8102 115574.1968,444336.6535 115566.9489,444329.4968 115564.7495,444321.2023 115564.1497,444314.7299 115564.8592,444307.0785 115567.6684,444297.1349 115574.2265,444288.8392 115580.2821,444282.6214 115560.3377,444267.8897 115565.449,444234.6291 115576.2159,444240.8954 115595.7503,444218.3122 115609.3264,444195.193 115608.2767,444199.2331 115634.2493,444199.835 115637.9982,444165.0903 115637.4084,444141.4022 115636.9385,444094.8918 115637.8783,444090.7693 115643.9565,444090.2334 115649.105,444094.1415 115656.133,444096.3182 115659.4021,444097.5797 115664.0908,444096.1781 115667.8297,444088.8977 115675.3175,444015.294 115665.9602,443978.2984 115661.6118,443952.6073 115658.3524,443950.3724 115629.5056,443949.9661 115603.503,443950.7788 115574.4533,443951.7946 115554.5452,443952.2009 115539.7157,443951.7946 115532.6056,443937.5729 115528.7443,443902.222 115517.5676,443884.1401 115511.2682,443862.6045 115503.3433,443839.4435 115492.1678,443821.3617 115482.8212,443809.9844 115474.0848,443801.045 115462.5046,443794.3406 115450.3152,443789.8709 115439.7512,443792.9184 115429.3911,443807.14 115410.5001)))",Itchen Valley,,
CONSERVATION_AREAS,,,,"MULTIPOLYGON (((442099.5706 113001.6829,442093.9722 113001.4629,442069.1274 112999.5751,442038.4087 112996.6343,442030.8397 112994.0351,442024.6889 112993.8051,442024.6889 112992.3855,442017.1199 112992.1456,442017.1199 112991.4358,442012.8655 112991.4358,442012.7418 112993.8051,441997.4885 112992.6255,441986.1433 112991.6757,441972.5 112990.45,441968.9957 112990.2483,441965.7 112989.9,441962.05 112989.6,441954.92 112988.98,441948.1 112988.5,441946.8 112988.6,441943.8079 112988.4676,441933.25 112987.65,441931.4 112987.4,441921.05 112986.45,441916.7 112985.3,441895.9438 112980.1722,441896.2968 112971.7517,441896.7008 112963.754,441896.8492 112955.1465,441895.7839 112942.5984,441889.3462 112942.7,441880.4329 112943.2363,441880.4498 112944.4995,441872.4521 112944.5495,441872.4026 112942.6501,441861.2965 112942.75,441857.9573 112942.7197,441836.1986 112942.9597,441831.6473 112894.5738,441787.8476 112890.9429,441788.5504 112883.8969,441790.7518 112852.3459,441792.6976 112822.6044,441794.0993 112805.0791,441767.6162 112803.1897,441736.1612 112800.8304,441698.5967 112798.3514,441667.7025 112796.252,441669.2526 112775.8978,441670.5965 112761.9518,441671.9487 112743.1472,441676.5495 112743.0972,441690.3022 112743.647,441700.8971 112743.9469,441706.1492 112744.2968,441716.604 112744.9467,441745.6513 112746.9461,441753.5501 112747.4459,441757.9035 112747.7459,441762.6032 112748.1957,441766.9978 112748.5456,441771.9036 112748.7456,441773.0002 112729.0512,441773.5526 112717.1046,441772.2499 112717.0047,441773.1981 112699.0498,441775.7046 112683.6539,441776.2405 112670.0478,441776.9496 112654.7022,441777.1145 112652.2829,441777.7823 112637.1772,441781.3277 112638.1169,441782.7541 112638.5968,441791.7412 112643.7953,441800.4892 112649.0038,441810.1854 112653.4925,441822.7179 112658.2212,441827.9205 112659.6408,441834.7804 112661.5302,441849.1763 112663.7296,441838.2351 112683.0344,441844.0479 112685.0538,441868.3461 112693.9513,441891.8692 112702.7787,441884.5905 112722.91,441885.603 112728.2514,441897.5006 112732.4003,441924.1734 112738.3882,441937.4232 112741.2274,441942.5516 112742.7973,441957.0217 112746.2563,441965.7367 112748.4756,441970.2013 112749.1249,441993.201 112740.9478,442035.7273 112717.5403,442049.993 112742.4171,442080.4997 112793.9723,442103.2066 112834.4107,442115.7391 112867.7512,442132.6003 112914.1979,442128.6014 112915.9774,442126.1535 112917.7113,442123.0525 112920.3461,442120.8006 112922.677,442119.4494 112924.245,442118.2723 112926.1604,442116.3493 112928.9537,442115.5136 112930.6495,442114.4034 112932.9025,442113.0723 112936.9868,442112.6472 112938.291,442105.4905 112973.6309,442105.1409 112975.331,442103.9899 112980.9288,442102.5635 112988.2267,442099.5706 113001.6829)))",Carlton Crescent,,
CONSERVATION_AREAS,,,,"MULTIPOLYGON (((442043.6278 111661.2765,442031.8209 111661.2765,442019.5275 111673.563,442014.7124 111682.2405,442006.0303 111681.7607,441999.0468 111679.5913,441993.737 111675.7324,441989.4001 111670.4339,441985.7887 111664.1657,441978.9103 111655.5411,441972.5141 111650.9036,441931.3136 111648.9801,441898.5395 111645.601,441893.2379 111644.6413,441894.9199 111632.3448,441896.8492 111622.7076,441899.265 111610.4211,441903.1155 111597.1649,441906.0095 111590.4068,441911.072 111578.6002,441920.7104 111561.2452,441925.2947 111552.0878,441927.7023 111545.8196,441933.2429 111531.3637,441938.0663 111517.8676,441940.4739 111511.3595,441945.0581 111495.444,441948.1912 111480.9882,441950.5988 111464.3529,441950.5988 111450.3769,441937.3407 111449.8971,441924.0827 111449.4172,441918.7811 111450.6169,441916.1344 111452.7862,441906.0095 111439.77,441897.451 111428.208,441892.7514 111428.4535,441886.3038 111428.6035,441877.9742 111428.6452,441877.8114 111423.8645,441877.8114 111413.2575,441877.3332 111403.6203,441876.1212 111384.5758,441875.8821 111359.273,441902.6496 111358.5829,441902.7961 111347.4546,441916.86 111347.4564,441933.4903 111346.9765,441955.6613 111346.2567,441955.6613 111320.2242,441955.1748 111307.9277,441953.971 111290.8226,441952.5281 111280.4556,441949.8732 111262.3807,441982.8947 111258.042,441982.8947 111247.6749,441986.5143 111247.6749,442022.4215 111242.1365,442022.6606 111285.754,442074.4808 111283.8246,442073.038 111310.8269,442065.3206 111310.5869,442065.2999 111322.1976,442056.8859 111322.1536,442056.6 111329.35,442058.85 111329.55,442058.65 111336.9,442073.55 111337.85,442074.9673 111338.0591,442074.8 111329.4,442080.508 111329.6215,442080.4008 111327.1025,442096.8992 111326.8026,442096.7013 111324.2033,442136.426 111317.5749,442142.6922 111369.3901,442100.2714 111373.0091,442104.6083 111449.8971,442105.0948 111481.2281,442062.6739 111480.5083,442062.6739 111496.4137,442049.4159 111496.4137,442049.4159 111499.5428,442045.0789 111499.3029,442044.9965 111517.1481,442039.5383 111517.1378,442039.3981 111529.3546,442039.2355 111535.2997,442027.9622 111535.2126,442027.9622 111560.7653,442051.5843 111561.725,442051.1968 111576.5511,442050.6526 111589.1975,442041.5544 111589.217,442041.4594 111592.5762,442042.424 111629.4557,442043.6278 111661.2765)))",Old Town North,,
CONSERVATION_AREAS,,,,"MULTIPOLYGON (((442707.2382 111250.906,442692.8027 111201.5481,442687.3527 111184.9532,442680.6 111166.5485,442674.4987 111152.9024,442664.7035 111135.597,442660.548 111129.3988,442656.6976 111124.0503,442619.702 111074.6045,442615.7526 111069.446,442611.7538 111064.2474,442607.6972 111059.1489,442604.0529 111054.6002,442603.451 111053.8504,442601.4474 111051.5011,442598.4462 111047.9021,442597.8526 111047.2523,442597.2507 111046.5525,442595.8985 111045.003,442594.5463 111043.5034,442591.0504 111039.8044,442588.2966 111036.9453,442585.5015 111034.0961,442578.9467 111027.7479,442567.2661 111016.9403,442567.5932 111010.2029,442522.8143 111010.2829,442504.6009 111010.2329,442484.0048 111009.5231,442474.0283 111009.2532,442453.7537 111009.4131,442434.9137 111009.2632,442402.4776 111006.2141,442375.1205 111003.7248,442334.1673 111000.0358,442308.6241 110996.7268,442276.6992 110991.0484,442241.3609 110982.3909,442240.1816 110981.9746,442223.0074 110975.9127,442210.4749 110970.4743,442184.4617 110957.6979,442162.703 110946.3512,442129.5908 110927.4266,442131.5202 110912.8308,442160.9221 110920.0587,442187.4382 110928.2564,442279.989 110921.0284,442289.6275 110919.099,442298.7877 110917.1695,442404.2527 110964.001,442432.7801 110972.4404,442439.1792 110973.5831,442443.7499 110973.3546,442450.1489 110972.4404,442462.683 110971.1541,442485.5725 110968.5553,442499.8023 110964.406,442513.2995 110965.8556,442538.1641 110973.5785,442557.4256 110974.4429,442627.8811 110973.6037,442649.1121 110969.8348,442716.1174 110967.8482,442746.5908 110969.0013,442762.0365 110975.4928,442771.675 110979.3517,442787.1015 110989.9587,442777.9879 111017.11,442767.2991 111014.0561,442756.4407 111011.8504,442745.0732 111011.0021,442746.6002 111049.5157,442747.1091 111066.1426,442741.171 111085.6539,442740.3226 111111.2731,442746.61 111128.789,442751.5204 111138.5889,442756.2484 111203.9874,442759.8339 111230.2071,442747.1092 111235.1273,442722.6776 111244.6284,442707.2382 111250.906)))",Canute Road,,
CONSERVATION_AREAS,,,,"MULTIPOLYGON (((442111.2785 110915.51,442129.5908 110927.4266,442130.069 111006.8939,442131.7181 111072.1752,442134.0844 111115.2129,442111.5506 111117.1923,442099.5593 111118.3116,442084.0781 111119.6716,442053.5796 111121.871,442031.0459 111123.2406,442015.1082 111124.0703,441999.995 111124.8901,441988.7322 111126.8095,441972.5142 111132.038,441964.2774 111137.5265,441959.3303 111141.9252,441951.3573 111149.623,441948.3396 111154.0217,441944.4892 111160.3399,441937.349 111157.5907,441931.025 111154.0217,441926.3583 111150.7227,441923.8848 111146.5939,441922.78 111142.755,441921.9555 111136.7067,441920.3064 111126.5396,441915.6397 111107.855,441910.6927 111089.7202,441903.8246 111065.817,441898.6054 111048.7819,441893.106 111032.2866,441888.7114 111018.8304,441883.2119 111005.9141,441895.0271 110997.1167,441923.6045 110979.5317,441934.051 110972.6637,441942.8402 110966.8953,441945.8661 110963.3263,441947.7872 110958.9276,441949.4362 110952.6094,441953.8309 110946.5611,441959.8745 110941.6125,441972.7945 110934.1947,441980.7592 110930.3458,441995.0479 110925.6771,442032.6949 110915.51,442051.3782 110911.1113,442071.9826 110907.8222,442084.3502 110907.2724,442093.6918 110908.642,442111.2785 110915.51)))",Old Town South,,
CONSERVATION_AREAS,,,,"MULTIPOLYGON (((441963.7002 114470.0525,441960.7979 114458.4959,441958.3986 114448.4487,441955.9993 114438.2017,441953.6989 114428.3045,441950.8461 114416.048,441949.898 114416.148,441949.2961 114413.4987,441947.004 114403.2517,441948.4468 114402.3519,441949.2961 114398.3531,441948.2984 114396.9535,441948.0511 114396.6036,441947.2018 114395.3539,441946.3526 114393.8544,441945.8991 114392.7047,441945.5528 114391.445,441945.3714 114390.2954,441945.1571 114389.0457,441945.0499 114387.996,441944.9674 114386.5464,441944.9015 114385.1469,441944.5469 114379.7984,441944.3985 114377.8489,441944.2501 114371.4008,441944.1017 114368.9015,441943.6482 114365.5025,441942.799 114361.5036,441942.1476 114357.4648,441941.051 114352.3962,441940.4986 114349.647,441940.1028 114347.5476,441939.402 114343.3988,441938.7012 114339.4499,441938.5033 114337.7504,441937.7035 114331.6522,441937.4479 114328.553,441937.283 114323.2846,441936.846 114318.6459,441936.4997 114313.1974,441936.3513 114309.3985,441936.3019 114305.5996,441936.4008 114302.1506,441936.6976 114295.5025,441937.2006 114285.8453,441938.5033 114285.7453,441938.6022 114275.8981,441939.0475 114270.3997,441939.5504 114262.9018,441939.7978 114257.3034,441939.8472 114253.6545,441939.8472 114250.6953,441939.9462 114247.9961,441940.0534 114246.3966,441940.5481 114242.8476,441940.6965 114241.348,441941.6034 114241.298,441941.7518 114240.0984,441941.051 114239.8484,441940.9521 114239.0987,441940.6965 114237.1492,441940.5975 114235.7996,441940.5975 114233.6002,441940.647 114229.8013,441940.647 114223.1032,441940.4491 114218.0047,441940.2018 114208.9973,441940.2512 114204.3986,441940.5975 114198.6502,441940.9026 114192.8519,441941.15 114189.8528,441941.3478 114188.5531,441941.9497 114184.4543,441942.7 114179.8456,441943.6235 114174.4872,441944.4975 114167.3992,441945.0911 114163.1404,441946.7484 114158.6517,441948.9498 114151.3038,441950.3514 114146.945,441951.2502 114144.4457,441952.0005 114141.7965,441952.8002 114139.4972,441955.1501 114130.2498,441956.3538 114130.7997,441958.1513 114124.4515,441959.454 114119.7028,441960.0971 114117.6034,441961.9522 114110.9953,441963.1478 114106.9965,441963.8486 114104.3972,441965.2008 114099.9485,441967.6001 114091.4009,441968.0783 114086.9722,441968.7462 114081.0039,441969.4965 114073.646,441969.9994 114068.5975,441968.9523 114067.8977,441969.1007 114065.7983,441969.3975 114063.099,441969.9994 114055.2513,441970.2468 114053.0519,441969.95 114051.9522,441969.7026 114041.7451,441969.4965 114038.2461,441969.5542 114031.1382,441969.0512 114026.6495,441968.4494 114022.4007,441967.6991 114017.5521,441967.0477 114012.8034,441965.8522 114004.7957,441976.2492 114012.0536,442000.0032 114028.4989,442014.1023 114038.746,442015.8502 114039.9457,442017.9032 114041.3952,442024.4993 114046.1039,442032.901 114052.1522,442034.954 114053.6517,442045.9035 114061.2995,442047.9977 114062.6991,442050.1002 114064.2487,442052.2027 114065.7483,442054.2969 114067.2978,442055.3523 114068.0476,442056.3994 114068.7974,442070.0532 114078.4546,442075.0992 114082.1036,442088.1017 114091.201,442100.4528 114099.8485,442111.5012 114107.4463,442122.7474 114115.3541,442129.8134 114120.2827,442135.0491 114123.8516,442144.4484 114130.2998,442153.551 114136.548,442160.6005 114141.4466,442168.3509 114146.8451,442180.1495 114154.8528,442192.2533 114163.2504,442202.1474 114170.2983,442205.0002 114172.2978,442209.6998 114175.4969,442209.3535 114176.0467,442211.2499 114177.3463,442211.9013 114177.7462,442217.3018 114181.4951,442221.6964 114184.5043,442234.7483 114193.3018,442237.8485 114195.4012,442238.4998 114195.851,442243.2985 114199.0001,442244.1477 114199.6,442247.5034 114201.8993,442258.0983 114209.0972,442261.9983 114211.6965,442268.9488 114216.5451,442281.4484 114225.0027,442293.5521 114232.9504,442294.1128 114233.3103,442304.1965 114240.4483,442316.1518 114248.5959,442326.2026 114255.454,442332.0483 114259.2029,442336.0966 114262.202,442358.6469 114277.5476,442363.6681 114281.2966,442362.7776 114282.6162,442361.4584 114284.6856,442359.5373 114286.895,442357.3277 114288.6645,442353.9389 114291.0138,442351.4407 114292.0435,442348.9342 114293.0832,442346.7245 114293.813,442343.6244 114294.5528,442340.0955 114294.9927,442335.6761 114294.9927,442332.576 114294.9927,442328.305 114294.5528,442324.1825 114294.1129,442321.9728 114293.673,442319.0211 114293.0832,442315.1954 114291.9035,442298.4497 114300.0512,442296.7017 114300.751,442293.5521 114302.6505,442283.5014 114308.5488,442267.7533 114318.126,442259.7474 114322.1549,442252.9534 114325.5039,442241.229 114331.2323,442239.6459 114331.3023,442230.799 114337.2006,442221.0038 114343.0489,442208.7517 114349.9969,442198.9978 114355.5953,442189.3016 114361.3037,442179.0529 114367.302,442168.9527 114372.1006,442156.7995 114378.4488,442145.8996 114384.697,442146.048 114384.9469,442143.5992 114386.3465,442141.1999 114387.6961,442138.8006 114389.0457,442138.5037 114388.4959,442129.2033 114393.1046,442126.9524 114394.2542,442127.0678 114394.7441,442118.9465 114398.2731,442114.0489 114400.4225,442109.1266 114403.1417,442100.7578 114407.7804,442097.2207 114410.2697,442089.0993 114415.968,442078.4962 114423.4259,442073.7635 114426.8849,442066.9613 114431.7935,442064.9908 114432.9832,442062.6409 114434.3728,442055.4512 114438.5016,442053.1426 114439.7912,442043.7185 114444.7498,442041.2038 114446.0794,442031.219 114449.3685,442023.4439 114451.8378,442020.9292 114452.6375,442013.4262 114454.557,442011.5133 114455.0268,442007.803 114456.3165,441997.4802 114460.1854,441994.512 114461.0751,441992.7063 114461.645,441986.7781 114463.4744,441963.7002 114470.0525)))",Oakmount Triangle,,
CONSERVATION_AREAS,,,,"MULTIPOLYGON (((444374.3005 110684.0663,444352.7067 110691.5541,444334.7242 110697.7624,444310.9619 110706.09,444311.4484 110707.4996,444313.0974 110711.5984,444315.7523 110719.0463,444318.8607 110727.1139,444318.5474 110727.3539,444312.85 110729.5532,444309.2964 110731.0028,444301.0019 110732.3525,444297.6461 110733.4021,444291.149 110735.7515,444280.9334 110739.1905,444279.2432 110734.082,444276.11 110725.2245,444274.5022 110720.5558,444269.5387 110722.2553,444265.8367 110723.535,444261.3431 110725.0845,444258.0616 110726.2042,444253.5515 110727.7538,444248.5963 110729.4533,444241.9507 110731.8026,444235.9566 110733.912,444236.0225 110734.062,444238.5538 110741.9997,444241.4478 110749.8974,444246.601 110765.1531,444233.549 110769.4518,444232.0402 110769.9717,444226.5984 110772.0011,444212.1036 110777.2996,444209.6961 110778.1493,444206.2991 110779.349,444208.6984 110784.6475,444210.0506 110788.7463,444201.2531 110791.8954,444192.2495 110794.7046,444189.7018 110789.0462,444187.7477 110784.6475,444170.1033 110792.3953,444154.4377 110799.3833,444137.2055 110759.1248,444142.8698 110757.0754,444139.0112 110743.4593,444138.401 110741.7997,444137.2962 110738.2008,444135.7626 110732.9723,444133.1489 110724.3048,444145.6402 110719.956,444148.8475 110718.9463,444152.0301 110720.076,444158.5519 110719.0962,444157.8511 110710.0988,444166.0962 110709.649,444169.8972 110719.0962,444176.3036 110719.3462,444184.0539 110719.6461,444190.3532 110719.796,444195.1683 110720.1959,444203.1248 110683.7964,444208.6984 110684.946,444237.6468 110689.6047,444233.3676 110721.6455,444232.6503 110726.774,444249.1982 110720.8957,444261.3019 110716.547,444258.8036 110709.399,444256.9485 110704.3005,444245.6198 110672.2697,444241.5467 110660.703,444242.297 110655.6544,444242.8989 110651.0457,444243.2535 110648.7964,444250.9461 110645.9472,444252.9002 110645.2474,444255.8519 110644.0977,444259.9992 110642.6481,444265.4492 110640.6987,444268.4504 110639.649,444279.103 110635.8501,444288.9971 110632.2511,444292.6002 110631.0015,444293.0536 110630.8515,444293.4494 110630.7015,444295.4529 110630.0517,444307.2516 110626.3528,444314.4496 110624.0535,444315.9007 110623.5536,444317.9537 110622.8038,444321.1033 110621.8041,444322.8018 110621.2043,444328.4497 110618.705,444334.6994 110615.9458,444338.5994 110614.2463,444338.6488 110613.7464,444342.3014 110613.7964,444348.848 110632.651,444355.8975 110630.3516,444361.0012 110644.7475,444363.1037 110650.9457,444372.2969 110677.5981,444374.3005 110684.0663)),((444164.2163 110834.3033,444162.3529 110835.0031,444158.9477 110835.9528,444157.7027 110836.4027,444150.0018 110839.1519,444143.1584 110841.5112,444133.5035 110844.8502,444130.7001 110845.85,444129.8014 110838.9519,444128.9027 110831.704,444128.004 110824.746,444127.7979 110824.2961,444126.7013 110821.247,444125.4068 110817.838,444129.249 110816.4984,444143.6531 110811.3998,444151.354 110808.5506,444154.248 110807.5009,444156.0867 110806.7911,444157.8346 110812.4195,444160.7122 110820.4272,444162.3364 110826.9254,444164.2163 110834.3033)))",Old Woolston 2,,
CONSERVATION_AREAS,,,,"MULTIPOLYGON (((442629.9442 114612.2731,442630.2227 114678.3329,442629.258 114698.0973,442628.2933 114706.055,442626.658 114710.3533,442620.947 114710.0541,442603.3026 114710.2041,442584.0009 114711.1038,442568.4012 114711.8037,442567.6509 114710.8539,442563.4542 114731.3577,442558.3917 114755.7008,442562.976 114764.3783,442565.87 114769.4368,442568.2776 114779.0841,442567.0738 114788.7213,442554.5825 114801.0978,442546.5848 114807.5259,442535.7425 114821.262,442532.123 114825.8407,442530.441 114828.7299,442525.8567 114834.5182,442521.2807 114840.0566,442518.1476 114844.3954,442513.8107 114848.0144,442507.7835 114852.593,442502.9602 114856.4519,442496.7434 114862.6901,442486.3299 114848.0144,442468.974 114823.4314,442452.8302 114799.8081,442438.1293 114778.8442,442422.7027 114756.9104,442401.2491 114726.5391,442354.4914 114748.9527,442317.3803 114767.2675,442309.4239 114752.5717,442292.3154 114722.6802,442277.128 114696.6477,442273.5084 114689.1798,442267.4895 114679.3026,442254.2314 114656.3992,442246.0358 114642.9031,442237.6011 114628.1973,442228.2018 114612.2918,442217.8377 114594.9368,442208.4383 114578.7914,442203.615 114570.8337,442199.5172 114563.8457,442198.3134 114561.4364,442180.2402 114532.0348,442173.2484 114521.1879,442196.6232 114508.1716,442198.7009 114500.3542,442206.509 114502.8731,442223.1393 114492.986,442262.9052 114471.5321,442299.9503 114450.8983,442318.3533 114440.0514,442329.0471 114434.1031,442346.0979 114424.146,442350.88 114421.1665,442357.6492 114433.4033,442362.7821 114431.6913,442369.349 114440.9512,442393.0535 114423.5758,442387.5128 114408.8701,442411.1349 114393.9243,442438.2282 114439.0214,442455.3862 114467.7632,442476.8316 114505.5124,442511.1475 114568.9842,442532.2714 114606.8234,442557.9135 114650.8608,442569.4813 114641.4535,442603.2284 114606.9933,442625.6722 114595.0223,442625.7115 114595.181,442629.9442 114612.2731)))",Uplands Estate,,
CONSERVATION_AREAS,,,,"MULTIPOLYGON (((442909.689 116349.4446,442890.0493 116326.8111,442884.6158 116321.1327,442880.8478 116324.2021,442881.326 116324.8319,442874.5486 116331.7,442866.2541 116340.0976,442864.9505 116341.6592,442861.7028 116337.7482,442853.3011 116327.0513,442852.6992 116326.0516,442843.3823 116314.3349,442843.003 116313.8551,442837.553 116309.5963,442836.7532 116309.6963,442833.348 116310.646,442829.547 116312.3955,442828.7473 116312.1955,442828.302 116311.6457,442822.4151 116297.9593,442826.8014 116290.6017,442826.8014 116287.0028,442815.5964 116275.646,442813.6671 116271.4272,442813.421 116255.8972,442823.8332 116258.9405,442825.7213 116259.1804,442827.1395 116259.1804,442828.5576 116258.4706,442833.0017 116252.4027,442837.1985 116247.854,442844.0501 116238.8362,442844.8829 116239.8359,442848.1891 116233.8677,442850.4565 116219.5817,442854.0761 116202.8265,442854.668 116199.7041,442856.7228 116198.8477,442857.6545 116201.4769,442860.2846 116211.804,442861.307 116215.053,442862.618 116217.5523,442864.9843 116220.3915,442864.9843 116222.051,442868.5297 116225.83,442872.3142 116231.7383,442873.4767 116233.7377,442874.4414 116229.6189,442876.6676 116226.0299,442879.2648 116223.1307,442882.4886 116220.6314,442887.6912 116218.0222,442898.3273 116213.2935,442902.3509 116224.4104,442906.65 116236.49,442911.9 116235.85,442911.85 116235.37,442919.55 116234.5,442919.6 116235.05,442928.1 116234.15,442929.5514 116235.3975,442929.2463 116241.0459,442928.9 116244.5049,442927.6468 116253.7023,442927.1132 116258.4796,442936.3041 116258.201,442960.1809 116257.4315,442959.9509 116261.5197,442961.0063 116271.7068,442961.9957 116279.7145,442963.6117 116284.953,442965.2525 116289.9616,442971.4116 116298.909,442957.9309 116305.2872,442949.1829 116310.9656,442939.4867 116318.7734,442927.8941 116330.1201,442909.689 116349.4446)))",Bassett Green Village,,
CONSERVATION_AREAS,,,,"MULTIPOLYGON (((442126.1535 112917.7113,442128.6014 112915.9774,442132.6003 112914.1979,442178.8468 112911.599,442207.7308 112915.5656,442202.2392 112937.3518,442211.5467 112948.9483,442243.5144 112972.9588,442220.131 113027.1576,442214.449 113024.9965,442197.5796 113018.1481,442188.3534 113041.5518,442184.404 113051.299,442172.6465 113079.9008,442169.299 113087.9985,442166.504 113095.0964,442163.4441 113102.6081,442185.3522 113111.8216,442181.1588 113121.9169,442171.77 113146.5367,442158.8383 113179.8354,442149.2723 113202.861,442138.9978 113229.252,442131.7348 113232.4396,442131.1986 113234.1466,442130.1515 113237.6456,442130.6462 113237.9955,442128.6014 113244.7036,442120.3481 113272.2957,442119.8534 113273.7553,442117.7402 113280.794,442123.7632 113282.3888,442122.2527 113287.6013,442121.5024 113290.3005,442118.8475 113298.7481,442123.9512 113300.3977,442115.6979 113327.1,442114.0489 113332.4985,442110.3963 113344.1551,442108.5494 113350.1034,442104.8969 113361.9001,442095.5964 113391.6515,442091.8037 113403.1482,442087.4008 113416.2545,442067.052 113412.0457,442063.721 113431.07,442062.3029 113438.1679,442072.7449 113439.6731,442064.191 113481.6855,442063.721 113483.1051,442050.4795 113478.8463,442041.0141 113507.2281,442029.6607 113545.5372,442022.5699 113568.2407,442020.5829 113570.6703,442005.8242 113565.7517,442000.1763 113584.6863,441991.9478 113582.9468,441987.9737 113596.7928,441993.2505 113598.6823,441989.6969 113609.1993,441987.3965 113608.4495,441977.4035 113654.5463,441998.4037 113660.0047,441993.9513 113674.0507,441992.9537 113676.8999,441991.0535 113682.5227,441935.0651 113664.7331,441927.0262 113720.5471,441925.608 113733.3234,441924.4731 113741.2304,441866.4827 113725.2757,441823.4352 113712.0295,441796.0039 113704.9416,441800.7366 113687.9064,441814.4481 113646.2883,441823.0477 113650.3475,441829.1985 113634.702,441836.5531 113617.6968,441844.0973 113601.5015,441852.1033 113584.6963,441852.4991 113584.8462,441861.2471 113567.1013,441871.8997 113542.7983,441881.7031 113525.5532,441871.8502 113521.4044,441876.0964 113511.8471,441885.7514 113515.5461,441897.0966 113519.8548,441901.483 113509.5875,441903.7504 113509.9977,441909.1921 113496.3016,441896.2968 113491.263,441887.656 113487.734,441889.3215 113484.465,441889.0164 113484.285,441898.3993 113465.4104,441907.6585 113471.0688,441911.847 113462.6512,441915.7139 113454.3036,441921.1639 113442.0671,441928.2712 113428.8109,441929.8625 113419.7435,441932.6575 113402.8183,441938.1772 113380.1001,441940.7011 113369.2281,441946.6989 113347.6541,441951.2502 113332.4485,441955.9055 113317.8848,441950.5493 113316.1032,441952.6023 113310.1049,441954.4987 113303.9466,441957.1536 113295.3491,441957.5494 113293.8995,441961.0537 113281.5292,441966.3927 113264.4955,441964.5 113263.8481,441956.4528 113261.3988,441951.2502 113259.8993,441948.9993 113259.2494,441955.8756 113234.7761,441959.6024 113221.4003,441966.2479 113197.947,441971.7474 113177.9527,441974.6002 113166.1461,441980.7015 113138.604,441981.897 113133.6954,441988.254 113106.1533,441988.9565 113102.4122,441990.4719 113103.0841,441992.706 113084.1172,442001.7594 113034.2335,442004.1257 113019.5677,442030.1389 113022.4069,442032.6619 112998.0039,442038.4087 112996.6343,442069.1274 112999.5751,442093.9722 113001.4629,442099.5706 113001.6829,442102.5635 112988.2267,442103.9899 112980.9288,442105.1409 112975.331,442105.4905 112973.6309,442112.6472 112938.291,442113.0723 112936.9868,442114.4034 112932.9025,442115.5136 112930.6495,442116.3493 112928.9537,442118.2723 112926.1604,442119.4494 112924.245,442120.8006 112922.677,442123.0525 112920.3461,442126.1535 112917.7113)))",The Avenue,,
CONSERVATION_AREAS,,,,"MULTIPOLYGON (((442441.1964 113065.9548,442440.7512 113065.6549,442440.3967 113065.3549,442437.75 113065.005,442414.6473 113061.8959,442414.1526 113062.6957,442401.1502 113054.598,442398.6519 113059.6966,442392.8474 113056.8474,442383.2007 113052.1987,442366.4962 113044.201,442338.4959 113032.2044,442303.7513 113017.9985,442275.5037 113006.4518,442235.9933 112990.2165,442243.5144 112972.9588,442211.5467 112948.9483,442202.2392 112937.3518,442207.7308 112915.5656,442208.0591 112912.7986,442210.5651 112911.8462,442212.3366 112898.2075,442214.5479 112892.5044,442219.5032 112882.567,442218.4396 112881.0374,442221.4985 112875.7492,442223.55 112871.2,442231.4503 112852.3959,442232.4974 112851.0463,442241.097 112851.3462,442243.1006 112851.4462,442253.9511 112851.996,442257.6531 112852.196,442261.8993 112852.4459,442265.8487 112852.6958,442269.7981 112852.8958,442273.9536 112853.1457,442278.0514 112853.3456,442281.9431 112853.4753,442309.4981 112855.0148,442340.3593 112856.9043,442342.4865 112857.1442,442344.0284 112858.094,442346.271 112861.6329,442366.7353 112862.9426,442396.8875 112863.0525,442429.4856 112860.1449,442431.0632 112870.9803,442447.4462 112868.4513,442451.8985 112899.6024,442453.8856 112915.2076,442455.5428 112927.1542,442456.8455 112935.3119,442476.5925 112941.3501,442472.1979 112957.1459,442469.6996 112965.8534,442461.8008 112992.6458,442459.5333 112999.8436,442442.293 112995.0448,442433.2482 113003.0028,442438.8961 113011.7003,442449.4992 113028.6455,442479.8493 113075.652,442473.6984 113084.6994,442473.7974 113085.1493,442469.6996 113088.3484,442441.1964 113065.9548)))",Cranbury Place,,
CONSERVATION_AREAS,,,,"MULTIPOLYGON (((442297.9797 111263.0305,442282.4146 111200.4629,442274.5637 111165.3585,442258.1412 111102.4432,442134.0844 111115.2129,442131.7181 111072.1752,442130.069 111006.8939,442129.5908 110927.4266,442162.703 110946.3512,442184.4617 110957.6979,442210.4749 110970.4743,442223.0074 110975.9127,442240.1816 110981.9746,442241.3609 110982.3909,442276.6992 110991.0484,442308.6241 110996.7268,442334.1673 111000.0358,442375.1205 111003.7248,442402.4776 111006.2141,442434.9137 111009.2632,442453.7537 111009.4131,442474.0283 111009.2532,442484.0048 111009.5231,442504.6009 111010.2329,442522.8143 111010.2829,442567.5932 111010.2029,442567.2661 111016.9403,442567.5932 111053.4905,442570.4295 111120.4214,442540.1536 111130.8284,442515.7977 111138.6262,442540.3928 111207.6864,442543.5011 111216.5838,442511.2052 111222.852,442454.5699 111235.6284,442310.5122 111261.1411,442297.9797 111263.0305)))",Oxford Street,,
CONSERVATION_AREAS,,,,"MULTIPOLYGON (((444551.1983 110714.5975,444531.8471 110721.4556,444534.1145 110728.8335,444537.4208 110741.1299,444544.9897 110768.3322,444500.8786 110782.1982,444487.9504 110754.3961,444474.4532 110725.4044,444462.9019 110700.2017,444455.0526 110683.2465,444448.9018 110685.4959,444444.7463 110687.4953,444435.9488 110690.8043,444435.6025 110689.6547,444433.5 110683.3465,444433.096 110682.3468,444430.6967 110675.2988,444428.05 110667.3011,444426.6978 110662.6024,444442.8581 110656.8141,444441.407 110653.8549,444451.095 110650.3059,444494.8515 110633.9906,444497.6878 110642.5082,444514.2521 110636.2,444522.2911 110653.1451,444533.6363 110676.7983,444537.7506 110685.3959,444542.6234 110695.483,444545.4514 110694.6033,444551.1983 110714.5975)))",St Annes Road,,
CONSERVATION_AREAS,,,,"MULTIPOLYGON (((444218.5513 111075.1743,444194.1294 111084.9015,444174.5061 111089.8601,444139.3904 111097.0681,444126.5034 111099.6773,444123.0982 111088.0006,444117.5493 111070.8955,444115.554 111065.647,444114.0534 111062.7479,444111.7035 111058.6491,444109.7494 111055.4999,444107.8036 111052.5508,444106.303 111050.2015,444105.6516 111049.4517,444099.1463 111041.8039,444096.9036 111038.1049,444095.3536 111038.5548,444071.0471 111046.1026,444071.6985 111048.502,444074.3039 111057.4994,444075.3016 111057.1995,444075.9529 111059.3988,444070.6514 111060.9484,444067.5017 111061.9481,444052.1989 111066.4468,444052.2979 111066.8467,444055.7525 111078.4534,444058.6465 111088.0006,444059.199 111089.9001,444062.497 111101.2469,444062.7526 111102.2466,444063.1978 111103.2463,444063.1978 111104.396,444063.1484 111104.7958,444062.6536 111105.5456,444062.2496 111105.7456,444061.6477 111105.8955,444057.5005 111106.6953,444056.2967 111106.8452,444056.0494 111106.8952,444055.0517 111106.8952,444054.3014 111106.8452,444053.4027 111106.6453,444052.6029 111106.3454,444051.2507 111105.2957,444050.451 111104.4959,444049.6512 111103.6462,444048.9504 111102.8464,444047.9032 111100.5471,444046.5016 111095.6984,444045.9492 111093.849,444039.0975 111070.6956,444034.6369 111055.5799,444032.8478 111049.6016,444030.8524 111042.7536,444067.7986 111031.7468,444073.1826 111030.1272,444075.8787 111029.3074,444078.377 111028.5577,444088.8482 111025.3986,444093.754 111023.909,444096.4501 111028.3477,444098.9979 111032.5965,444102.8483 111038.5048,444105.8001 111042.7036,444108.4962 111046.5025,444111.2006 111050.3014,444117.4503 111047.7522,444119.0993 111047.1024,444128.3915 111043.2734,444142.1113 111037.4751,444153.811 111032.7465,444170.3671 111026.0084,444176.5344 111041.1541,444180.6322 111039.5845,444199.9174 111031.027,444207.7008 111051.0012,444209.6466 111055.5999,444218.5513 111075.1743)))",Old Woolston 3,,
CONSERVATION_AREAS,,,,"MULTIPOLYGON (((444303.8547 111036.9952,444285.361 110997.5365,444281.9805 110989.5788,444282.467 110989.5788,444277.4045 110979.4517,444287.5294 110974.873,444319.8253 110958.9676,444345.3108 110946.6211,444351.1566 110959.2075,444366.5254 110951.5597,444364.4146 110947.4009,444393.6 110935.25,444386.6516 110919.149,444392.7941 110917.0996,444394.7812 110917.0296,444400.8083 110932.2152,444408.097 110929.506,444418.5532 110956.1687,444427.8686 110978.7919,444386.833 110996.5668,444359.8386 111009.1032,444303.8547 111036.9952)))",Old Woolston 4,,
CONSERVATION_AREAS,,,,"MULTIPOLYGON (((441893.2379 111644.6413,441842.0031 111642.382,441844.3694 111595.5554,441840.5849 111536.9021,441835.3823 111482.5077,441824.9211 111420.1689,441817.8853 111390.7486,441814.0476 111363.2474,441812.1287 111334.787,441807.3315 111312.7218,441801.8947 111289.6973,441795.1787 111263.4748,441785.2645 111235.9729,441775.99 111216.1457,441768.0202 111193.8407,441763.8372 111180.0096,441762.5372 111176.0055,441762.5372 111163.709,441764.9035 111149.523,441770.1062 111132.018,441779.0933 111110.2643,441790.4467 111091.8196,441814.0936 111063.9075,441842.4731 111038.3649,441875.1153 111011.8824,441880.7879 111008.5734,441883.2119 111005.9141,441888.7114 111018.8304,441893.106 111032.2866,441898.6054 111048.7819,441903.8246 111065.817,441910.6927 111089.7202,441915.6397 111107.855,441920.3064 111126.5396,441921.9555 111136.7067,441922.78 111142.755,441923.8848 111146.5939,441926.3583 111150.7227,441931.025 111154.0217,441937.349 111157.5907,441944.4892 111160.3399,441937.0769 111186.4125,441949.8732 111262.3807,441952.5281 111280.4556,441953.971 111290.8226,441955.1748 111307.9277,441955.6613 111320.2242,441955.6613 111346.2567,441933.4903 111346.9765,441916.86 111347.4564,441902.7961 111347.4546,441902.6496 111358.5829,441875.8821 111359.273,441876.1212 111384.5758,441877.3332 111403.6203,441877.8114 111413.2575,441877.8114 111423.8645,441877.9742 111428.6452,441886.3038 111428.6035,441892.7514 111428.4535,441897.451 111428.208,441906.0095 111439.77,441916.1344 111452.7862,441918.7811 111450.6169,441924.0827 111449.4172,441937.3407 111449.8971,441950.5988 111450.3769,441950.5988 111464.3529,441948.1912 111480.9882,441945.0581 111495.444,441940.4739 111511.3595,441938.0663 111517.8676,441933.2429 111531.3637,441927.7023 111545.8196,441925.2947 111552.0878,441920.7104 111561.2452,441911.072 111578.6002,441906.0095 111590.4068,441903.1155 111597.1649,441899.265 111610.4211,441896.8492 111622.7076,441894.9199 111632.3448,441893.2379 111644.6413)))",Old Town West,,
CONSERVATION_AREAS,,,,"MULTIPOLYGON (((443975.5693 110782.868,443977.8532 110789.4861,443981.9098 110798.4135,443985.9498 110809.6003,443988.2172 110815.7986,443994.2444 110813.8791,443995.8522 110818.5478,444006.95 110850.5986,444009.4977 110857.9965,444020.2493 110854.2975,444023.1516 110853.2978,444027.2988 110866.1042,444027.9502 110867.4038,444031.7512 110876.6511,444033.3507 110880.2701,444028.7005 110881.7997,444023.9513 110883.4492,444020.6533 110885.2987,444019.1527 110885.7985,444017.0502 110886.4483,444021.8488 110899.8545,444022.6898 110902.3238,444050.3767 110893.1064,444051.5475 110896.5455,444052.1 110897.7451,444060.5264 110920.6386,444068.351 110941.2526,444066.9988 110941.8025,444062.9505 110943.502,444057.55 110946.1013,444053.5016 110948.0507,444044.8196 110951.7197,444039.3036 110954.049,444022.4507 110961.3969,444016.6462 110963.6462,444009.3988 110966.7454,444005.334 110968.3549,444002.0854 110969.1947,443999.1007 110957.2981,443996.4211 110935.5743,443995.1019 110935.7542,443984.6471 110938.9033,443975.8002 110941.2027,443975.7012 110940.6528,443954.0497 110946.3512,443951.1474 110947.111,443946.4478 110933.7748,443946.8023 110933.6548,443945.8046 110930.2758,443941.946 110931.4854,443935.251 110911.951,443930.8976 110899.0547,443928.8528 110893.0964,443926.9482 110887.3981,443930.2462 110886.2484,443925.8516 110874.0019,443924.1531 110869.3032,443923.947 110868.7034,443922.1001 110863.4049,443915.8998 110846.0999,443907.5476 110849.099,443900.3991 110851.5983,443891.0492 110854.8974,443879.0032 110859.1462,443867.9465 110863.045,443882.4001 110902.9536,443880.7016 110903.5534,443874.7487 110905.6528,443873.9489 110905.9528,443872.5967 110906.4026,443868.4989 110907.8522,443864.9041 110909.1019,443862.2987 110910.0516,443856.354 110912.101,443849.0983 110914.6003,443845.7014 110915.7999,443831.5528 110875.8514,443828.296 110866.754,443824.2972 110855.1473,443822.9038 110851.5983,443822.2029 110848.1993,443816.7529 110831.4041,443818.4762 110830.8543,443827.7766 110827.8951,443830.2996 110827.0953,443837.9015 110845.8999,443843.302 110861.3955,443844.0111 110863.4449,443873.883 110852.848,443876.7275 110851.7483,443875.903 110849.6489,443872.0031 110836.1527,443870.453 110830.9542,443870.2139 110830.1245,443865.3988 110813.6992,443864.6485 110811.4998,443863.9971 110810.0002,443862.95 110807.9008,443862.2987 110806.8011,443862.1503 110806.6012,443861.8782 110806.2313,443815.6564 110823.1665,443813.9826 110818.4178,443811.9213 110812.2496,443810.1074 110806.4912,443807.502 110797.6238,443810.2064 110795.1245,443807.6009 110783.5978,443806.9083 110780.0188,443809.3489 110774.8303,443818.2123 110769.2319,443825.6906 110764.4833,443826.3584 110763.9134,443827.7766 110762.6938,443828.4609 110759.5547,443831.8497 110758.245,443835.8485 110767.8023,443835.9969 110768.4521,443839.8968 110770.8514,443840.9027 110774.3504,443843.302 110777.2496,443867.6002 110768.2022,443872.102 110766.5027,443891.5027 110759.3047,443889.3012 110751.297,443887.3307 110744.0591,443881.9466 110723.1851,443877.0985 110707.7495,443874.6992 110701.4513,443872.7534 110694.5533,443869.8017 110683.8463,443867.5508 110675.0988,443864.2033 110663.7021,443855.3481 110668.8506,443837.0028 110679.3476,443830.9015 110682.8966,443829.0463 110678.198,443828.0982 110675.6487,443826.3007 110671.05,443826.2018 110670.8501,443824.5033 110666.4513,443822.5987 110661.4527,443821.0486 110657.2539,443819.3501 110652.7452,443817.9485 110648.8963,443816.8024 110645.0474,443816.1016 110643.3479,443813.0509 110635.4002,443811.2535 110630.8015,443809.9013 110627.3025,443809.5962 110626.7027,443804.8471 110614.2463,443803.0991 110609.7475,443796.9978 110602.4496,443790.0967 110588.9535,443788.9506 110586.8541,443780.9529 110571.7984,443775.7503 110566.1,443805.35 110541.0472,443811.8966 110534.949,443816.3984 110539.0478,443821.7 110543.8464,443826.746 110548.9549,443830.1017 110552.404,443831.2478 110553.8535,443834.9003 110558.4022,443839.4021 110564.1006,443845.9487 110572.7981,443848.851 110583.9049,443853.6991 110599.9503,443854.4988 110602.1497,443855.9087 110606.7384,443860.3034 110621.0543,443863.1974 110630.3516,443865.102 110636.15,443867.6992 110644.0977,443870.3541 110652.4953,443872.6462 110659.6033,443874.9961 110667.0511,443876.0514 110666.2014,443876.2988 110667.0012,443884.247 110659.1034,443897.9008 110645.3973,443900.3991 110642.8481,443904.9998 110638.2494,443907.6465 110635.3502,443910.3509 110632.501,443916.5017 110625.9529,443914.9021 110623.9535,443917.3015 110622.004,443918.5959 110623.7036,443923.8975 110617.9452,443933.1485 110607.7981,443938.3016 110612.3468,443940.0991 110613.9963,443940.9978 110613.0966,443946.7528 110607.0983,443953.3983 110608.5479,443964.0015 110611.0472,443969.6988 110612.3468,443974.753 110613.5465,443976.3031 110613.8964,443982.0994 110615.296,443984.9522 110615.9458,443987.8462 110616.5956,443993.7002 110617.9952,443999.9994 110619.3548,444002.3987 110619.9046,444006.9995 110620.9043,444013.7027 110622.304,444014.8488 110622.5539,444022.3023 110624.3034,444028.247 110625.653,444028.4037 110626.3528,444029.3024 110630.2017,444033.4991 110648.3465,444034.6039 110653.1451,444036.4014 110660.653,444037.0527 110663.4022,444038.3967 110669.7504,444039.048 110672.6995,444040.4992 110678.8978,444041.4474 110682.8966,444042.6017 110687.9951,444043.6488 110692.5039,444044.6464 110696.9526,444045.8502 110702.0511,444046.7984 110706.3999,444048.0516 110711.8983,444049.1977 110716.7969,444050.451 110722.1954,444051.3002 110725.7043,444052.6524 110731.5027,444053.3532 110734.8517,444055.2496 110743.6992,444057.4015 110753.0965,444048.1011 110756.0457,444039.048 110758.9049,444032.5015 110760.9043,444022.5002 110763.9034,444012.4495 110769.5018,444005.3999 110771.9011,443998.5978 110774.4504,443986.1477 110779.0991,443975.3385 110782.2282,443975.5693 110782.868),(443864.6485 110799.4033,443866.3965 110801.9025,443866.8994 110802.7023,443868.2516 110805.2016,443869.5461 110807.8008,443870.3541 110809.7003,443871.9536 110813.6492,443873.1986 110818.4478,443873.9984 110821.5469,443881.0479 110846.7497,443881.7817 110848.8791,443883.1587 110849.369,443886.9514 110848.2693,443908.2814 110840.2416,443913.2531 110838.1522,443918.6866 110836.5726,443908.1412 110801.9825,443912.1978 110800.453,443918.1425 110798.7334,443925.5548 110796.5241,443940.5525 110790.4458,443974.885 110780.8486,443974.4397 110779.7589,443972.2301 110773.6606,443971.1664 110770.7415,443972.4692 110762.9437,443972.2301 110762.6138,443970.9108 110758.9848,443966.7141 110758.7449,443966.6894 110759.1648,443966.2689 110759.1348,443950.0838 110757.9851,443948.476 110758.0451,443945.2028 110758.0651,443938.8623 110758.1151,443938.8376 110758.455,443936.1332 110758.445,443932.6373 110758.435,443936.0507 110772.0811,443931.2026 110772.9008,443920.954 110775.5501,443917.7962 110776.2999,443915.603 110776.8997,443912.2472 110777.5995,443906.4015 110778.7492,443904.6453 110779.1091,443906.9539 110787.3467,443899.8467 110789.2961,443889.4991 110792.2953,443878.3023 110795.4544,443873.446 110796.854,443864.6485 110799.4033)))",Old Woolston 1,,
