old-resource,status,resource
00dcafeeeb43d1e98b43344e1f3413aa15cd7bc397db9f071f17c9f489ce3f86,301,cecd43faae5982fac9635fab4c2e08974e75b4b0fd489143ce6af21aff2b4994
00e26b18cb7e3ab7acf78d3b7bdaf53bbfa3939642de75085bd8190bc98d8de9,301,cecd43faae5982fac9635fab4c2e08974e75b4b0fd489143ce6af21aff2b4994
019fcc8550e28033f94a1244c0fd25252bdbe7d35266f203cfc54d8464aaf2c5,301,cecd43faae5982fac9635fab4c2e08974e75b4b0fd489143ce6af21aff2b4994
01b25948e91b6a44187f30dff0bd9680869aec52dd4a22abcca40679bb12d4ad,301,cecd43faae5982fac9635fab4c2e08974e75b4b0fd489143ce6af21aff2b4994
02ae991aaa98bf2f2e2f2d7c9a13f704dcb111e711ca41b1a419c1c773d723ba,301,cecd43faae5982fac9635fab4c2e08974e75b4b0fd489143ce6af21aff2b4994
037d05b5185754000b1a85e1148c317babd875885bfd01742d70c2bc745032be,301,cecd43faae5982fac9635fab4c2e08974e75b4b0fd489143ce6af21aff2b4994
039771163740b3d9c8c5cbf191803b1780e5ba747d74f002a1431ad8fa092970,301,cecd43faae5982fac9635fab4c2e08974e75b4b0fd489143ce6af21aff2b4994
039bbcf8f9bed95fac7e6d0b0946e1efc4c3a69d10c5601ff6a1fb1f8cd23c3d,301,cecd43faae5982fac9635fab4c2e08974e75b4b0fd489143ce6af21aff2b4994
0489cb5b2c010e4856022444323325a96af887d33884542f06e51811b112c053,301,cecd43faae5982fac9635fab4c2e08974e75b4b0fd489143ce6af21aff2b4994
04c57b0c2b794f859278a6155cbc5e9571bdf2ac3fee18e6da84364b0c14558b,301,cecd43faae5982fac9635fab4c2e08974e75b4b0fd489143ce6af21aff2b4994
057200ffe50cf5fca087e66547e037d84101a49b167058f432458477a232b603,301,cecd43faae5982fac9635fab4c2e08974e75b4b0fd489143ce6af21aff2b4994
0610f340d46a93765f9411ed0dd6017e818795e13ce9e74c1963bc177740420c,301,cecd43faae5982fac9635fab4c2e08974e75b4b0fd489143ce6af21aff2b4994
07d9aaa045e3446428fb6e1fd004f7c3c57fad4ac43a442ca1fd7c644a7548f9,301,cecd43faae5982fac9635fab4c2e08974e75b4b0fd489143ce6af21aff2b4994
081ddbc3998fb5ab94abb899c02d8e3d027fab2a042fd6ae3462ef2279a87392,301,cecd43faae5982fac9635fab4c2e08974e75b4b0fd489143ce6af21aff2b4994
0908732a032980a513f06fd7e2ed783d9d842fcf07532b7f1c5054a0378f7003,301,cecd43faae5982fac9635fab4c2e08974e75b4b0fd489143ce6af21aff2b4994
09cb9825f51729e48681802781d6794953bcd0b9080ae5ef8b383321c065bfee,301,cecd43faae5982fac9635fab4c2e08974e75b4b0fd489143ce6af21aff2b4994
0a0935b7ed8c02de811f4e2aa5ef0d0b8517f681ddf89c963eff2866b11297b7,301,cecd43faae5982fac9635fab4c2e08974e75b4b0fd489143ce6af21aff2b4994
0bbbd7d9fa403ba1fe931066753b93d27f1b3c71fea0d789df87da28717ea865,301,cecd43faae5982fac9635fab4c2e08974e75b4b0fd489143ce6af21aff2b4994
0ca3e79bd7719305df77ed1da1456b3c34a5d479d4567e2c7e378770437772da,301,cecd43faae5982fac9635fab4c2e08974e75b4b0fd489143ce6af21aff2b4994
10cffa69f2f028cd5bada01792af2e900826667b3a582f64d776ecdda0647d12,301,cecd43faae5982fac9635fab4c2e08974e75b4b0fd489143ce6af21aff2b4994
11b7f3fc6f8257afbd4a634be3bb9d8943cd2498acebc85a0b85cc5e269ee934,301,cecd43faae5982fac9635fab4c2e08974e75b4b0fd489143ce6af21aff2b4994
11efb641969ec838a858326aa5d4c23ce1a4ec943095b5bd66d8960ea4e85390,301,cecd43faae5982fac9635fab4c2e08974e75b4b0fd489143ce6af21aff2b4994
1306f997a83a8d7f4cb1b6cd99133264446b406bda148991f7dc4237c54d1b65,301,cecd43faae5982fac9635fab4c2e08974e75b4b0fd489143ce6af21aff2b4994
13a82ab7d840cf76d3a03f1aa04ea9e8db1359ff1df6b0c32fcd073eab12ec30,301,cecd43faae5982fac9635fab4c2e08974e75b4b0fd489143ce6af21aff2b4994
13a8521896fabda311ebcc65b49d9baec4628df1fcf0742a8dcbddb23022b9e0,301,cecd43faae5982fac9635fab4c2e08974e75b4b0fd489143ce6af21aff2b4994
142208963c0ae0bfaf9630180e9a11e10a399fef70f5956fb9d10f39f85c4b84,301,cecd43faae5982fac9635fab4c2e08974e75b4b0fd489143ce6af21aff2b4994
14fa1661546b727c624a3112cfa8e586872290032723ddadf0ea7fd92e109437,301,cecd43faae5982fac9635fab4c2e08974e75b4b0fd489143ce6af21aff2b4994
1599f96eacc213181f051672f126d49b0069fe55de1f1153e57a045352984a90,301,cecd43faae5982fac9635fab4c2e08974e75b4b0fd489143ce6af21aff2b4994
15e3eccd87b70df4db2f9b723aaabff7c1468ee13b40b2be20b64abea50c4af2,301,cecd43faae5982fac9635fab4c2e08974e75b4b0fd489143ce6af21aff2b4994
16bee450f8dda9a2069b545208f954b215d9157dc3a85e8bb0b4422d05247c70,301,cecd43faae5982fac9635fab4c2e08974e75b4b0fd489143ce6af21aff2b4994
16fc500f59b1ca95daea292219227478c9992c8e78b09fedaedd9866b4b127db,301,cecd43faae5982fac9635fab4c2e08974e75b4b0fd489143ce6af21aff2b4994
184e0b549204809af0a047c49fc624bd021c7b3c42d8732c27fa972cf9ed637d,301,cecd43faae5982fac9635fab4c2e08974e75b4b0fd489143ce6af21aff2b4994
1920bc095ba2fef8ca01917dd6696668ae7b99b5a70a91625d7942aa1f029be5,301,cecd43faae5982fac9635fab4c2e08974e75b4b0fd489143ce6af21aff2b4994
19636239be006423449df7e6072bc5356eeaaab9de4785a8053ff871a5e53bde,301,cecd43faae5982fac9635fab4c2e08974e75b4b0fd489143ce6af21aff2b4994
19ad8ccf87d8cbbc1ef916fbbef22ce1d344c4cf143446b7b991411fec476ca8,301,cecd43faae5982fac9635fab4c2e08974e75b4b0fd489143ce6af21aff2b4994
19b2b13808fd481ed9f3326ba4b93fa0f566c6bdba4d8b0afba5a0e1fb43de14,301,cecd43faae5982fac9635fab4c2e08974e75b4b0fd489143ce6af21aff2b4994
1a736e647c281985e312240a89bdc2eb851997aa22c73bab3bbf0d186cc13e58,301,cecd43faae5982fac9635fab4c2e08974e75b4b0fd489143ce6af21aff2b4994
1bdeb3a8476bb9c6ec5964e834d575c9a8c5a3b36073d6cce8675b9ac7183b0e,301,cecd43faae5982fac9635fab4c2e08974e75b4b0fd489143ce6af21aff2b4994
1c127d5dcb6cf39b65b1212f51e21c3f41d32e00c8933f03bb6ce54795b99d9d,301,cecd43faae5982fac9635fab4c2e08974e75b4b0fd489143ce6af21aff2b4994
1c153e10a70fc04e45d8edfa594dfb721531d591b3582fd822c6e82580985ccc,301,cecd43faae5982fac9635fab4c2e08974e75b4b0fd489143ce6af21aff2b4994
1c327d3fc47b83371298e09bb4ba47ef7ccb41ad36c7d8b988b1d45e34d62af0,301,cecd43faae5982fac9635fab4c2e08974e75b4b0fd489143ce6af21aff2b4994
1d5d7c65fc4b59ae69b103d5349eaf0043afc0fc67e574e976a7c2901c6eb324,301,cecd43faae5982fac9635fab4c2e08974e75b4b0fd489143ce6af21aff2b4994
1f408fef9a31f486b567fb254880737088e16ee575b58ae2ba5fc1cc4ed3b711,301,cecd43faae5982fac9635fab4c2e08974e75b4b0fd489143ce6af21aff2b4994
1f6d2b8c4bfd9c4fccbb97a6d9d42c980e6d05f5e9d92d3f136bc49c6b2bf279,301,cecd43faae5982fac9635fab4c2e08974e75b4b0fd489143ce6af21aff2b4994
1f9c28b65fc71a60d710975735b09ec2372168127e9874fe6a9c8e41fb8be059,301,cecd43faae5982fac9635fab4c2e08974e75b4b0fd489143ce6af21aff2b4994
1fecd82b6772bca427013d4d6e97978ec7803d4ee219366c390f82645fa4b613,301,cecd43faae5982fac9635fab4c2e08974e75b4b0fd489143ce6af21aff2b4994
20341a00564e5daa9a5844addc067d7357c078a870b9c0c9409f9a138d8710f0,301,cecd43faae5982fac9635fab4c2e08974e75b4b0fd489143ce6af21aff2b4994
2122e5518f88fad38c1a2f7f3b5f3c2ceb4a0cf5890fdc7606e9d9e927be22ea,301,cecd43faae5982fac9635fab4c2e08974e75b4b0fd489143ce6af21aff2b4994
22b3b8d7442e21ed73620659fe4a1f7b8435cdf2f9e2f5ff6bd8425e34feee57,301,cecd43faae5982fac9635fab4c2e08974e75b4b0fd489143ce6af21aff2b4994
231be1c21423db0c0deccd1327c4a5161f6c822ee29b4059de0d49977f8f78f1,301,cecd43faae5982fac9635fab4c2e08974e75b4b0fd489143ce6af21aff2b4994
23bf0a64a5f195fd07009f75e7fc28b82d93aa293299f251635aaa40cfdd92aa,301,cecd43faae5982fac9635fab4c2e08974e75b4b0fd489143ce6af21aff2b4994
245200048949af8623c31527831329f86f337c07ff12669c48cbd1e2115f6abe,301,cecd43faae5982fac9635fab4c2e08974e75b4b0fd489143ce6af21aff2b4994
2455725db592963f42cd71f5305ef86e65deb03cc1d26951a0ee1077361c2179,301,cecd43faae5982fac9635fab4c2e08974e75b4b0fd489143ce6af21aff2b4994
25068ae27acb1a9558e8e98d3ac87f11fe88888d739ee32f26b818afa353bf5c,301,cecd43faae5982fac9635fab4c2e08974e75b4b0fd489143ce6af21aff2b4994
256f324f944527efea71c8a86164902cc85260ffe335ad1c9fe6fb9bc7a4c49c,301,cecd43faae5982fac9635fab4c2e08974e75b4b0fd489143ce6af21aff2b4994
2591f78af30f1fcc3c0304c1b1a133ea76d0c61a36841b2dcffab6f5fc7b7f13,301,cecd43faae5982fac9635fab4c2e08974e75b4b0fd489143ce6af21aff2b4994
264d368c2d096c72bd623d3187b1143503cfff886140518e3efd3973ec660f2e,301,cecd43faae5982fac9635fab4c2e08974e75b4b0fd489143ce6af21aff2b4994
26991c4096318966b698c68731ff2d1086a58e18c537f651fb5e20e6ede50100,301,cecd43faae5982fac9635fab4c2e08974e75b4b0fd489143ce6af21aff2b4994
279196686f2d943730096bb1f9bf676ea7a28461056011bbe0868d9cd6c1d695,301,cecd43faae5982fac9635fab4c2e08974e75b4b0fd489143ce6af21aff2b4994
27c0117c48a90da17ea0923367556ee0551889ea7db90c2fbbacee1d73d4a4a3,301,cecd43faae5982fac9635fab4c2e08974e75b4b0fd489143ce6af21aff2b4994
2861ee8fdb2853538079df18d1308857e9185deda1e5da398fe7c7bc94effb66,301,cecd43faae5982fac9635fab4c2e08974e75b4b0fd489143ce6af21aff2b4994
29d1bd648c2208e98722ac4c0a4127e9570d3e61130b3932f8732b3b1ecd9d61,301,cecd43faae5982fac9635fab4c2e08974e75b4b0fd489143ce6af21aff2b4994
2aaf7bf3f64bfe95b67889fd2b47767a572bf772bae6254e8b23d965584dec62,301,cecd43faae5982fac9635fab4c2e08974e75b4b0fd489143ce6af21aff2b4994
2d417ac147e262bd78236b0b62fbcfd9e1ba351151a4d19dbf0c5b0d1df1500b,301,cecd43faae5982fac9635fab4c2e08974e75b4b0fd489143ce6af21aff2b4994
2dfae09ccccdac6f32d29d4adceb68c3783d89310c3ea36d8e10eace1dc83105,301,cecd43faae5982fac9635fab4c2e08974e75b4b0fd489143ce6af21aff2b4994
2e0cf7113e66243d0f2ec44152f380df81cb2149078849ac0fc754db371b77e2,301,cecd43faae5982fac9635fab4c2e08974e75b4b0fd489143ce6af21aff2b4994
2e73b9a73b51bf2535d7bdee26be1e71e6151cee045a4af660d3fab3dea87061,301,cecd43faae5982fac9635fab4c2e08974e75b4b0fd489143ce6af21aff2b4994
2ea6af6e44703ae4d5f4ee61934346e91884e99c6faeafa66191d703409fdb20,301,cecd43faae5982fac9635fab4c2e08974e75b4b0fd489143ce6af21aff2b4994
31140550168fdcaa545f05fc6387f9c52dff8ec1cb4b47cfe8ca04d30813f8d9,301,cecd43faae5982fac9635fab4c2e08974e75b4b0fd489143ce6af21aff2b4994
322a32bb46931d1c292e531253a3848533c974eb0ceffcbb05b496030aca4f87,301,cecd43faae5982fac9635fab4c2e08974e75b4b0fd489143ce6af21aff2b4994
324ea93c2b3a6fa6a55d391fc57144d984b645a4d4c4fdd6cb35ce967b6c8ef8,301,cecd43faae5982fac9635fab4c2e08974e75b4b0fd489143ce6af21aff2b4994
324efa099efc199e132fb9c15d5a8f5ef7599b1abbbe41ba70904f1e36a9e555,301,cecd43faae5982fac9635fab4c2e08974e75b4b0fd489143ce6af21aff2b4994
338a5bba341a48fb12fc8a8ba80c3fb0e5946f7efc499dd930b43a49eb6f5636,301,cecd43faae5982fac9635fab4c2e08974e75b4b0fd489143ce6af21aff2b4994
3435897bb0da5e9652afb5ac753a104297bea2183fc2ea95dcd03cb67c289f0f,301,cecd43faae5982fac9635fab4c2e08974e75b4b0fd489143ce6af21aff2b4994
34bcd03c233731ad5bfecced7af097f5827e69a8c80912ff46d86b18a4e2a20f,301,cecd43faae5982fac9635fab4c2e08974e75b4b0fd489143ce6af21aff2b4994
377b660b8629624ed9b521572cdf725b749e45f78d46dfd6a467cdd8e64b8a13,301,cecd43faae5982fac9635fab4c2e08974e75b4b0fd489143ce6af21aff2b4994
3854828a44441cc886165a00fac2dec317358b2b7789789bfb8ffdab019d77b9,301,cecd43faae5982fac9635fab4c2e08974e75b4b0fd489143ce6af21aff2b4994
3afdec2973fab9463a3c590a9d988d55ea2beb85d4a522fb699e502842119c65,301,cecd43faae5982fac9635fab4c2e08974e75b4b0fd489143ce6af21aff2b4994
3cd0022d34161dfe75b79348aaabf213021e2201a89703dc8ae2fac4df7f621b,301,cecd43faae5982fac9635fab4c2e08974e75b4b0fd489143ce6af21aff2b4994
3d05ba817ba27b7f1217a6ad09f3a64666788d4cc8147aab331c78d3c89ae1f9,301,cecd43faae5982fac9635fab4c2e08974e75b4b0fd489143ce6af21aff2b4994
3de0160cda9039c139c973b021c3f17e15434311ed0eef14f89953bd01d68543,301,cecd43faae5982fac9635fab4c2e08974e75b4b0fd489143ce6af21aff2b4994
3e1d309f709e7237f217cf511c34071701a79463d8709e3ef5fc8ea0eeffc14e,301,cecd43faae5982fac9635fab4c2e08974e75b4b0fd489143ce6af21aff2b4994
3f48c5df27b4c64caa4860a4a54947e0b979becf9161d503f6ab72437ae01e5d,301,cecd43faae5982fac9635fab4c2e08974e75b4b0fd489143ce6af21aff2b4994
4004c08859913ceeae1d5816b4a3dc6db8ad86da771b8525825e14094a15f083,301,cecd43faae5982fac9635fab4c2e08974e75b4b0fd489143ce6af21aff2b4994
40326ce1793c17ec792d387f5107ceb26003269595e18c4c50c4869b619a128a,301,cecd43faae5982fac9635fab4c2e08974e75b4b0fd489143ce6af21aff2b4994
416990ba55c85c2f13c238cbd3d44ab2b7a72be5260e7ffc371b013f5670199d,301,cecd43faae5982fac9635fab4c2e08974e75b4b0fd489143ce6af21aff2b4994
416ab83ed55ca9a77f6762d6ed27edd4dca1687f472c38a4cbc19dd3be815394,301,cecd43faae5982fac9635fab4c2e08974e75b4b0fd489143ce6af21aff2b4994
41dc84dd05e5c531e4def17c8f3301a70d2519b72f975c37e39455e51f0e7812,301,cecd43faae5982fac9635fab4c2e08974e75b4b0fd489143ce6af21aff2b4994
4471e3136b0970eac665b508719071026c85233ba907e1a97a43795f7ec62f2e,301,cecd43faae5982fac9635fab4c2e08974e75b4b0fd489143ce6af21aff2b4994
4aa9397795012917cbdd9bb54421659d7c5f690aa96ec8a23482d3ec75364ad7,301,cecd43faae5982fac9635fab4c2e08974e75b4b0fd489143ce6af21aff2b4994
4b4fbabbc7392136a61c8113c8850a4f684ea233d58ab06b4d7572312e777bb6,301,cecd43faae5982fac9635fab4c2e08974e75b4b0fd489143ce6af21aff2b4994
4cdd12485499e2f96e6969965615d85c715130b2e24798dedb906da2476cdbdf,301,cecd43faae5982fac9635fab4c2e08974e75b4b0fd489143ce6af21aff2b4994
4d451249854f5f6d58bbba145d2ddae32e1cfa3e07341631ec214ae9f17fe16a,301,cecd43faae5982fac9635fab4c2e08974e75b4b0fd489143ce6af21aff2b4994
4d48ce2cf455830ef6567eec6f046dab4c52cbaf88b7111b5afc8d62cad30d3c,301,cecd43faae5982fac9635fab4c2e08974e75b4b0fd489143ce6af21aff2b4994
4e37960207a76104ef764ea43e72a73ace214cfb9711dde4730e385775049a2b,301,cecd43faae5982fac9635fab4c2e08974e75b4b0fd489143ce6af21aff2b4994
4ece736dfe2ff3c9d68ceef77406c7cff4a4facd9fbcde507d4061bcfc303076,301,cecd43faae5982fac9635fab4c2e08974e75b4b0fd489143ce6af21aff2b4994
50e31580450a62c15c5c8db67b18fb19a01b6182069e2c7b281ec14049d75f15,301,cecd43faae5982fac9635fab4c2e08974e75b4b0fd489143ce6af21aff2b4994
51aaa2b0d1017f85d30e5536f17e747798dc62af43bd8f9b704ecf3260037420,301,cecd43faae5982fac9635fab4c2e08974e75b4b0fd489143ce6af21aff2b4994
51d4a1d7c52858d473d55438be5172c83d8d3d33193dfb1e02a9e19a7515c5d6,301,cecd43faae5982fac9635fab4c2e08974e75b4b0fd489143ce6af21aff2b4994
5237be11ac0708190cac435268b28d5288b96510459512ee18b66d9c35c26255,301,cecd43faae5982fac9635fab4c2e08974e75b4b0fd489143ce6af21aff2b4994
5348894fc05e8fb40bb7598c8b42879e4bf7788a90277deaccfb16851876ab67,301,cecd43faae5982fac9635fab4c2e08974e75b4b0fd489143ce6af21aff2b4994
5404ed3fbb955cea0211b5a891eab59b3cdd8662bf4654d6a91af688439af22a,301,cecd43faae5982fac9635fab4c2e08974e75b4b0fd489143ce6af21aff2b4994
5448315fab8c4c2913171e8fb57a55608ceec24b4b919ac8143782c28f1f8893,301,cecd43faae5982fac9635fab4c2e08974e75b4b0fd489143ce6af21aff2b4994
553755c707bbaa25b5dde37c5d106ccecf0d56478684aac0b8d41b216d55c74d,301,cecd43faae5982fac9635fab4c2e08974e75b4b0fd489143ce6af21aff2b4994
56f52382c73ec8590296df97bcb631d0dcbd45b5a1132f4883d18058725b5cd7,301,cecd43faae5982fac9635fab4c2e08974e75b4b0fd489143ce6af21aff2b4994
570c972363890f149f985d38d41481ec36cec3181d9b9b5525aca00ac0ce04ea,301,cecd43faae5982fac9635fab4c2e08974e75b4b0fd489143ce6af21aff2b4994
5828cdbf3cdedba6f4075bd9c78f104ea5a4628c53dae035213841d551303478,301,cecd43faae5982fac9635fab4c2e08974e75b4b0fd489143ce6af21aff2b4994
58d4e90fff9fafa6eabb3482bf3aff5c1882de0fb97ea39e22ad3301288ef771,301,cecd43faae5982fac9635fab4c2e08974e75b4b0fd489143ce6af21aff2b4994
58fc159dcfdf7f311546663abe2b4870b7b7c52b50e46f42368f512fb2a9b18f,301,cecd43faae5982fac9635fab4c2e08974e75b4b0fd489143ce6af21aff2b4994
597dcd0ae7507479eb95ae987bbaf41385436bb4c634b5243a051bbb6f061c02,301,cecd43faae5982fac9635fab4c2e08974e75b4b0fd489143ce6af21aff2b4994
59e3c357c45c7467c5c56ff4fd5ef50b8ebb445ec813f30bab6f347a8386a981,301,cecd43faae5982fac9635fab4c2e08974e75b4b0fd489143ce6af21aff2b4994
5a12fc87f48062be043950d56ac0e0911ae722f7e33d7caabed70b7088db5eca,301,cecd43faae5982fac9635fab4c2e08974e75b4b0fd489143ce6af21aff2b4994
5abd38fa63dd032835772e05829aff4e73b2a52e95f4a4cf55b637a6fa455109,301,cecd43faae5982fac9635fab4c2e08974e75b4b0fd489143ce6af21aff2b4994
5c8e53fedad99133217e71327ee78d9c12a75eb145c1c160b905bcc974b102a1,301,cecd43faae5982fac9635fab4c2e08974e75b4b0fd489143ce6af21aff2b4994
5cce623434581432ada01710a474e81b94fb979e3b30a52126bdcd344976f7e9,301,cecd43faae5982fac9635fab4c2e08974e75b4b0fd489143ce6af21aff2b4994
5d0f1bddee0605029f66c5aa0292a8de78eb29af4cebbd1e5bbbf533ad7580c5,301,cecd43faae5982fac9635fab4c2e08974e75b4b0fd489143ce6af21aff2b4994
5d1991fae4318cf13048221d93093f3eb76cd6368851c9b359d9afdb3c158e80,301,cecd43faae5982fac9635fab4c2e08974e75b4b0fd489143ce6af21aff2b4994
5df60c6745306dbb72cf7fda396e17d63ea71cb8c5f4fbe90de06ae9e29c4d38,301,cecd43faae5982fac9635fab4c2e08974e75b4b0fd489143ce6af21aff2b4994
5f2a40fe956ebe6f01aa109ee2cd321026753707dd0f5341b17c786b8642fec4,301,cecd43faae5982fac9635fab4c2e08974e75b4b0fd489143ce6af21aff2b4994
5f818c0d201c5f05648190279aa1fdfca0a55e9c47645c8e7bb557cf40db3dc0,301,cecd43faae5982fac9635fab4c2e08974e75b4b0fd489143ce6af21aff2b4994
60ebc8943d38949e22fb9c947838acabfaf285014f98d223355f3a6c96bde765,301,cecd43faae5982fac9635fab4c2e08974e75b4b0fd489143ce6af21aff2b4994
6181dd3fa7cee6533d5bbfc532a0a5857f0eb3fa887d20af6e63f421f0e2aaee,301,cecd43faae5982fac9635fab4c2e08974e75b4b0fd489143ce6af21aff2b4994
6300b2ccf32a017f7d4c93c8013cc4055865c43149cff602e83ef505f4123263,301,cecd43faae5982fac9635fab4c2e08974e75b4b0fd489143ce6af21aff2b4994
634dbc6f7063b1e5434c93ba8f7ee986454c8c204bc33a7ad0bf4bc07ec911d9,301,cecd43faae5982fac9635fab4c2e08974e75b4b0fd489143ce6af21aff2b4994
649b15e269217a02f2fbf8e4d938b4a05204f61d8d04e5f8e643fc6cecf2bf16,301,cecd43faae5982fac9635fab4c2e08974e75b4b0fd489143ce6af21aff2b4994
6698afdfb25b0c06be28308bd162cf23d45c365a8db4f1dbe1cd26c39907951a,301,cecd43faae5982fac9635fab4c2e08974e75b4b0fd489143ce6af21aff2b4994
6801525c4abbcfd6efec069247b60fd8bef26dfcb7ef22fe705e1ec7ac3b9b76,301,cecd43faae5982fac9635fab4c2e08974e75b4b0fd489143ce6af21aff2b4994
6813e615ad1ea3e23c6581e32f00eba0b15085804554743a3e7354de91c04188,301,cecd43faae5982fac9635fab4c2e08974e75b4b0fd489143ce6af21aff2b4994
68f062000073f00643560715079a44059dcb9d4629838a24bd669917a17d11b8,301,cecd43faae5982fac9635fab4c2e08974e75b4b0fd489143ce6af21aff2b4994
69d6c896e982736bd28236e4068edb5bdfdcb826e91e76de178862893a42d4da,301,cecd43faae5982fac9635fab4c2e08974e75b4b0fd489143ce6af21aff2b4994
6a502577a71c7326d959af23514fcb015d2b1c3ea96172c2a7ce526d90ecbc17,301,cecd43faae5982fac9635fab4c2e08974e75b4b0fd489143ce6af21aff2b4994
6b4914969f8cbc80aa9c0e5c0aeede7ba025b797090467567a180d4a2bb8103a,301,cecd43faae5982fac9635fab4c2e08974e75b4b0fd489143ce6af21aff2b4994
6b61e85f920145c4182e97185adfed45c91a11f9fa2be618a3dc9c06ea7bb323,301,cecd43faae5982fac9635fab4c2e08974e75b4b0fd489143ce6af21aff2b4994
6ba3a5e6ac416921d177a29a092bbe6af90a69d0322f8a39d7e07d8d6274fea5,301,cecd43faae5982fac9635fab4c2e08974e75b4b0fd489143ce6af21aff2b4994
6c912e6d88198973237f074319e132ab6a18d061ec9a2a964305b63599a5da62,301,cecd43faae5982fac9635fab4c2e08974e75b4b0fd489143ce6af21aff2b4994
6cf727c668053b7467e0fc22e346eca5b019ac9b572f050adc1984cdb305f798,301,cecd43faae5982fac9635fab4c2e08974e75b4b0fd489143ce6af21aff2b4994
6fb9e0390285e88a98a4d8233252d5370ea0f4c3e427366348a7a4058d876f90,301,cecd43faae5982fac9635fab4c2e08974e75b4b0fd489143ce6af21aff2b4994
705d3a37c3dc824f8a87b027dc6c95644e5d30c4f8d3411224963a2d684a8dbe,301,cecd43faae5982fac9635fab4c2e08974e75b4b0fd489143ce6af21aff2b4994
71526b5048366b5861ef2c70bd93af2b043f4eeee8dfcbabdd0f625e1ba34bb3,301,cecd43faae5982fac9635fab4c2e08974e75b4b0fd489143ce6af21aff2b4994
720798fe5908fa8a177293ecef115a4b9dd8f3fde2ea16697b39787fc102b51c,301,cecd43faae5982fac9635fab4c2e08974e75b4b0fd489143ce6af21aff2b4994
72e2f93e03438b3b7da70a732fb71acb785d33d6513be2e44a69ccbb4f35bcfd,301,cecd43faae5982fac9635fab4c2e08974e75b4b0fd489143ce6af21aff2b4994
732873040c03bd3a55c6dba7e8f276cdc4acda13abd0f597b7822fa176bfe763,301,cecd43faae5982fac9635fab4c2e08974e75b4b0fd489143ce6af21aff2b4994
73f0c911a0942fccd03570c420f246729d7c8b6961394ff3d4cdbd416e8bbdf5,301,cecd43faae5982fac9635fab4c2e08974e75b4b0fd489143ce6af21aff2b4994
740de583728d45eb27db8cca101da555c4e07c6123226fc33666721ff6da7255,301,cecd43faae5982fac9635fab4c2e08974e75b4b0fd489143ce6af21aff2b4994
743722452fdf45b2a6f90645070e170b3fe8d7e80bcec62eb6233c99e5e52f35,301,cecd43faae5982fac9635fab4c2e08974e75b4b0fd489143ce6af21aff2b4994
75bdd5053810e8911705dc795a5e4101c1ebe8f789356ceab45dd8623d1fff63,301,cecd43faae5982fac9635fab4c2e08974e75b4b0fd489143ce6af21aff2b4994
763f0be541c284e454cd0390a8b75ade7ddb6edf34c0c8000cbb7718c724eac4,301,cecd43faae5982fac9635fab4c2e08974e75b4b0fd489143ce6af21aff2b4994
76472d8068387e4e4086fb91bf1031a848379a49c1361c101de0c8f503851603,301,cecd43faae5982fac9635fab4c2e08974e75b4b0fd489143ce6af21aff2b4994
774c28eb467b1eba3be58d5d0cd41f17f6d081e1918713248980bea31727f97f,301,cecd43faae5982fac9635fab4c2e08974e75b4b0fd489143ce6af21aff2b4994
7a1666d018d979b86db3f1d9040a9b1522900cfa2279996947f1a7293dea7aa4,301,cecd43faae5982fac9635fab4c2e08974e75b4b0fd489143ce6af21aff2b4994
7c023e2757af38e9e4eeb11cc71f421e8bf8ccec4321492e2c1008365b0722b6,301,cecd43faae5982fac9635fab4c2e08974e75b4b0fd489143ce6af21aff2b4994
7c31cd9a2d807cfe652ab7bb255a835a32eec6ad1ce56426c54e66ae819e94fe,301,cecd43faae5982fac9635fab4c2e08974e75b4b0fd489143ce6af21aff2b4994
7c6674e7efd5f87564ac348ab58086dc83335b2787d9a21f22155b6129b6901f,301,cecd43faae5982fac9635fab4c2e08974e75b4b0fd489143ce6af21aff2b4994
7c6bc5efeb943c988fb887cccfcc6cc48b189878e6fc374bcca496f6ada6745a,301,cecd43faae5982fac9635fab4c2e08974e75b4b0fd489143ce6af21aff2b4994
7d2622b78b51ec3a3b4a82770cc503583a25d1d88aa6b87760300327f38f3178,301,cecd43faae5982fac9635fab4c2e08974e75b4b0fd489143ce6af21aff2b4994
7e02707bac3de348ec3c4a7a0ed53a79f5b223c32517d42d0bec3bba02a11f64,301,cecd43faae5982fac9635fab4c2e08974e75b4b0fd489143ce6af21aff2b4994
7e3bb6b33294e828bf5d9b2416163efc06a5220d85dad93e2e952f96abbb93ce,301,cecd43faae5982fac9635fab4c2e08974e75b4b0fd489143ce6af21aff2b4994
7e6cab963758acbd538db9047e789674269f502801d15e2d914418e862e49899,301,cecd43faae5982fac9635fab4c2e08974e75b4b0fd489143ce6af21aff2b4994
808cfac550bcebba7d1890c4b2af5a1265901f5fe570e4db8457c8e74fa18834,301,cecd43faae5982fac9635fab4c2e08974e75b4b0fd489143ce6af21aff2b4994
813294e58e3ec98320d1bfb2a0894e9f3842efbf4d45dd00bf2de6e38418403c,301,cecd43faae5982fac9635fab4c2e08974e75b4b0fd489143ce6af21aff2b4994
833ffddf5b5c63bd37adb3b5199456e66275a5b3d7d5be3be6104ae9b5661af5,301,cecd43faae5982fac9635fab4c2e08974e75b4b0fd489143ce6af21aff2b4994
8564f073295f6736fd757f392ec7b57b97809e7b1f009dfc78cec02b754ae44f,301,cecd43faae5982fac9635fab4c2e08974e75b4b0fd489143ce6af21aff2b4994
864422600126fed5ac108f9a54f9be41eabfb1062a2e2be4f0254a377dd974a0,301,cecd43faae5982fac9635fab4c2e08974e75b4b0fd489143ce6af21aff2b4994
87313151be4985e39a82a7ac82080eb8af8c1c8b4bc8257a4f8ba0018cc3ff0d,301,cecd43faae5982fac9635fab4c2e08974e75b4b0fd489143ce6af21aff2b4994
88da3f9607fced98d10b5df08a88784f9e1dc13cca790d83387a2b2a14fd0c30,301,cecd43faae5982fac9635fab4c2e08974e75b4b0fd489143ce6af21aff2b4994
8a6a3aaf113958d63d97dc2a2a28aac7b0fa5dd65cbb039e19f6145f65e6f912,301,cecd43faae5982fac9635fab4c2e08974e75b4b0fd489143ce6af21aff2b4994
8ab58ac7e34d26b60172d57b840531a964564644917dd29ba73bc01f2a9a14ad,301,cecd43faae5982fac9635fab4c2e08974e75b4b0fd489143ce6af21aff2b4994
8ac1a48d73975e8d9ce0e3be51feb813412b389707d4bff59a14af9d7266c544,301,cecd43faae5982fac9635fab4c2e08974e75b4b0fd489143ce6af21aff2b4994
8bac530bbac9fc44a591f2219eae341ce7148fd91c916d43d12e421389e4e79a,301,cecd43faae5982fac9635fab4c2e08974e75b4b0fd489143ce6af21aff2b4994
8c03f2e91e85ef9ec177a8f9c37e726c832747cb9c2b8ec3d0f0a8a4d6dd0729,301,cecd43faae5982fac9635fab4c2e08974e75b4b0fd489143ce6af21aff2b4994
8ca3a0c194effaf69f82e89ffbad52d5ec32a0a0deec1363f5eb2b50d5d8edcc,301,cecd43faae5982fac9635fab4c2e08974e75b4b0fd489143ce6af21aff2b4994
8e441c38b5634dc5ebf3397b511e81dc7df27af2adbfaffaa02399aefd30aa89,301,cecd43faae5982fac9635fab4c2e08974e75b4b0fd489143ce6af21aff2b4994
902d08b3e87638648d028fb942640a615d70667b5816bd69ccc0abaecbdb70b1,301,cecd43faae5982fac9635fab4c2e08974e75b4b0fd489143ce6af21aff2b4994
904f9a577d55bd45416e7bb777b8c676571c96d91deda8c5776365ff27272a4a,301,cecd43faae5982fac9635fab4c2e08974e75b4b0fd489143ce6af21aff2b4994
910a8516fa9d33f7dc567fd540006d7a81279b8b80737fe9ab2f8129fd7cede4,301,cecd43faae5982fac9635fab4c2e08974e75b4b0fd489143ce6af21aff2b4994
91bda03ea30d005becc524003436d555b42bdc849dc3247889c8bdfd3ead5927,301,cecd43faae5982fac9635fab4c2e08974e75b4b0fd489143ce6af21aff2b4994
93c8c735caba5fb038a8387cc0c74e72e7fb054fc1485243390b9c97d814528e,301,cecd43faae5982fac9635fab4c2e08974e75b4b0fd489143ce6af21aff2b4994
93ed07a90c4e32a089b35d7aaca740b2ebda9742a107fa7431009e4d77d18d8c,301,cecd43faae5982fac9635fab4c2e08974e75b4b0fd489143ce6af21aff2b4994
942e41c8e6b91043d93821b04e87992804c32a39b3ed865208bceb1e542bc547,301,cecd43faae5982fac9635fab4c2e08974e75b4b0fd489143ce6af21aff2b4994
96bef0fedd1306bf03a0172ff36592375e225072fefc9441a342b7ae3b1a483c,301,cecd43faae5982fac9635fab4c2e08974e75b4b0fd489143ce6af21aff2b4994
96fbadfd37e79a1d2485986949e25eb2c62bcac3988b094dd8ed8cb4ae40ca09,301,cecd43faae5982fac9635fab4c2e08974e75b4b0fd489143ce6af21aff2b4994
97946dd556b11ac1f734c454a41fe3c0a923c74eca01c723902c3b60c28c8d32,301,cecd43faae5982fac9635fab4c2e08974e75b4b0fd489143ce6af21aff2b4994
98e23546831a87f0549645589127c7db6544fbf890b6c7768457086b2892fa19,301,cecd43faae5982fac9635fab4c2e08974e75b4b0fd489143ce6af21aff2b4994
997ecfdf646de348d2f7ec0b27cbc16f57d374988471ddfb8427721cbaaeaa70,301,cecd43faae5982fac9635fab4c2e08974e75b4b0fd489143ce6af21aff2b4994
99e9ec2f624c1233132bceb07caae9f5e5339da716024777902ef4e399d4059a,301,cecd43faae5982fac9635fab4c2e08974e75b4b0fd489143ce6af21aff2b4994
9b6471fcccadd61d4050e1d260506642fbed989fab547da58ff2384f5a1de63c,301,cecd43faae5982fac9635fab4c2e08974e75b4b0fd489143ce6af21aff2b4994
9b8ae2bf1ab542d7118b934c70c0a92a31c59f966f332970961d5f1a85a1237c,301,cecd43faae5982fac9635fab4c2e08974e75b4b0fd489143ce6af21aff2b4994
9bee1ed84265d855eb290ab779f61cef756061c00ddd1e658f7eed76cfc8e2c6,301,cecd43faae5982fac9635fab4c2e08974e75b4b0fd489143ce6af21aff2b4994
9c81e0cbad6741ce1f44d8569dbf1dc8a4d38a864f4ac74b971a96bc776bb134,301,cecd43faae5982fac9635fab4c2e08974e75b4b0fd489143ce6af21aff2b4994
9ed8f2bde030e076580a2d43e6633abf98e3dba48498b0a9cd339c9d42fca6d4,301,cecd43faae5982fac9635fab4c2e08974e75b4b0fd489143ce6af21aff2b4994
9f38fd42503e22682cb23cf23ee3a9716fd96d826adab7306db0356fc335f3d4,301,cecd43faae5982fac9635fab4c2e08974e75b4b0fd489143ce6af21aff2b4994
9fd18bf1723ec10a599d5745e1820ec59376ecc99593833551410dfb006f6775,301,cecd43faae5982fac9635fab4c2e08974e75b4b0fd489143ce6af21aff2b4994
a02aaa4a7b74a9d7171241762ce723f8d5c607f2e86effa10ef5a20557c8030b,301,cecd43faae5982fac9635fab4c2e08974e75b4b0fd489143ce6af21aff2b4994
a0ca30613deca2b698cdea0555279b5d67e7e03a04b2506beae6a908e25c70ad,301,cecd43faae5982fac9635fab4c2e08974e75b4b0fd489143ce6af21aff2b4994
a153f956bf3f678d7b17b2a993ad0e9d7ed49b675f5e33fba80fceaaa0bb36b0,301,cecd43faae5982fac9635fab4c2e08974e75b4b0fd489143ce6af21aff2b4994
a3ccd40acb155cea3c42d690c75067c92aa4c7a07437872d86df1ce2601a0e26,301,cecd43faae5982fac9635fab4c2e08974e75b4b0fd489143ce6af21aff2b4994
a3f1f6e5ff8912b1cca8037456d65bbc714736f528eecf81ee1de749569fcd8e,301,cecd43faae5982fac9635fab4c2e08974e75b4b0fd489143ce6af21aff2b4994
a4b08091c2cfcc920e187b035ba57997cace791d4f607d80764ab990cc884ca6,301,cecd43faae5982fac9635fab4c2e08974e75b4b0fd489143ce6af21aff2b4994
a53bb2212f0db5f037a2de4eee8d6b98c3f425804e278bd87e7b9d4ac2afeda0,301,cecd43faae5982fac9635fab4c2e08974e75b4b0fd489143ce6af21aff2b4994
a5d2ea3f8a677b6c38e002a7f8f36347c241cdf214a4fba244b77a0a144b8180,301,cecd43faae5982fac9635fab4c2e08974e75b4b0fd489143ce6af21aff2b4994
a69011cff094c2e036dd5d6f525eed505fba3bac1c77d231eea6444dd8938615,301,cecd43faae5982fac9635fab4c2e08974e75b4b0fd489143ce6af21aff2b4994
a7c737dcbd04a15530f50c2562e7e3e1dc6ec3c535ca777c2536c933dd4816cc,301,cecd43faae5982fac9635fab4c2e08974e75b4b0fd489143ce6af21aff2b4994
a8c4b9acbb66f7221305e57fc2a3d9a59e3859b8890e01efe63f82cafd199e95,301,cecd43faae5982fac9635fab4c2e08974e75b4b0fd489143ce6af21aff2b4994
a951a3ea26cb63e745a115b51f4a0a6520f5cdd62b0c876f215c168ac82db76c,301,cecd43faae5982fac9635fab4c2e08974e75b4b0fd489143ce6af21aff2b4994
a9c57cc379405ce510a6c54ae387596fbc41e10cee0b4a6c79bbf90b7a43c1d8,301,cecd43faae5982fac9635fab4c2e08974e75b4b0fd489143ce6af21aff2b4994
ac2c541340f19d97c076f48f4dbd106ed2e020a5e6f1911f65cc300d9e82a6f3,301,cecd43faae5982fac9635fab4c2e08974e75b4b0fd489143ce6af21aff2b4994
ac54b07528f022821ff4e196818fa730702f446b67ec90837399c4eb4ebf2b4b,301,cecd43faae5982fac9635fab4c2e08974e75b4b0fd489143ce6af21aff2b4994
acc4d392de0f42c6fa2c7e96320ef67fd2f80b8e60e249e2f4dbed8eb0d8ceec,301,cecd43faae5982fac9635fab4c2e08974e75b4b0fd489143ce6af21aff2b4994
ae73365e66d015046a6b8e6e7050b79adb28b22cca7906ccd897f4fc0bb4b14a,301,cecd43faae5982fac9635fab4c2e08974e75b4b0fd489143ce6af21aff2b4994
b0282aa7d0e3600e01c5a2257c9cba2fec63134270e7504e83fab13f7f242274,301,cecd43faae5982fac9635fab4c2e08974e75b4b0fd489143ce6af21aff2b4994
b032ec99803c437d34f520d065dd5bdbf4d2d86f861cb7090e0f15b3f39fb693,301,cecd43faae5982fac9635fab4c2e08974e75b4b0fd489143ce6af21aff2b4994
b2ca0877ffac3f06f74f66ee2d7272aa1bc7b1534b18233e48d8433352f2048f,301,cecd43faae5982fac9635fab4c2e08974e75b4b0fd489143ce6af21aff2b4994
b34ae31be82f5b35a79a497fe99db17aa5c6d95a1ac1501fbafa7cb08c74619b,301,cecd43faae5982fac9635fab4c2e08974e75b4b0fd489143ce6af21aff2b4994
b5446580def1c9b96342ad6ef70a9d2eaca772243dd207ca3d718487b1a0f50c,301,cecd43faae5982fac9635fab4c2e08974e75b4b0fd489143ce6af21aff2b4994
b592593993fe91376f4c13dd41f9e0f7104e5a6b4e9d5ba24855cb408dd6dc55,301,cecd43faae5982fac9635fab4c2e08974e75b4b0fd489143ce6af21aff2b4994
b6993ef166d4e5ad9243537bc1fe18bcc3e291baa7d5042912c6e0139ae10873,301,cecd43faae5982fac9635fab4c2e08974e75b4b0fd489143ce6af21aff2b4994
b72ea3f86d6b1c198e638391812c0872664951376602920f2e0cd912b2c9381b,301,cecd43faae5982fac9635fab4c2e08974e75b4b0fd489143ce6af21aff2b4994
b761a86ab7620e2f22b1cf518383962dd8ee7c9dbb846ef951aec93f08474956,301,cecd43faae5982fac9635fab4c2e08974e75b4b0fd489143ce6af21aff2b4994
b78b07529ab43adee154aec6c4efb2a7d68fae743fa6ee020f1818fd808f43d4,301,cecd43faae5982fac9635fab4c2e08974e75b4b0fd489143ce6af21aff2b4994
b87576e3cd53a086c012e513e6a1255902866a207446b3ffe889a352f472b9e9,301,cecd43faae5982fac9635fab4c2e08974e75b4b0fd489143ce6af21aff2b4994
baefe580cc470aee0d33a3c04847acbba64b3da24e6b2efd6e0c07451521567c,301,cecd43faae5982fac9635fab4c2e08974e75b4b0fd489143ce6af21aff2b4994
bbad17e2375a9ae8bea8531911a0fc7059db2af1e0f5e3f308fb5ac5a5b73e5e,301,cecd43faae5982fac9635fab4c2e08974e75b4b0fd489143ce6af21aff2b4994
bea5da8fdd4d09c99411234be84ef80ac5953120d42ca8822f6223ad566d4728,301,cecd43faae5982fac9635fab4c2e08974e75b4b0fd489143ce6af21aff2b4994
bf9d8596afff8202979a4ce36aa6b88eaf2e861fce260afb753ac91001b98cb5,301,cecd43faae5982fac9635fab4c2e08974e75b4b0fd489143ce6af21aff2b4994
c13cdb804b0481274917af53db4a7c17a926a67f324e8eeec5c6d0cc578e15c9,301,cecd43faae5982fac9635fab4c2e08974e75b4b0fd489143ce6af21aff2b4994
c147f43641ac24d41757e64ca6adba8f7650331b8d167c8b33669bf483f3bb22,301,cecd43faae5982fac9635fab4c2e08974e75b4b0fd489143ce6af21aff2b4994
c253a829861894d3625182d967afaa0e6cd6149d24e52a8e0f8d3244da62ae09,301,cecd43faae5982fac9635fab4c2e08974e75b4b0fd489143ce6af21aff2b4994
c25ef9f3ff2686541080c600024d5c1c05aa68ba82d5a61273f60efe3f600689,301,cecd43faae5982fac9635fab4c2e08974e75b4b0fd489143ce6af21aff2b4994
c2f5aa5e4de634c6301dc9bd7ce98f07df8f268530d7a48dc820666a0d16fbea,301,cecd43faae5982fac9635fab4c2e08974e75b4b0fd489143ce6af21aff2b4994
c37f5703693f948ab4a90ee2ffa941f2ccb486905db08b05a1f569bc52427baf,301,cecd43faae5982fac9635fab4c2e08974e75b4b0fd489143ce6af21aff2b4994
c660cdfbdecffea0a5f118c77296f4affda3e68edfe6df159c43dca3e8aaf6cf,301,cecd43faae5982fac9635fab4c2e08974e75b4b0fd489143ce6af21aff2b4994
c77a590ae3fad1b201a82bbc9f1d597f168be2fc4847d7340d86ee569778eebe,301,cecd43faae5982fac9635fab4c2e08974e75b4b0fd489143ce6af21aff2b4994
c8559843e1131d31d9d87ab8b388b8425a09c167cdb329e07de3b144a6ae3b31,301,cecd43faae5982fac9635fab4c2e08974e75b4b0fd489143ce6af21aff2b4994
c8da3ca1126a2ad866b848cab0ec179811dbd99b11127f96ba1293218418cebd,301,cecd43faae5982fac9635fab4c2e08974e75b4b0fd489143ce6af21aff2b4994
c9a97aad42256476b81831adf071d94cc9cffb931f576056e9bed8fc57fa4864,301,cecd43faae5982fac9635fab4c2e08974e75b4b0fd489143ce6af21aff2b4994
cb154c50ca7791c40bb37ec77e6374d0bba6704564ab898d1e1a2562aa51daf0,301,cecd43faae5982fac9635fab4c2e08974e75b4b0fd489143ce6af21aff2b4994
cc261764b3cc663dacbf2e3fa1304594bb850fece01a0a0eede64b3ab9bf1551,301,cecd43faae5982fac9635fab4c2e08974e75b4b0fd489143ce6af21aff2b4994
cc8ada7d73bc87a00423ba0c18dbdd12342199019b3b22084db2eebe6674f440,301,cecd43faae5982fac9635fab4c2e08974e75b4b0fd489143ce6af21aff2b4994
cd210bf6f8b5f54b9e892f123538b0d96d9ed915cd6ea2b3074506db8be3c9c5,301,cecd43faae5982fac9635fab4c2e08974e75b4b0fd489143ce6af21aff2b4994
ce4e77a89b838f3080db72ede7cb44beb5976ec5118670ca38e0e4f1521aefa8,301,cecd43faae5982fac9635fab4c2e08974e75b4b0fd489143ce6af21aff2b4994
d01a1e3978325082021a9f73519d0ea3e88b50d4f6a2f87ab9689d3316a24e76,301,cecd43faae5982fac9635fab4c2e08974e75b4b0fd489143ce6af21aff2b4994
d0cd3fe50c1df3f865090a84fceb09c12fe69d93aa59d20cfcd7a305d611f3f8,301,cecd43faae5982fac9635fab4c2e08974e75b4b0fd489143ce6af21aff2b4994
d14e3344b12c6cd8fda01dd95ad4adfdf096898bc0b86656d533ce810cd06509,301,cecd43faae5982fac9635fab4c2e08974e75b4b0fd489143ce6af21aff2b4994
d4d642fef84c581645e153207bdc6be2ecfc97cbea7e94bfb0ea20841538e21d,301,cecd43faae5982fac9635fab4c2e08974e75b4b0fd489143ce6af21aff2b4994
d59d1f5548e9f782040233a9845fc463e078f13a94409903887e106aa9a3a778,301,cecd43faae5982fac9635fab4c2e08974e75b4b0fd489143ce6af21aff2b4994
d5bc8b31a5f14401f02b6e56d6cd969a2a6823541544de7b1af2dccf21541261,301,cecd43faae5982fac9635fab4c2e08974e75b4b0fd489143ce6af21aff2b4994
d5d4d2b5d685f7c0f4c0b0a14578fb69a86587f327f2c9d33930d65c7d8db4ef,301,cecd43faae5982fac9635fab4c2e08974e75b4b0fd489143ce6af21aff2b4994
d68b02f69a291c23e9fedb4a722c816f0d0fa29aa4bec741697af354f777e493,301,cecd43faae5982fac9635fab4c2e08974e75b4b0fd489143ce6af21aff2b4994
d70e7833fdf37505b1ce6753c69a0d6ca134eab970d0cfbc117c86daaf20fdf2,301,cecd43faae5982fac9635fab4c2e08974e75b4b0fd489143ce6af21aff2b4994
d776a79a99fe7775b5f6a72ba1df4d88cbdcc72e9d0482407b43d002877782e9,301,cecd43faae5982fac9635fab4c2e08974e75b4b0fd489143ce6af21aff2b4994
d860491faf2b591ce4241e6c81fdfc142d5721a6078db0774cec98efe1204288,301,cecd43faae5982fac9635fab4c2e08974e75b4b0fd489143ce6af21aff2b4994
d92bc1ea4fb1f6c1ac95d8725e47ff19ad90962d3f8ea6249e76a2e48f322434,301,cecd43faae5982fac9635fab4c2e08974e75b4b0fd489143ce6af21aff2b4994
dbc3bc1874e48a4f2bdcf8c70ffba4e1ac6c3dd61ef3e083b4c1b6a8c81724cf,301,cecd43faae5982fac9635fab4c2e08974e75b4b0fd489143ce6af21aff2b4994
dbdf981bf0876fb5734c7606492e60a673f67258570dbebc30575581783eec42,301,cecd43faae5982fac9635fab4c2e08974e75b4b0fd489143ce6af21aff2b4994
dc919280b972e531e0050cc8fea2e6282428cda0990672b3e7d2339768b1c9f9,301,cecd43faae5982fac9635fab4c2e08974e75b4b0fd489143ce6af21aff2b4994
dd3f9009ff68994f7d630ab7e9ac1f3aa35f610ab581c6487a01a3647ec2e2d1,301,cecd43faae5982fac9635fab4c2e08974e75b4b0fd489143ce6af21aff2b4994
dd96b3ea9b8104ed4baa89eaca6076b85e02f8c835e184624128e17a4a39854c,301,cecd43faae5982fac9635fab4c2e08974e75b4b0fd489143ce6af21aff2b4994
def807a666ecdf7f42f597d5c4ea57f11220d8c6823e3dc588d42373eb8519bb,301,cecd43faae5982fac9635fab4c2e08974e75b4b0fd489143ce6af21aff2b4994
e05fe7d658f697603edac6748c6a7c711182c1daa7d4f2b24dd48b9275ab3787,301,cecd43faae5982fac9635fab4c2e08974e75b4b0fd489143ce6af21aff2b4994
e1fd03a0f5b3d13ee5485e6849aa92473843e1343ab6c158884876f2addc6bad,301,cecd43faae5982fac9635fab4c2e08974e75b4b0fd489143ce6af21aff2b4994
e21f1d6735581efccf0a7466323f71e96e16a1736befa37ceed8638d5ce4708b,301,cecd43faae5982fac9635fab4c2e08974e75b4b0fd489143ce6af21aff2b4994
e30417d2ebfcbe97f7fb87e26c73a5212607312dc9932d7608e7b84e655677ed,301,cecd43faae5982fac9635fab4c2e08974e75b4b0fd489143ce6af21aff2b4994
e3397bbc80c086841f50c783872897a127b493cb134b84c0b4375d24b792e14b,301,cecd43faae5982fac9635fab4c2e08974e75b4b0fd489143ce6af21aff2b4994
e3495ec7058afe5ca009eb0458601ffabb346c0ba78d2cd0f0c13fb28dd3a403,301,cecd43faae5982fac9635fab4c2e08974e75b4b0fd489143ce6af21aff2b4994
e3d562dff14e24cda76c401ab6e8b240e05b6693cf4755402ab3eaba5b21dc8a,301,cecd43faae5982fac9635fab4c2e08974e75b4b0fd489143ce6af21aff2b4994
e43ffd504cd61df8ece597b9444c358602b89b49173096eda6ae4ce808b885de,301,cecd43faae5982fac9635fab4c2e08974e75b4b0fd489143ce6af21aff2b4994
e4c9354dad8f4b57ee9d42da6672d7fda64b0148e925129f5c5e2410ddfd0451,301,cecd43faae5982fac9635fab4c2e08974e75b4b0fd489143ce6af21aff2b4994
e4f642a0647a8dff093dccc6de3a60a74a07d671f0ce8f218fe5ac61a6ea524b,301,cecd43faae5982fac9635fab4c2e08974e75b4b0fd489143ce6af21aff2b4994
e64d15cbbbf011285dca68549fba0f24327a547a9e2b26e6955596e37048bbeb,301,cecd43faae5982fac9635fab4c2e08974e75b4b0fd489143ce6af21aff2b4994
e89bd85957608bc5c4d9ddbd69fabf6b626f2194dafd85779b72e727fab677ff,301,cecd43faae5982fac9635fab4c2e08974e75b4b0fd489143ce6af21aff2b4994
e8b9d7bb63ce7e93b80401ba7b4cb3a3fba4896b1db5ceb0fd2d2352ce278e67,301,cecd43faae5982fac9635fab4c2e08974e75b4b0fd489143ce6af21aff2b4994
e931b893f67808fd9f48213fd83b73e748d86d192022861369b0e790fe052bd9,301,cecd43faae5982fac9635fab4c2e08974e75b4b0fd489143ce6af21aff2b4994
e95d05a862118203b48f97ad9fffdc5ff1dea497b6a1874b52c57d6001dbd16a,301,cecd43faae5982fac9635fab4c2e08974e75b4b0fd489143ce6af21aff2b4994
e9d0fe492495a7e52ae8e7558d263c0dc9fdce9b22e60f85b731364d33c674a9,301,cecd43faae5982fac9635fab4c2e08974e75b4b0fd489143ce6af21aff2b4994
eac0c79267fedc6e948a28d6d9dcf7752549bf73b1137fd081bc5be928ccf3b4,301,cecd43faae5982fac9635fab4c2e08974e75b4b0fd489143ce6af21aff2b4994
eda4483e6f27d1a4169c606ba41556b77911f64775f814b121f8ea23967d02fd,301,cecd43faae5982fac9635fab4c2e08974e75b4b0fd489143ce6af21aff2b4994
f06ff6001a54b7626dc0170a9edce343d858be1ab1346b948c0a32310cc2c7b9,301,cecd43faae5982fac9635fab4c2e08974e75b4b0fd489143ce6af21aff2b4994
f0c8c3f5892e4c97a1f994db6a51bcaaab1966bb90e7b25b584ca0de6194edbf,301,cecd43faae5982fac9635fab4c2e08974e75b4b0fd489143ce6af21aff2b4994
f33b3065558a08a9919cc47ad90fe7f746c10e173f498a17bdc6c2bb0e08cd98,301,cecd43faae5982fac9635fab4c2e08974e75b4b0fd489143ce6af21aff2b4994
f3a8133498d17799ab5e6c82b28bbe583a1d3ef5946582dc1a6c96e77e489199,301,cecd43faae5982fac9635fab4c2e08974e75b4b0fd489143ce6af21aff2b4994
f3cc6c2d4971653ea2fdb2e0fe1fcbcea44092076597b187250fc652ff82c214,301,cecd43faae5982fac9635fab4c2e08974e75b4b0fd489143ce6af21aff2b4994
f44d4283de385baaedd629c40f1f0f9b68c55ae25e66194a55990be848dc8ec5,301,cecd43faae5982fac9635fab4c2e08974e75b4b0fd489143ce6af21aff2b4994
f44f2d5cce7d34dd270456d15a20c214ccf57397dddf2f44754102e1354e7cff,301,cecd43faae5982fac9635fab4c2e08974e75b4b0fd489143ce6af21aff2b4994
f6097956f81e75a7b5632144411d438c4f01c97298ba42498923a973451dcb47,301,cecd43faae5982fac9635fab4c2e08974e75b4b0fd489143ce6af21aff2b4994
f7e37f587f315941d7d748682011c7aa91ac401208a66a2b39f5ce80b39db41a,301,cecd43faae5982fac9635fab4c2e08974e75b4b0fd489143ce6af21aff2b4994
f8cb84c2012e97e473baefb62d9521ef5784e17b2f8fe9b999f673c1b059b4d3,301,cecd43faae5982fac9635fab4c2e08974e75b4b0fd489143ce6af21aff2b4994
f9f1442f020ae766c538cacfeac61347d630b01c0280a0293d0e34b08a7b0fe4,301,cecd43faae5982fac9635fab4c2e08974e75b4b0fd489143ce6af21aff2b4994
fa971146c0eb8914fe5b349de3f284bf5a522375079f5c2352f6829366ab1156,301,cecd43faae5982fac9635fab4c2e08974e75b4b0fd489143ce6af21aff2b4994
fac3f0fc29435931e39460631394a775ef66f01c1b71eceee65211ea64a327a9,301,cecd43faae5982fac9635fab4c2e08974e75b4b0fd489143ce6af21aff2b4994
fbbeabcfcdb15205ba8240cda093c850a23b4879e29eea19a30cdfd97d2974e1,301,cecd43faae5982fac9635fab4c2e08974e75b4b0fd489143ce6af21aff2b4994
fc71fd30afa97ec3edc1908049e67bc119efebafb5c34b2ee03051511587cbba,301,cecd43faae5982fac9635fab4c2e08974e75b4b0fd489143ce6af21aff2b4994
fcfacf79fe53d4437f85f5501d64d64c294efeab2549717fc3e47467ab70f581,301,cecd43faae5982fac9635fab4c2e08974e75b4b0fd489143ce6af21aff2b4994
ffb08004aad0e77073562385623c66af912e88f9fe78abcb0860b4c99736360f,301,cecd43faae5982fac9635fab4c2e08974e75b4b0fd489143ce6af21aff2b4994
