resource,bytes,organisations,endpoints,start-date,end-date
00e26b18cb7e3ab7acf78d3b7bdaf53bbfa3939642de75085bd8190bc98d8de9,167265,local-authority-eng:LND,8ef7c6547386b2330e06d93ba3f5e65cbb21edc4943bbc566203419198a1866b,2021-04-29,2021-04-29
019fcc8550e28033f94a1244c0fd25252bdbe7d35266f203cfc54d8464aaf2c5,167265,local-authority-eng:LND,8ef7c6547386b2330e06d93ba3f5e65cbb21edc4943bbc566203419198a1866b,2021-06-08,2021-06-08
01b25948e91b6a44187f30dff0bd9680869aec52dd4a22abcca40679bb12d4ad,167265,local-authority-eng:LND,8ef7c6547386b2330e06d93ba3f5e65cbb21edc4943bbc566203419198a1866b,2021-02-26,2021-02-26
025c4c5bcc2d4f0a91ff4d90258a2655a6a21c2ea9d025556516d2fa2f7e5d83,412005,local-authority-eng:PUR,a4197adbefe3deb8f96bff4ba356a4c98e093983240fe8e913481d6bbcf3d9db,2020-09-05,
02ae991aaa98bf2f2e2f2d7c9a13f704dcb111e711ca41b1a419c1c773d723ba,167265,local-authority-eng:LND,8ef7c6547386b2330e06d93ba3f5e65cbb21edc4943bbc566203419198a1866b,2021-06-09,2021-06-09
041560991f8c2e27de78b0e49e9e9f2282879bdad6564681568d5ddd2bd4de33,63021,local-authority-eng:SHN,985c16bc25453fd0649f2e03b4901ee882fd008b06d25cd2ed2f2272e8bc8990,2020-09-14,
043fd72cc71429aad3fffa1a42a75d0c063f5946f5de88a65eb4bc9a71bfb54e,3416982,local-authority-eng:NGM,813908b12b2b7e092e32e0c2ed7ae928add989c27ceeaac271caffea9ae7b8d1,2020-09-05,
0489cb5b2c010e4856022444323325a96af887d33884542f06e51811b112c053,167265,local-authority-eng:LND,8ef7c6547386b2330e06d93ba3f5e65cbb21edc4943bbc566203419198a1866b,2020-12-26,2020-12-28
057200ffe50cf5fca087e66547e037d84101a49b167058f432458477a232b603,167265,local-authority-eng:LND,8ef7c6547386b2330e06d93ba3f5e65cbb21edc4943bbc566203419198a1866b,2021-03-30,2021-03-30
0610f340d46a93765f9411ed0dd6017e818795e13ce9e74c1963bc177740420c,167265,local-authority-eng:LND,8ef7c6547386b2330e06d93ba3f5e65cbb21edc4943bbc566203419198a1866b,2021-03-16,2021-03-16
07b84eadda99567f835a1f5919bd0a2ab48291932ad7cfaae33032ffb48744b3,1352256,local-authority-eng:SOX,d74730ad1ef0a9baefea7d86e5175c81752896a5cdaf2e28b88027dce9b27317,2020-09-05,
07d9aaa045e3446428fb6e1fd004f7c3c57fad4ac43a442ca1fd7c644a7548f9,167265,local-authority-eng:LND,8ef7c6547386b2330e06d93ba3f5e65cbb21edc4943bbc566203419198a1866b,2021-04-17,2021-04-19
081ddbc3998fb5ab94abb899c02d8e3d027fab2a042fd6ae3462ef2279a87392,167265,local-authority-eng:LND,8ef7c6547386b2330e06d93ba3f5e65cbb21edc4943bbc566203419198a1866b,2021-05-29,2021-05-31
08e43ee8ea7b8fd26e30172434d42db81a0e6da64e1ec9403b9512974f4edbbc,606721,local-authority-eng:YOR,c89258d2677ecee8125a4258ebc3d7cc794d21bd626a33c5ef05312e5e92ce29,2021-01-10,2021-01-11
08fbb782cc005066ce927d643cfd0300769648c98e15208300ac52555b0b9f92,1631707,national-park-authority:Q72617988,d9f930af09cef73df4db5745d5555afb5b02f51c4818bd97e804b349f8f3ba4e,2020-09-08,
09cb9825f51729e48681802781d6794953bcd0b9080ae5ef8b383321c065bfee,167265,local-authority-eng:LND,8ef7c6547386b2330e06d93ba3f5e65cbb21edc4943bbc566203419198a1866b,2021-05-15,2021-05-17
0b4284077da580a6daea59ee2227f9c7c55a9a45d57ef470d82418a4391ddf9a,362420,local-authority-eng:MAL,f1c0048a9dbf0c716bfdbaba9e4da19870a59d95507aaa046824fcba01064a25,2020-09-14,
0bbbd7d9fa403ba1fe931066753b93d27f1b3c71fea0d789df87da28717ea865,167265,local-authority-eng:LND,8ef7c6547386b2330e06d93ba3f5e65cbb21edc4943bbc566203419198a1866b,2020-11-13,2020-11-13
1306f997a83a8d7f4cb1b6cd99133264446b406bda148991f7dc4237c54d1b65,167265,local-authority-eng:LND,8ef7c6547386b2330e06d93ba3f5e65cbb21edc4943bbc566203419198a1866b,2021-01-05,2021-01-05
13a8521896fabda311ebcc65b49d9baec4628df1fcf0742a8dcbddb23022b9e0,167265,local-authority-eng:LND,8ef7c6547386b2330e06d93ba3f5e65cbb21edc4943bbc566203419198a1866b,2021-05-07,2021-05-07
13cdf05acfbb5ef5155b98e07350f36a2f51bfc0abd8c94be56b954441b8c828,81210,local-authority-eng:KWL,b9613a49ae549aefc90774f71cda0c99c11814f5d3b7c5da6ade6b2893b277b6,2020-09-07,2021-04-01
142208963c0ae0bfaf9630180e9a11e10a399fef70f5956fb9d10f39f85c4b84,167260,local-authority-eng:LND,8ef7c6547386b2330e06d93ba3f5e65cbb21edc4943bbc566203419198a1866b,2020-09-06,2020-09-07
14f54fffbb9e63d0a4cea945758520e922da3714c1b3256286901de0d7afb3b0,606376,local-authority-eng:YOR,c89258d2677ecee8125a4258ebc3d7cc794d21bd626a33c5ef05312e5e92ce29,2021-05-04,2021-05-04
14fa1661546b727c624a3112cfa8e586872290032723ddadf0ea7fd92e109437,167265,local-authority-eng:LND,8ef7c6547386b2330e06d93ba3f5e65cbb21edc4943bbc566203419198a1866b,2021-04-16,2021-04-16
15e3eccd87b70df4db2f9b723aaabff7c1468ee13b40b2be20b64abea50c4af2,167265,local-authority-eng:LND,8ef7c6547386b2330e06d93ba3f5e65cbb21edc4943bbc566203419198a1866b,2021-06-03,2021-06-03
160340ea7b17d4041af45f4c4896e79808f0eeb92213dc554688e58b576184e4,606721,local-authority-eng:YOR,c89258d2677ecee8125a4258ebc3d7cc794d21bd626a33c5ef05312e5e92ce29,2020-12-31,2020-12-31
165a8e0559ee4d84e414d5358c26afe06ed6bd2d40993803a6c0284fc11ec3d3,314709,local-authority-eng:BOL,497ff12e5e4ff3aeef32e70159343a218fa721ac494eb3eb3428b19cb6187e22,2020-09-05,
16834877d3e018e6a80a4ac1bca991bcb855e2b72d965d05a751e5df7fbd00b2,606374,local-authority-eng:YOR,c89258d2677ecee8125a4258ebc3d7cc794d21bd626a33c5ef05312e5e92ce29,2021-05-26,2021-05-26
16bee450f8dda9a2069b545208f954b215d9157dc3a85e8bb0b4422d05247c70,167265,local-authority-eng:LND,8ef7c6547386b2330e06d93ba3f5e65cbb21edc4943bbc566203419198a1866b,2020-10-12,2020-10-12
16dbd2b0cabc5b8157e414292f9fbf341d2a63ef134ac0722c834dbc9b3c74d2,606720,local-authority-eng:YOR,c89258d2677ecee8125a4258ebc3d7cc794d21bd626a33c5ef05312e5e92ce29,2021-01-15,2021-01-15
17934a9db4021f3877b28ae80f03414d78fb56352f38c1ab2afeed8006ecaae6,502377,local-authority-eng:BOS,79c8d68e7c08230c990410038451d84f11566963510e8c364a3e9966ac6a1cb8,2020-09-06,
1894052f8e1e1a838f8fcd4f5dd4e5a3accfc15a87e75bc4c81a0ee37d1160b3,606721,local-authority-eng:YOR,c89258d2677ecee8125a4258ebc3d7cc794d21bd626a33c5ef05312e5e92ce29,2021-01-27,2021-01-27
1920bc095ba2fef8ca01917dd6696668ae7b99b5a70a91625d7942aa1f029be5,167265,local-authority-eng:LND,8ef7c6547386b2330e06d93ba3f5e65cbb21edc4943bbc566203419198a1866b,2021-02-06,2021-02-12
19636239be006423449df7e6072bc5356eeaaab9de4785a8053ff871a5e53bde,167265,local-authority-eng:LND,8ef7c6547386b2330e06d93ba3f5e65cbb21edc4943bbc566203419198a1866b,2021-01-22,2021-01-22
198a5e49f7a6f8ed17d792c0267c333ca2e3f08b6a6d6cc40ed91dd38c14663b,256886,local-authority-eng:LCE,e16847d72fae8c0561a5093e1aa8f98ee64070746b682928e906c75ae9fa3671,2020-09-06,
198cdb422a3c0b1de601813a1d7936f1cfc7e77ce84bd748b471c70800f4cf68,606375,local-authority-eng:YOR,c89258d2677ecee8125a4258ebc3d7cc794d21bd626a33c5ef05312e5e92ce29,2021-05-03,2021-05-03
1bdeb3a8476bb9c6ec5964e834d575c9a8c5a3b36073d6cce8675b9ac7183b0e,167265,local-authority-eng:LND,8ef7c6547386b2330e06d93ba3f5e65cbb21edc4943bbc566203419198a1866b,2021-03-24,2021-03-24
1c127d5dcb6cf39b65b1212f51e21c3f41d32e00c8933f03bb6ce54795b99d9d,167265,local-authority-eng:LND,8ef7c6547386b2330e06d93ba3f5e65cbb21edc4943bbc566203419198a1866b,2021-03-10,2021-03-10
1d309804ab44e69e3d15a640e03ef344e2e320d8b0b77de39bb01d7bc7cf9d74,606721,local-authority-eng:YOR,c89258d2677ecee8125a4258ebc3d7cc794d21bd626a33c5ef05312e5e92ce29,2020-11-21,2020-11-27
1eb168a7b080c36e8d4fe76ca9c7ad289dafab2bf9dff9171e5dee013b3ce1e2,1481296,local-authority-eng:SNR,c12b7a839854363d0992dd250014caf44f6bddd0cc8eb3836f02925b048b4575,2020-09-06,2020-09-17
1ee42cdabb3d317f243dcd6cb14da53092083ed9a87c863eab49662b23591999,117270,local-authority-eng:SEG,1e54db15e6aacb60345575ec20d558851d722a4711bb20b324ccb7cbffd1afa9,2020-09-11,
1f9c28b65fc71a60d710975735b09ec2372168127e9874fe6a9c8e41fb8be059,167265,local-authority-eng:LND,8ef7c6547386b2330e06d93ba3f5e65cbb21edc4943bbc566203419198a1866b,2020-12-15,2020-12-15
20341a00564e5daa9a5844addc067d7357c078a870b9c0c9409f9a138d8710f0,167265,local-authority-eng:LND,8ef7c6547386b2330e06d93ba3f5e65cbb21edc4943bbc566203419198a1866b,2021-04-22,2021-04-22
231be1c21423db0c0deccd1327c4a5161f6c822ee29b4059de0d49977f8f78f1,167265,local-authority-eng:LND,8ef7c6547386b2330e06d93ba3f5e65cbb21edc4943bbc566203419198a1866b,2021-04-06,2021-04-06
23bf0a64a5f195fd07009f75e7fc28b82d93aa293299f251635aaa40cfdd92aa,167265,local-authority-eng:LND,8ef7c6547386b2330e06d93ba3f5e65cbb21edc4943bbc566203419198a1866b,2020-12-17,2020-12-17
24266e1422e22c0e373fb37d5bbaf8ae264b0b4fad01d0a72dffdc750243da71,606721,local-authority-eng:YOR,c89258d2677ecee8125a4258ebc3d7cc794d21bd626a33c5ef05312e5e92ce29,2020-11-19,2020-11-20
245200048949af8623c31527831329f86f337c07ff12669c48cbd1e2115f6abe,167265,local-authority-eng:LND,8ef7c6547386b2330e06d93ba3f5e65cbb21edc4943bbc566203419198a1866b,2021-03-05,2021-03-05
2591f78af30f1fcc3c0304c1b1a133ea76d0c61a36841b2dcffab6f5fc7b7f13,167265,local-authority-eng:LND,8ef7c6547386b2330e06d93ba3f5e65cbb21edc4943bbc566203419198a1866b,2021-05-14,2021-05-14
267b98c4539b0eb607324dabe79b6757544847972b5facedd9c88ef418dd4e81,828341,local-authority-eng:SHF,8ddf05d55c4b353a5f08b62dd3f146ea022e85271e7ccd696024142d01a28fff,2021-02-05,2021-02-15
279196686f2d943730096bb1f9bf676ea7a28461056011bbe0868d9cd6c1d695,167265,local-authority-eng:LND,8ef7c6547386b2330e06d93ba3f5e65cbb21edc4943bbc566203419198a1866b,2021-05-08,2021-05-10
27c0117c48a90da17ea0923367556ee0551889ea7db90c2fbbacee1d73d4a4a3,167265,local-authority-eng:LND,8ef7c6547386b2330e06d93ba3f5e65cbb21edc4943bbc566203419198a1866b,2021-03-13,2021-03-15
289ba18eaa6040f3f00d515fe5d0b6c8d0efa94ea4e069ecb8eb7a09013832a3,275731,local-authority-eng:KET,5d141ba07b62c506302430c5ceaa4468c8579538752f7f261ab10fb229f8c4df,2020-09-06,
292ababefd38db91e5f0a1c766db1a6fd1e004b49b399ba5af18c2d6fdb238d9,343191,local-authority-eng:WNM,5f4c5116955fcf2d4398988c3edfcd12175cd371f9bacb9f90a3129386b204c4,2020-09-08,
2d417ac147e262bd78236b0b62fbcfd9e1ba351151a4d19dbf0c5b0d1df1500b,167260,local-authority-eng:LND,8ef7c6547386b2330e06d93ba3f5e65cbb21edc4943bbc566203419198a1866b,2020-09-17,2020-09-17
2dd4ae5e5703701db8dce75887fd6a9006de5058f11ce5a6c707ca962df755ce,256681,local-authority-eng:NOW,6db7a78f1a3681ff82dd14e7abe1391169575d1df7660902afbbc10cec67b202,2020-09-05,
2dfae09ccccdac6f32d29d4adceb68c3783d89310c3ea36d8e10eace1dc83105,167265,local-authority-eng:LND,8ef7c6547386b2330e06d93ba3f5e65cbb21edc4943bbc566203419198a1866b,2021-01-29,2021-01-29
2f2af662f24992e98a19cdd0ce6b198d16ca9ceb1d90e85d082bd6391604c2f9,606374,local-authority-eng:YOR,c89258d2677ecee8125a4258ebc3d7cc794d21bd626a33c5ef05312e5e92ce29,2021-02-08,
2f93bac6d19d0d7f9ab8d4274985120fd2fd27552fa415a3465d1f8341a8fde0,447882,local-authority-eng:CLD,12531744c36543206a5864c5084f9f03e5fbed3236c5b960ce8041db063a471f,2020-09-06,
302a0585afcc5e93995b06b644c47bcc63f7edf39e52eef6b72c8258c7abe6cf,606375,local-authority-eng:YOR,c89258d2677ecee8125a4258ebc3d7cc794d21bd626a33c5ef05312e5e92ce29,2021-05-28,2021-05-28
31140550168fdcaa545f05fc6387f9c52dff8ec1cb4b47cfe8ca04d30813f8d9,167265,local-authority-eng:LND,8ef7c6547386b2330e06d93ba3f5e65cbb21edc4943bbc566203419198a1866b,2021-04-23,2021-04-23
31ef72c931ce8e46d91f2815afa7e8a58f95bf96e85179ad71723bda8ce202a3,123010,local-authority-eng:OLD,ac19391810de7d9001f2c97fba43c3194c7d598b90277e47d8f5fa5a4babd491,2020-09-06,2020-12-21
324efa099efc199e132fb9c15d5a8f5ef7599b1abbbe41ba70904f1e36a9e555,167265,local-authority-eng:LND,8ef7c6547386b2330e06d93ba3f5e65cbb21edc4943bbc566203419198a1866b,2021-03-03,2021-03-03
3432961b1851bb90d0bf0ef73172cd14da4d3ffea3c000fc51dddc603a9c9569,606375,local-authority-eng:YOR,c89258d2677ecee8125a4258ebc3d7cc794d21bd626a33c5ef05312e5e92ce29,2021-04-07,2021-04-07
34bcd03c233731ad5bfecced7af097f5827e69a8c80912ff46d86b18a4e2a20f,167265,local-authority-eng:LND,8ef7c6547386b2330e06d93ba3f5e65cbb21edc4943bbc566203419198a1866b,2021-02-20,2021-02-22
37bc48917aef508d452f106e4939331eed9cc77bd20ed94c7a4e3260b864f0ed,606721,local-authority-eng:YOR,c89258d2677ecee8125a4258ebc3d7cc794d21bd626a33c5ef05312e5e92ce29,2020-09-23,2020-09-23
3afdec2973fab9463a3c590a9d988d55ea2beb85d4a522fb699e502842119c65,167265,local-authority-eng:LND,8ef7c6547386b2330e06d93ba3f5e65cbb21edc4943bbc566203419198a1866b,2021-04-07,2021-04-07
3d05ba817ba27b7f1217a6ad09f3a64666788d4cc8147aab331c78d3c89ae1f9,167265,local-authority-eng:LND,8ef7c6547386b2330e06d93ba3f5e65cbb21edc4943bbc566203419198a1866b,2021-01-30,2021-02-01
3d7ec4eab08a8a7e49a9b18782d7c0fc8f780f2edb1872ef94cc776cb4586635,606376,local-authority-eng:YOR,c89258d2677ecee8125a4258ebc3d7cc794d21bd626a33c5ef05312e5e92ce29,2021-02-14,2021-02-15
3de0160cda9039c139c973b021c3f17e15434311ed0eef14f89953bd01d68543,167265,local-authority-eng:LND,8ef7c6547386b2330e06d93ba3f5e65cbb21edc4943bbc566203419198a1866b,2020-11-18,2020-11-18
3e1d309f709e7237f217cf511c34071701a79463d8709e3ef5fc8ea0eeffc14e,167265,local-authority-eng:LND,8ef7c6547386b2330e06d93ba3f5e65cbb21edc4943bbc566203419198a1866b,2021-01-16,2021-01-18
3ef8fb5d278761ec52ea857bffa08161b0f65eb291a9eecdf66f1a1f383c65de,41676,local-authority-eng:GED,9352c2d696ba369c115ebeaa00900c036d91a4359157b7c9cee924b74c77a498,2020-09-15,
4004c08859913ceeae1d5816b4a3dc6db8ad86da771b8525825e14094a15f083,167265,local-authority-eng:LND,8ef7c6547386b2330e06d93ba3f5e65cbb21edc4943bbc566203419198a1866b,2020-12-18,2020-12-18
40326ce1793c17ec792d387f5107ceb26003269595e18c4c50c4869b619a128a,167265,local-authority-eng:LND,8ef7c6547386b2330e06d93ba3f5e65cbb21edc4943bbc566203419198a1866b,2021-05-12,2021-05-12
416ab83ed55ca9a77f6762d6ed27edd4dca1687f472c38a4cbc19dd3be815394,167265,local-authority-eng:LND,8ef7c6547386b2330e06d93ba3f5e65cbb21edc4943bbc566203419198a1866b,2020-11-17,2020-11-17
416b7154751fa0a9941517c79fb22527eda86a769c09074cd7fb0798bde07d0d,539,local-authority-eng:BOS;local-authority-eng:NED,5e15eba1bd113aa524840907df82132457c85491ceb2e448f5ffa42dff0a9c19;79c8d68e7c08230c990410038451d84f11566963510e8c364a3e9966ac6a1cb8,2021-03-31,2021-04-21
41dc84dd05e5c531e4def17c8f3301a70d2519b72f975c37e39455e51f0e7812,167265,local-authority-eng:LND,8ef7c6547386b2330e06d93ba3f5e65cbb21edc4943bbc566203419198a1866b,2021-01-13,2021-01-13
420de5ea5ce36d3a33bf6e7213d7179382c4014c5738f30d9a7f786c30ef27c3,3701416,local-authority-eng:CON,67422093e99d42433f269176d2c6beee1cddf899adea724752559e20d6528cf3,2020-09-04,2020-09-17
42326c42dbe03aefd19ae0006a6fbfa567165781072be35937235d16ecfaa576,606722,local-authority-eng:YOR,c89258d2677ecee8125a4258ebc3d7cc794d21bd626a33c5ef05312e5e92ce29,2020-12-26,2020-12-27
4276ddcbb9c3273cd7fc1b9717d8283ef92fd85ea288dde5c30310746144f2a3,606376,local-authority-eng:YOR,c89258d2677ecee8125a4258ebc3d7cc794d21bd626a33c5ef05312e5e92ce29,2021-02-10,2021-02-11
4471e3136b0970eac665b508719071026c85233ba907e1a97a43795f7ec62f2e,167265,local-authority-eng:LND,8ef7c6547386b2330e06d93ba3f5e65cbb21edc4943bbc566203419198a1866b,2021-01-01,2021-01-01
4d48ce2cf455830ef6567eec6f046dab4c52cbaf88b7111b5afc8d62cad30d3c,167265,local-authority-eng:LND,8ef7c6547386b2330e06d93ba3f5e65cbb21edc4943bbc566203419198a1866b,2020-12-22,2020-12-22
4f2ad65961745e293b2810f03cc72b31e81dcc917cad9a23f7319b21dc8d17dd,606375,local-authority-eng:YOR,c89258d2677ecee8125a4258ebc3d7cc794d21bd626a33c5ef05312e5e92ce29,2021-04-20,2021-04-21
506d4c50bc3c17b44d9c1f13f2f356616dd3ebfe310de579200c0faca263019e,606375,local-authority-eng:YOR,c89258d2677ecee8125a4258ebc3d7cc794d21bd626a33c5ef05312e5e92ce29,2021-05-15,2021-05-16
50a6dabf374a103cefb9d927fa51debf09d74e8d87ed7a632a72c78c87314304,606376,local-authority-eng:YOR,c89258d2677ecee8125a4258ebc3d7cc794d21bd626a33c5ef05312e5e92ce29,2021-06-10,2021-06-11
51358d220ecd64ed2530787c44ef71d4b5f72c8faf28f46229ee1c5db4c9f32b,600,local-authority-eng:NED;local-authority-eng:WOX,5e15eba1bd113aa524840907df82132457c85491ceb2e448f5ffa42dff0a9c19;e2c7984b3b5f32e6420e243fef483d4d37b307f2ad84f47cd22a8ebd53a94a57,2021-03-31,2021-04-21
51bbd207f449c446f4c7e83becd4732d1ae3b4dcb6671090abf448a999c5aa7b,606721,local-authority-eng:YOR,c89258d2677ecee8125a4258ebc3d7cc794d21bd626a33c5ef05312e5e92ce29,2020-10-12,2020-10-12
51d4a1d7c52858d473d55438be5172c83d8d3d33193dfb1e02a9e19a7515c5d6,167265,local-authority-eng:LND,8ef7c6547386b2330e06d93ba3f5e65cbb21edc4943bbc566203419198a1866b,2021-03-23,2021-03-23
520eb1ec8ae55095c54379152943d8c6cae0267c28488ccaa4d7786889d8daba,39303,local-authority-eng:HAL,f4415a266ba03cc5c71ab627967e794ce0b8ba4c5da00c79aacc40b55f6e7a93,2020-09-11,2020-10-12
5348894fc05e8fb40bb7598c8b42879e4bf7788a90277deaccfb16851876ab67,167265,local-authority-eng:LND,8ef7c6547386b2330e06d93ba3f5e65cbb21edc4943bbc566203419198a1866b,2020-12-02,2020-12-02
5404ed3fbb955cea0211b5a891eab59b3cdd8662bf4654d6a91af688439af22a,167265,local-authority-eng:LND,8ef7c6547386b2330e06d93ba3f5e65cbb21edc4943bbc566203419198a1866b,2021-03-06,2021-03-08
5448315fab8c4c2913171e8fb57a55608ceec24b4b919ac8143782c28f1f8893,167265,local-authority-eng:LND,8ef7c6547386b2330e06d93ba3f5e65cbb21edc4943bbc566203419198a1866b,2021-01-06,2021-01-06
5468a1fa203a33d66db683a041d182adf69f1f69e65c3493e0369e587061d661,606720,local-authority-eng:YOR,c89258d2677ecee8125a4258ebc3d7cc794d21bd626a33c5ef05312e5e92ce29,2020-09-06,2021-02-01
550ad9fc33987158738e9e884e8e0fec64eabad636b2f91c82b8208838a0183e,606721,local-authority-eng:YOR,c89258d2677ecee8125a4258ebc3d7cc794d21bd626a33c5ef05312e5e92ce29,2020-12-02,2020-12-02
55891ae31afcd73abad4109b73f17ae2961d016dda67021f8767b2470cbbced7,606375,local-authority-eng:YOR,c89258d2677ecee8125a4258ebc3d7cc794d21bd626a33c5ef05312e5e92ce29,2021-06-04,2021-06-04
56645ee4f6e3ee9252a322dfbc89624f0675ecbd123929c7807c4cd452447735,14960,local-authority-eng:BRC,f61dbbe82f62d287f0e116f1342d923d8e897336ffedc8e0133f7bbe292d9620,2020-09-14,
570c972363890f149f985d38d41481ec36cec3181d9b9b5525aca00ac0ce04ea,167265,local-authority-eng:LND,8ef7c6547386b2330e06d93ba3f5e65cbb21edc4943bbc566203419198a1866b,2021-04-24,2021-04-26
580b310c08a0bdbd3f07c0452a0a6b6abc4a851f6688d5e1216e09cffc70c560,49414,local-authority-eng:SOS,131407a52e7d82e9ca4dc1dbd3c89a4442a78e3223c00c843e1fd27f647cd1e2,2020-09-12,
58fc159dcfdf7f311546663abe2b4870b7b7c52b50e46f42368f512fb2a9b18f,167265,local-authority-eng:LND,8ef7c6547386b2330e06d93ba3f5e65cbb21edc4943bbc566203419198a1866b,2021-04-21,2021-04-21
5a098a0110b34b50162315d40d71bd62db9577a44702719aaa9328182835027d,1700612,local-authority-eng:COT,bcb30cd5d27070adb905b1a330d3129f0d4c2fae70a1a9a82a7052806d2c50ac,2020-09-11,
5a12fc87f48062be043950d56ac0e0911ae722f7e33d7caabed70b7088db5eca,167265,local-authority-eng:LND,8ef7c6547386b2330e06d93ba3f5e65cbb21edc4943bbc566203419198a1866b,2021-02-27,2021-03-01
5ac5fd73d1d44b3185952ead8e134d52686dfb98d07b24e7fd5a1453941165ba,122149,local-authority-eng:WYO,c2aa5fe7f3050a4a2b4f5114bed6e5d6b4b492297e4d7e19bc760e11210231b6,2020-09-04,
5b80eb923a857643794ee9c517fc6b4796b2513530c2fa899010369f46f09254,606721,local-authority-eng:YOR,c89258d2677ecee8125a4258ebc3d7cc794d21bd626a33c5ef05312e5e92ce29,2020-09-24,2020-09-24
5d0f1bddee0605029f66c5aa0292a8de78eb29af4cebbd1e5bbbf533ad7580c5,167265,local-authority-eng:LND,8ef7c6547386b2330e06d93ba3f5e65cbb21edc4943bbc566203419198a1866b,2020-12-25,2020-12-25
5df60c6745306dbb72cf7fda396e17d63ea71cb8c5f4fbe90de06ae9e29c4d38,167265,local-authority-eng:LND,8ef7c6547386b2330e06d93ba3f5e65cbb21edc4943bbc566203419198a1866b,2020-12-23,2020-12-23
5eb471beca32e649428101a8329299bcebfb405772c3261ad4e202a3416dd752,275234,local-authority-eng:BRT,14b600742e98828a6236f52246d80855d55b10855e7c0c0cffcfdf56a3b96f52,2020-09-05,2021-02-03
5f2a40fe956ebe6f01aa109ee2cd321026753707dd0f5341b17c786b8642fec4,167265,local-authority-eng:LND,8ef7c6547386b2330e06d93ba3f5e65cbb21edc4943bbc566203419198a1866b,2021-03-19,2021-03-19
5f818c0d201c5f05648190279aa1fdfca0a55e9c47645c8e7bb557cf40db3dc0,167265,local-authority-eng:LND,8ef7c6547386b2330e06d93ba3f5e65cbb21edc4943bbc566203419198a1866b,2021-04-28,2021-04-28
60ebc8943d38949e22fb9c947838acabfaf285014f98d223355f3a6c96bde765,167265,local-authority-eng:LND,8ef7c6547386b2330e06d93ba3f5e65cbb21edc4943bbc566203419198a1866b,2021-05-05,2021-05-05
61a1993b7cf1c81fdfab7689b68228089f342f33ccd4504accfaa434510f8c3d,2317268,local-authority-eng:PUR,0d384b928dcd6640dd25a7f6ef6fe7eed1b7a6850b6aee40f2f4250eb3d2c5df,2020-09-11,
62a615d89f696dc846f3bdf8e30fb8d1cb9b1abe7852ada0c9b8c2701f4aa61d,448300,local-authority-eng:ESK,5e85fc70a1b7cd17df9be2506d3506459e52c456bbe21995b1c353fb453a2311,2021-06-10,
65a558317c46d47be5abcc8b296a1e3f6d71d271e41467504d6525e7a6a54b86,606722,local-authority-eng:YOR,c89258d2677ecee8125a4258ebc3d7cc794d21bd626a33c5ef05312e5e92ce29,2020-12-28,2020-12-28
65bbb8c0161e34e08b371ff6f5008298526ad271ee885752fe28e8b52b007b5b,1202406,local-authority-eng:DUR,5004df3c9fc27706191d116c528a6e4c114f1bffb5b1ad92848946cd81844548,2020-09-06,
6801525c4abbcfd6efec069247b60fd8bef26dfcb7ef22fe705e1ec7ac3b9b76,167265,local-authority-eng:LND,8ef7c6547386b2330e06d93ba3f5e65cbb21edc4943bbc566203419198a1866b,2020-11-11,2020-11-11
69066cd4e08c8fe57c8fc3fe35d4cdf24e74353f15e1a7cd9a754b35af65b5be,194431,local-authority-eng:DUD,7cb1692a54e5a767247f2539cc65d2f02c0d0e47f81aef5d67db0363709a99b5,2021-04-29,
69148cb6b58a0ee3706302c1f586fb8e2a4fee9976354986c6d76ae0a63d9c97,38565,local-authority-eng:GED,a910b126bd355f5cdd90e37e657780087d2be5ecde52ba2e76bd0ed471ee7762,2020-09-15,
6a34a68f0b12965629a24437ecdd4dc5cc25999a272b8866e83285a1e4c23803,233914,local-authority-eng:GED,b9b5ea6bcbca02fbf560859045d78b5ef21b5dffbaa7d578b01e810e0572d6c6,2020-09-08,
6a68cb39713a4e45d0c715bd6ae1dad80b2865ce9bd21f8d34091afa4dfb0e5f,84917,local-authority-eng:STH,f6b468c84948ec43983f7dda486b3f224735e2889f94f69cd83ddf0db9b35e19,2020-09-12,2021-03-15
6b4914969f8cbc80aa9c0e5c0aeede7ba025b797090467567a180d4a2bb8103a,167265,local-authority-eng:LND,8ef7c6547386b2330e06d93ba3f5e65cbb21edc4943bbc566203419198a1866b,2021-05-19,2021-05-19
6b61e85f920145c4182e97185adfed45c91a11f9fa2be618a3dc9c06ea7bb323,167265,local-authority-eng:LND,8ef7c6547386b2330e06d93ba3f5e65cbb21edc4943bbc566203419198a1866b,2020-12-01,2020-12-01
6ba3a5e6ac416921d177a29a092bbe6af90a69d0322f8a39d7e07d8d6274fea5,167265,local-authority-eng:LND,8ef7c6547386b2330e06d93ba3f5e65cbb21edc4943bbc566203419198a1866b,2020-12-19,2020-12-21
6baa53285d47918d0dd2bf29d6a7be0f5efd09fa7e1516f03458931f0d6820bd,209397,local-authority-eng:TRF,833e2e15068ee0aa57d94513b1ec5035b681b22a626bb080749aa323391d2b50,2020-09-06,
6c912e6d88198973237f074319e132ab6a18d061ec9a2a964305b63599a5da62,167265,local-authority-eng:LND,8ef7c6547386b2330e06d93ba3f5e65cbb21edc4943bbc566203419198a1866b,2021-04-30,2021-04-30
6cf727c668053b7467e0fc22e346eca5b019ac9b572f050adc1984cdb305f798,167265,local-authority-eng:LND,8ef7c6547386b2330e06d93ba3f5e65cbb21edc4943bbc566203419198a1866b,2021-06-12,
6efd914060c754cf9455f39e8dea8b097b47c55fa430e399852e34832920fcf9,776607,local-authority-eng:SHF,8ddf05d55c4b353a5f08b62dd3f146ea022e85271e7ccd696024142d01a28fff,2021-02-16,
6fb9e0390285e88a98a4d8233252d5370ea0f4c3e427366348a7a4058d876f90,167265,local-authority-eng:LND,8ef7c6547386b2330e06d93ba3f5e65cbb21edc4943bbc566203419198a1866b,2021-04-01,2021-04-01
70770698d9b484f4e5dec15e917df671ce6009d2f24942d3554894ac80701ac6,606375,local-authority-eng:YOR,c89258d2677ecee8125a4258ebc3d7cc794d21bd626a33c5ef05312e5e92ce29,2021-04-11,2021-04-11
71526b5048366b5861ef2c70bd93af2b043f4eeee8dfcbabdd0f625e1ba34bb3,167265,local-authority-eng:LND,8ef7c6547386b2330e06d93ba3f5e65cbb21edc4943bbc566203419198a1866b,2020-11-12,2020-11-12
754e9e7344c76ca34c53d43877277a9440f31a7025a196eefe5e26d3c5637637,606376,local-authority-eng:YOR,c89258d2677ecee8125a4258ebc3d7cc794d21bd626a33c5ef05312e5e92ce29,2021-05-27,2021-05-27
75bdd5053810e8911705dc795a5e4101c1ebe8f789356ceab45dd8623d1fff63,167265,local-authority-eng:LND,8ef7c6547386b2330e06d93ba3f5e65cbb21edc4943bbc566203419198a1866b,2020-12-24,2020-12-24
76472d8068387e4e4086fb91bf1031a848379a49c1361c101de0c8f503851603,167265,local-authority-eng:LND,8ef7c6547386b2330e06d93ba3f5e65cbb21edc4943bbc566203419198a1866b,2021-02-19,2021-02-19
774c28eb467b1eba3be58d5d0cd41f17f6d081e1918713248980bea31727f97f,167260,local-authority-eng:LND,8ef7c6547386b2330e06d93ba3f5e65cbb21edc4943bbc566203419198a1866b,2020-09-16,2020-09-16
790346585aa9afb80f2ead9a5cefe5ef49148f6f8f28b9852942d4f8b9bbd46a,606375,local-authority-eng:YOR,c89258d2677ecee8125a4258ebc3d7cc794d21bd626a33c5ef05312e5e92ce29,2021-04-01,2021-04-01
7b83162b4a995c21dc119b2595faf050ed16f16f023dfcfcf58dd7379bf3d50b,256886,local-authority-eng:LCE,e16847d72fae8c0561a5093e1aa8f98ee64070746b682928e906c75ae9fa3671,2020-11-29,2021-06-13
7bf00b79af37eec493e3b61bddf3a629b34cb40ac0e426f66e406eeb252cfdb1,606375,local-authority-eng:YOR,c89258d2677ecee8125a4258ebc3d7cc794d21bd626a33c5ef05312e5e92ce29,2021-06-06,2021-06-06
7c023e2757af38e9e4eeb11cc71f421e8bf8ccec4321492e2c1008365b0722b6,167260,local-authority-eng:LND,8ef7c6547386b2330e06d93ba3f5e65cbb21edc4943bbc566203419198a1866b,2020-09-15,2020-09-15
7c6674e7efd5f87564ac348ab58086dc83335b2787d9a21f22155b6129b6901f,167265,local-authority-eng:LND,8ef7c6547386b2330e06d93ba3f5e65cbb21edc4943bbc566203419198a1866b,2021-01-21,2021-01-21
7d811dd70790c31f3783e673b8bcc5d6d1e7267466fdf25bd706476319a43802,3701417,local-authority-eng:CON,67422093e99d42433f269176d2c6beee1cddf899adea724752559e20d6528cf3,2020-09-23,2021-02-17
7e02707bac3de348ec3c4a7a0ed53a79f5b223c32517d42d0bec3bba02a11f64,167265,local-authority-eng:LND,8ef7c6547386b2330e06d93ba3f5e65cbb21edc4943bbc566203419198a1866b,2021-04-14,2021-04-14
7e3bb6b33294e828bf5d9b2416163efc06a5220d85dad93e2e952f96abbb93ce,167265,local-authority-eng:LND,8ef7c6547386b2330e06d93ba3f5e65cbb21edc4943bbc566203419198a1866b,2021-03-31,2021-03-31
7e6cab963758acbd538db9047e789674269f502801d15e2d914418e862e49899,167260,local-authority-eng:LND,8ef7c6547386b2330e06d93ba3f5e65cbb21edc4943bbc566203419198a1866b,2020-09-23,2020-09-23
804c40e898b06dd3e7211583810f9de552f2ffd0d4edc9980cfa0357a9cc362c,188989,local-authority-eng:SLF,3e7bba7ac22c59c6daaac91eb6f68e513f95032060614b0cb142b7d1cd4bbd94,2021-03-04,
806e837b4d1619f30bbf5b0b0e66ad1057df13ea4750511a6b43bce4e0e12f70,2008158,local-authority-eng:BRD,2bebde11cb215cd6348f5e47a4ed58c8f86d6a533911ed52b821d351346d9ebe,2021-02-07,2021-03-05
808cfac550bcebba7d1890c4b2af5a1265901f5fe570e4db8457c8e74fa18834,167265,local-authority-eng:LND,8ef7c6547386b2330e06d93ba3f5e65cbb21edc4943bbc566203419198a1866b,2021-01-20,2021-01-20
813294e58e3ec98320d1bfb2a0894e9f3842efbf4d45dd00bf2de6e38418403c,167265,local-authority-eng:LND,8ef7c6547386b2330e06d93ba3f5e65cbb21edc4943bbc566203419198a1866b,2020-11-26,2020-11-26
84c44cfaf43f444d83cb6d64ebe8541c4e82886e677802796da9e065f5a06fa7,796496,local-authority-eng:SKP,1a6d1c7d4bbb246f6c0dbb8280e13c6f23db307e62980c68d96871e6cf0383db,2020-09-06,2021-03-01
8564f073295f6736fd757f392ec7b57b97809e7b1f009dfc78cec02b754ae44f,167265,local-authority-eng:LND,8ef7c6547386b2330e06d93ba3f5e65cbb21edc4943bbc566203419198a1866b,2021-02-03,2021-02-03
865f7ac0ca9427c65555937196b3507a8da7687c3c9bd197a38d585184c70cf9,606721,local-authority-eng:YOR,c89258d2677ecee8125a4258ebc3d7cc794d21bd626a33c5ef05312e5e92ce29,2020-12-17,2020-12-18
88da3f9607fced98d10b5df08a88784f9e1dc13cca790d83387a2b2a14fd0c30,167265,local-authority-eng:LND,8ef7c6547386b2330e06d93ba3f5e65cbb21edc4943bbc566203419198a1866b,2021-02-23,2021-02-23
8ab58ac7e34d26b60172d57b840531a964564644917dd29ba73bc01f2a9a14ad,167265,local-authority-eng:LND,8ef7c6547386b2330e06d93ba3f5e65cbb21edc4943bbc566203419198a1866b,2021-05-25,2021-05-25
8b999289047ef61c0ecc39c03dfe77239b65bbeab12d621e696855ef2838876f,606375,local-authority-eng:YOR,c89258d2677ecee8125a4258ebc3d7cc794d21bd626a33c5ef05312e5e92ce29,2021-05-13,2021-05-13
8bac530bbac9fc44a591f2219eae341ce7148fd91c916d43d12e421389e4e79a,167265,local-authority-eng:LND,8ef7c6547386b2330e06d93ba3f5e65cbb21edc4943bbc566203419198a1866b,2021-02-25,2021-02-25
8c03f2e91e85ef9ec177a8f9c37e726c832747cb9c2b8ec3d0f0a8a4d6dd0729,167265,local-authority-eng:LND,8ef7c6547386b2330e06d93ba3f5e65cbb21edc4943bbc566203419198a1866b,2021-05-20,2021-05-20
8ca3a0c194effaf69f82e89ffbad52d5ec32a0a0deec1363f5eb2b50d5d8edcc,167265,local-authority-eng:LND,8ef7c6547386b2330e06d93ba3f5e65cbb21edc4943bbc566203419198a1866b,2020-11-27,2020-11-27
8dd7ba7253ae11f100052401ba3e0d65435d77678d26f2000e664c75a5af2278,84841,local-authority-eng:STH,f6b468c84948ec43983f7dda486b3f224735e2889f94f69cd83ddf0db9b35e19,2020-09-05,
902d08b3e87638648d028fb942640a615d70667b5816bd69ccc0abaecbdb70b1,167265,local-authority-eng:LND,8ef7c6547386b2330e06d93ba3f5e65cbb21edc4943bbc566203419198a1866b,2021-05-18,2021-05-18
9141bf76b0d89eab27d6e46014ec2fd282ad622924ec316d39dbf67551f8738c,119938,local-authority-eng:NET,ff3a568c9cc2f76a4358e0a60a71a7c92c10f07df7e257101422ed05ac906a3d,2020-09-06,
91bda03ea30d005becc524003436d555b42bdc849dc3247889c8bdfd3ead5927,167265,local-authority-eng:LND,8ef7c6547386b2330e06d93ba3f5e65cbb21edc4943bbc566203419198a1866b,2021-01-23,2021-01-25
926130c38856c112ce2c67b5ef742a5e59a53772542a4eb44d433c2552fd0c26,194421,local-authority-eng:DUD,7cb1692a54e5a767247f2539cc65d2f02c0d0e47f81aef5d67db0363709a99b5,2020-11-27,2021-04-28
92cd49145a8d049ef38c583cc48b9ca2b3c82227a72b960877e4b521edd982be,671673,local-authority-eng:VAL,64fef87302ed211f1a7f4f3df9c098c30c4290e3703dd36f86a13c727581593c,2020-09-05,
9330967e326dc6812500c1f7ad65bfb1c98f8344e002ee9ad6351fe18aa26393,606375,local-authority-eng:YOR,c89258d2677ecee8125a4258ebc3d7cc794d21bd626a33c5ef05312e5e92ce29,2021-04-13,2021-04-14
93c8c735caba5fb038a8387cc0c74e72e7fb054fc1485243390b9c97d814528e,167265,local-authority-eng:LND,8ef7c6547386b2330e06d93ba3f5e65cbb21edc4943bbc566203419198a1866b,2021-01-19,2021-01-19
93cebcf8e7f77c8a5ec523ef8bdb1f294d910246c6469cb7d34878300e0b7e26,606375,local-authority-eng:YOR,c89258d2677ecee8125a4258ebc3d7cc794d21bd626a33c5ef05312e5e92ce29,2021-05-05,2021-05-05
93ed07a90c4e32a089b35d7aaca740b2ebda9742a107fa7431009e4d77d18d8c,167265,local-authority-eng:LND,8ef7c6547386b2330e06d93ba3f5e65cbb21edc4943bbc566203419198a1866b,2021-01-27,2021-01-27
942e41c8e6b91043d93821b04e87992804c32a39b3ed865208bceb1e542bc547,167265,local-authority-eng:LND,8ef7c6547386b2330e06d93ba3f5e65cbb21edc4943bbc566203419198a1866b,2021-04-02,2021-04-02
94b2c800e091e3683fc5925aa0e36969a0fccbc3a41fd1ef4c81e72422fabbf7,565,local-authority-eng:BOS;local-authority-eng:MOL;local-authority-eng:NED;local-authority-eng:NOW;local-authority-eng:WAE;local-authority-eng:WOX,1607b75510852fe505c64468d16c38ab591619ca88535722ed98c97e8c05fa54;5e15eba1bd113aa524840907df82132457c85491ceb2e448f5ffa42dff0a9c19;6db7a78f1a3681ff82dd14e7abe1391169575d1df7660902afbbc10cec67b202;79c8d68e7c08230c990410038451d84f11566963510e8c364a3e9966ac6a1cb8;7beac1f5d394d6d9e4db2c960d83c1f1f8b9d3ddf46f8202cd65a43f98036896;e2c7984b3b5f32e6420e243fef483d4d37b307f2ad84f47cd22a8ebd53a94a57,2021-03-31,2021-04-28
96bef0fedd1306bf03a0172ff36592375e225072fefc9441a342b7ae3b1a483c,167265,local-authority-eng:LND,8ef7c6547386b2330e06d93ba3f5e65cbb21edc4943bbc566203419198a1866b,2021-01-08,2021-01-08
98e23546831a87f0549645589127c7db6544fbf890b6c7768457086b2892fa19,167265,local-authority-eng:LND,8ef7c6547386b2330e06d93ba3f5e65cbb21edc4943bbc566203419198a1866b,2021-04-27,2021-04-27
99e9ec2f624c1233132bceb07caae9f5e5339da716024777902ef4e399d4059a,167265,local-authority-eng:LND,8ef7c6547386b2330e06d93ba3f5e65cbb21edc4943bbc566203419198a1866b,2021-05-13,2021-05-13
9b6471fcccadd61d4050e1d260506642fbed989fab547da58ff2384f5a1de63c,167265,local-authority-eng:LND,8ef7c6547386b2330e06d93ba3f5e65cbb21edc4943bbc566203419198a1866b,2020-11-29,2020-11-30
9b8ae2bf1ab542d7118b934c70c0a92a31c59f966f332970961d5f1a85a1237c,167265,local-authority-eng:LND,8ef7c6547386b2330e06d93ba3f5e65cbb21edc4943bbc566203419198a1866b,2021-02-16,2021-02-16
9ed73363787a03657c71f3d546ef0d86ef5f0acfdf75e322f7c70ee6e0ea4604,606721,local-authority-eng:YOR,c89258d2677ecee8125a4258ebc3d7cc794d21bd626a33c5ef05312e5e92ce29,2021-01-04,2021-01-05
9ed8f2bde030e076580a2d43e6633abf98e3dba48498b0a9cd339c9d42fca6d4,167265,local-authority-eng:LND,8ef7c6547386b2330e06d93ba3f5e65cbb21edc4943bbc566203419198a1866b,2021-04-10,2021-04-12
9f38fd42503e22682cb23cf23ee3a9716fd96d826adab7306db0356fc335f3d4,167265,local-authority-eng:LND,8ef7c6547386b2330e06d93ba3f5e65cbb21edc4943bbc566203419198a1866b,2020-11-25,2020-11-25
9fea9a08d5717b319698f2871b7e5d9e635cb6381a3da08fbec731277c23dd26,581,local-authority-eng:MOL;local-authority-eng:WOX,7beac1f5d394d6d9e4db2c960d83c1f1f8b9d3ddf46f8202cd65a43f98036896;e2c7984b3b5f32e6420e243fef483d4d37b307f2ad84f47cd22a8ebd53a94a57,2021-03-31,2021-04-14
a0ca30613deca2b698cdea0555279b5d67e7e03a04b2506beae6a908e25c70ad,167265,local-authority-eng:LND,8ef7c6547386b2330e06d93ba3f5e65cbb21edc4943bbc566203419198a1866b,2021-03-12,2021-03-12
a3ccd40acb155cea3c42d690c75067c92aa4c7a07437872d86df1ce2601a0e26,167265,local-authority-eng:LND,8ef7c6547386b2330e06d93ba3f5e65cbb21edc4943bbc566203419198a1866b,2021-05-28,2021-05-28
a49d233ee0018bd9fb17e6b724aa95f02419beb4fa2b81bed88e50e07eab75f8,188948,local-authority-eng:SLF,3e7bba7ac22c59c6daaac91eb6f68e513f95032060614b0cb142b7d1cd4bbd94,2020-09-06,2021-03-03
a53bb2212f0db5f037a2de4eee8d6b98c3f425804e278bd87e7b9d4ac2afeda0,167265,local-authority-eng:LND,8ef7c6547386b2330e06d93ba3f5e65cbb21edc4943bbc566203419198a1866b,2021-05-01,2021-05-03
a5b8dc2a4704d27f33ec45c031b18b956459366ed188dc749747d703e0acb44f,413796,local-authority-eng:CAR,0d8e344034c0489e9142e824ebeb300c5af5e103d140e36f3dc710d221c05f37,2020-09-05,2021-04-16
a5d2ea3f8a677b6c38e002a7f8f36347c241cdf214a4fba244b77a0a144b8180,167265,local-authority-eng:LND,8ef7c6547386b2330e06d93ba3f5e65cbb21edc4943bbc566203419198a1866b,2021-03-02,2021-03-02
a69011cff094c2e036dd5d6f525eed505fba3bac1c77d231eea6444dd8938615,167265,local-authority-eng:LND,8ef7c6547386b2330e06d93ba3f5e65cbb21edc4943bbc566203419198a1866b,2021-01-26,2021-01-26
a7c737dcbd04a15530f50c2562e7e3e1dc6ec3c535ca777c2536c933dd4816cc,167265,local-authority-eng:LND,8ef7c6547386b2330e06d93ba3f5e65cbb21edc4943bbc566203419198a1866b,2021-03-11,2021-03-11
a7f2e741547be59e8529aaf689cd360605f22cbfe20bafd4f6c108796d2dd779,606375,local-authority-eng:YOR,c89258d2677ecee8125a4258ebc3d7cc794d21bd626a33c5ef05312e5e92ce29,2021-02-12,2021-02-12
a8e8751a4415515b24f6761c15f37f92deb0a4101618354158a292546c2acfad,46038,local-authority-eng:ROC,01c1fb38c771e2ebd83a12e48edb70c64f1e28ce048a5fce584693623271b50e,2020-09-09,
a951a3ea26cb63e745a115b51f4a0a6520f5cdd62b0c876f215c168ac82db76c,167265,local-authority-eng:LND,8ef7c6547386b2330e06d93ba3f5e65cbb21edc4943bbc566203419198a1866b,2021-05-06,2021-05-06
a9c57cc379405ce510a6c54ae387596fbc41e10cee0b4a6c79bbf90b7a43c1d8,167265,local-authority-eng:LND,8ef7c6547386b2330e06d93ba3f5e65cbb21edc4943bbc566203419198a1866b,2021-05-21,2021-05-21
a9f8d4ff0fbd665a8aa98a5650466ed4d125448551dbe7989cf3ece1e22923cb,2004559,local-authority-eng:BRD,2bebde11cb215cd6348f5e47a4ed58c8f86d6a533911ed52b821d351346d9ebe,2020-09-05,2021-02-04
aa0fe3d625d728dad166b5111d2b92acf103e63a10376999c365d847ad4ac2e1,373196,local-authority-eng:HMF,64a4cd872a5044d008ca4c1afcb391eb08b32f604f73e21fb5e704bf196a41c1,2020-10-01,2021-05-02
acc4d392de0f42c6fa2c7e96320ef67fd2f80b8e60e249e2f4dbed8eb0d8ceec,167265,local-authority-eng:LND,8ef7c6547386b2330e06d93ba3f5e65cbb21edc4943bbc566203419198a1866b,2021-03-04,2021-03-04
add1d38ed65c7244469a5a6f2525040c1d6b52bb01e6fcf58a4fc012f201db8a,606375,local-authority-eng:YOR,c89258d2677ecee8125a4258ebc3d7cc794d21bd626a33c5ef05312e5e92ce29,2021-05-18,2021-05-18
ae328a4f895e3773f138ebc81c8f3e008aca4004aa1d4146f3ea7e31e6a78759,194421,local-authority-eng:DUD,7cb1692a54e5a767247f2539cc65d2f02c0d0e47f81aef5d67db0363709a99b5,2020-09-06,2020-11-26
ae73365e66d015046a6b8e6e7050b79adb28b22cca7906ccd897f4fc0bb4b14a,167265,local-authority-eng:LND,8ef7c6547386b2330e06d93ba3f5e65cbb21edc4943bbc566203419198a1866b,2021-06-05,2021-06-07
b0282aa7d0e3600e01c5a2257c9cba2fec63134270e7504e83fab13f7f242274,167265,local-authority-eng:LND,8ef7c6547386b2330e06d93ba3f5e65cbb21edc4943bbc566203419198a1866b,2021-01-14,2021-01-14
b2ca0877ffac3f06f74f66ee2d7272aa1bc7b1534b18233e48d8433352f2048f,167265,local-authority-eng:LND,8ef7c6547386b2330e06d93ba3f5e65cbb21edc4943bbc566203419198a1866b,2021-03-18,2021-03-18
b477ab2e49d105aa8133d233c14ce8269fb2423a0526647f3cfdad1620d92fc9,606374,local-authority-eng:YOR,c89258d2677ecee8125a4258ebc3d7cc794d21bd626a33c5ef05312e5e92ce29,2021-02-05,2021-06-05
b4d7e752ebb43e86282842b0e2e9042690e7502df488f313be45d5600fc9c27d,606722,local-authority-eng:YOR,c89258d2677ecee8125a4258ebc3d7cc794d21bd626a33c5ef05312e5e92ce29,2020-12-16,2020-12-16
b5446580def1c9b96342ad6ef70a9d2eaca772243dd207ca3d718487b1a0f50c,167265,local-authority-eng:LND,8ef7c6547386b2330e06d93ba3f5e65cbb21edc4943bbc566203419198a1866b,2021-02-17,2021-02-17
b6993ef166d4e5ad9243537bc1fe18bcc3e291baa7d5042912c6e0139ae10873,167265,local-authority-eng:LND,8ef7c6547386b2330e06d93ba3f5e65cbb21edc4943bbc566203419198a1866b,2021-02-18,2021-02-18
b72ea3f86d6b1c198e638391812c0872664951376602920f2e0cd912b2c9381b,167265,local-authority-eng:LND,8ef7c6547386b2330e06d93ba3f5e65cbb21edc4943bbc566203419198a1866b,2021-06-04,2021-06-04
b78b07529ab43adee154aec6c4efb2a7d68fae743fa6ee020f1818fd808f43d4,167265,local-authority-eng:LND,8ef7c6547386b2330e06d93ba3f5e65cbb21edc4943bbc566203419198a1866b,2021-01-02,2021-01-04
b85206c928baa3c519e8d7f6f8c0ea378bfad2f8eeacc65b2a1c0be8250f1e9f,1253926,local-authority-eng:CMD,3e7bcbc7b099c29cf896423408043fdbd7e74e3a590fd41cec2bef02cbf65b71,2020-09-12,
baefe580cc470aee0d33a3c04847acbba64b3da24e6b2efd6e0c07451521567c,167265,local-authority-eng:LND,8ef7c6547386b2330e06d93ba3f5e65cbb21edc4943bbc566203419198a1866b,2021-04-20,2021-04-20
bd5a54fc8d0377744c5f5c53d6235337e1e9b92aa8552de0e47b414b21d54e76,305288,national-park-authority:Q27159704,4fc9852e72e718637117e61c7fd28be432123c9b3bf7e77fe6a3f778cc37e54b,2020-09-14,
bdececf3d0dcac4b3f9f90864d7609848a1ea2c358fdd0062a2b8ff3764e8f37,606721,local-authority-eng:YOR,c89258d2677ecee8125a4258ebc3d7cc794d21bd626a33c5ef05312e5e92ce29,2021-01-09,2021-01-09
bea5da8fdd4d09c99411234be84ef80ac5953120d42ca8822f6223ad566d4728,167265,local-authority-eng:LND,8ef7c6547386b2330e06d93ba3f5e65cbb21edc4943bbc566203419198a1866b,2021-03-25,2021-03-29
bf425f84d28adbc7b86d3f25187fb5065cb2b5bc077d01f67112b3d29c2d07bf,350238,national-park-authority:Q5225646,b89a17ca70af985a2b4849fb1b95d90be4b10b7f53a2846f1b9865dd07e31339,2020-09-14,
c147f43641ac24d41757e64ca6adba8f7650331b8d167c8b33669bf483f3bb22,167265,local-authority-eng:LND,8ef7c6547386b2330e06d93ba3f5e65cbb21edc4943bbc566203419198a1866b,2021-03-09,2021-03-09
c2506b5f261daac61fab954c8e6b661b76fa9e6079a1efb9fd25dacadb037534,606721,local-authority-eng:YOR,c89258d2677ecee8125a4258ebc3d7cc794d21bd626a33c5ef05312e5e92ce29,2020-12-29,2020-12-29
c253a829861894d3625182d967afaa0e6cd6149d24e52a8e0f8d3244da62ae09,167260,local-authority-eng:LND,8ef7c6547386b2330e06d93ba3f5e65cbb21edc4943bbc566203419198a1866b,2020-09-11,2020-09-11
c25ef9f3ff2686541080c600024d5c1c05aa68ba82d5a61273f60efe3f600689,167260,local-authority-eng:LND,8ef7c6547386b2330e06d93ba3f5e65cbb21edc4943bbc566203419198a1866b,2020-09-12,2020-09-14
c2e3daf464573f15c8c4978fc5708b392cb077d3b3af0c4d638c2df68610ed03,606375,local-authority-eng:YOR,c89258d2677ecee8125a4258ebc3d7cc794d21bd626a33c5ef05312e5e92ce29,2021-05-23,2021-05-24
c2f5aa5e4de634c6301dc9bd7ce98f07df8f268530d7a48dc820666a0d16fbea,167265,local-authority-eng:LND,8ef7c6547386b2330e06d93ba3f5e65cbb21edc4943bbc566203419198a1866b,2021-04-13,2021-04-13
c2f5fcc2524537d98ac79da451ceb62f1bd3b3640fb1ea726636cbe517b67bff,31185,government-organisation:D4,631533a0dd722cf8bbde44291a8b09062e3d511729b8c217efe2954c5a69c007,2021-05-08,
c37f5703693f948ab4a90ee2ffa941f2ccb486905db08b05a1f569bc52427baf,167265,local-authority-eng:LND,8ef7c6547386b2330e06d93ba3f5e65cbb21edc4943bbc566203419198a1866b,2020-12-31,2020-12-31
c660cdfbdecffea0a5f118c77296f4affda3e68edfe6df159c43dca3e8aaf6cf,167265,local-authority-eng:LND,8ef7c6547386b2330e06d93ba3f5e65cbb21edc4943bbc566203419198a1866b,2021-03-17,2021-03-17
c8559843e1131d31d9d87ab8b388b8425a09c167cdb329e07de3b144a6ae3b31,167265,local-authority-eng:LND,8ef7c6547386b2330e06d93ba3f5e65cbb21edc4943bbc566203419198a1866b,2021-01-07,2021-01-07
c876f1b3da27e5b591f08a091c8cdb817f26f3f1d5554ecfb879d767b543d159,606720,local-authority-eng:YOR,c89258d2677ecee8125a4258ebc3d7cc794d21bd626a33c5ef05312e5e92ce29,2021-01-03,2021-01-03
c8da3ca1126a2ad866b848cab0ec179811dbd99b11127f96ba1293218418cebd,167265,local-authority-eng:LND,8ef7c6547386b2330e06d93ba3f5e65cbb21edc4943bbc566203419198a1866b,2021-02-02,2021-02-02
cb154c50ca7791c40bb37ec77e6374d0bba6704564ab898d1e1a2562aa51daf0,167265,local-authority-eng:LND,8ef7c6547386b2330e06d93ba3f5e65cbb21edc4943bbc566203419198a1866b,2021-05-26,2021-05-26
cb462731902b22a9e3f69fb54928180ca8d48d364bb4f8edd9fbedfa4541c4cd,312401,local-authority-eng:NED,5e15eba1bd113aa524840907df82132457c85491ceb2e448f5ffa42dff0a9c19,2020-09-06,
cc261764b3cc663dacbf2e3fa1304594bb850fece01a0a0eede64b3ab9bf1551,167265,local-authority-eng:LND,8ef7c6547386b2330e06d93ba3f5e65cbb21edc4943bbc566203419198a1866b,2021-05-04,2021-05-04
cd210bf6f8b5f54b9e892f123538b0d96d9ed915cd6ea2b3074506db8be3c9c5,167265,local-authority-eng:LND,8ef7c6547386b2330e06d93ba3f5e65cbb21edc4943bbc566203419198a1866b,2021-04-09,2021-04-09
cf1c91e41c8f3a44563d1423d018884707d8f33a903c26d48f90d60ba55232f1,606722,local-authority-eng:YOR,c89258d2677ecee8125a4258ebc3d7cc794d21bd626a33c5ef05312e5e92ce29,2021-01-16,2021-01-17
cfad1e96827ef950d31639bc716d84bcb61b716a3cf12eeeea481a734464c72e,606375,local-authority-eng:YOR,c89258d2677ecee8125a4258ebc3d7cc794d21bd626a33c5ef05312e5e92ce29,2021-03-20,2021-03-21
d01a1e3978325082021a9f73519d0ea3e88b50d4f6a2f87ab9689d3316a24e76,167265,local-authority-eng:LND,8ef7c6547386b2330e06d93ba3f5e65cbb21edc4943bbc566203419198a1866b,2020-11-20,2020-11-20
d14e3344b12c6cd8fda01dd95ad4adfdf096898bc0b86656d533ce810cd06509,167265,local-authority-eng:LND,8ef7c6547386b2330e06d93ba3f5e65cbb21edc4943bbc566203419198a1866b,2021-04-03,2021-04-05
d30189152874768c2bbbf706b78d588ea694d81440f38281ebd90c2c24ccc6cf,256886,local-authority-eng:LCE,e16847d72fae8c0561a5093e1aa8f98ee64070746b682928e906c75ae9fa3671,2020-10-02,2020-11-18
d3dcd8bbb587b2739ebae2b65c6cf648fe026abbe37c8d6e5bd44862ce4a0d38,2002907,local-authority-eng:BRD,2bebde11cb215cd6348f5e47a4ed58c8f86d6a533911ed52b821d351346d9ebe,2021-02-05,2021-03-23
d40c1cffe7893e1ab03561a5d601f65dbc3ceb2b1fe514bb3d42df9aae1b0bbc,358033,local-authority-eng:NDO,68c91b80f9c894423201b4d90c171d5cc0479ef2e0cc7630e0a4c85df56a8688,2020-09-06,
d4d642fef84c581645e153207bdc6be2ecfc97cbea7e94bfb0ea20841538e21d,167265,local-authority-eng:LND,8ef7c6547386b2330e06d93ba3f5e65cbb21edc4943bbc566203419198a1866b,2021-06-11,2021-06-11
d4da7743563efebf5b63f95663d0ea93a69728d01ef55325e76148dddd3b9aae,606720,local-authority-eng:YOR,c89258d2677ecee8125a4258ebc3d7cc794d21bd626a33c5ef05312e5e92ce29,2020-09-15,2021-02-04
d59d1f5548e9f782040233a9845fc463e078f13a94409903887e106aa9a3a778,167265,local-authority-eng:LND,8ef7c6547386b2330e06d93ba3f5e65cbb21edc4943bbc566203419198a1866b,2021-02-24,2021-02-24
d68b02f69a291c23e9fedb4a722c816f0d0fa29aa4bec741697af354f777e493,167265,local-authority-eng:LND,8ef7c6547386b2330e06d93ba3f5e65cbb21edc4943bbc566203419198a1866b,2021-02-04,2021-02-05
d92bc1ea4fb1f6c1ac95d8725e47ff19ad90962d3f8ea6249e76a2e48f322434,167265,local-authority-eng:LND,8ef7c6547386b2330e06d93ba3f5e65cbb21edc4943bbc566203419198a1866b,2020-11-21,2020-11-23
da17a908d831fb079fa8a3cdf3a7415657eb8e5aeafd9ce57dbfb36e48525d57,606722,local-authority-eng:YOR,c89258d2677ecee8125a4258ebc3d7cc794d21bd626a33c5ef05312e5e92ce29,2021-01-28,2021-01-29
da73d069d1f42398983b1621d28d0aeef542cea6374818d5aa7b654a6c0a4b3d,606376,local-authority-eng:YOR,c89258d2677ecee8125a4258ebc3d7cc794d21bd626a33c5ef05312e5e92ce29,2021-02-17,2021-02-17
db489072911660bfff857c27dd666e54350ab29892c608e1f586aa5f1f96c593,606721,local-authority-eng:YOR,c89258d2677ecee8125a4258ebc3d7cc794d21bd626a33c5ef05312e5e92ce29,2020-11-12,2020-11-12
dc6bfb435188f17a9383bada7ceca07cf929f24460bb156beddc4290b84b8ff8,606374,local-authority-eng:YOR,c89258d2677ecee8125a4258ebc3d7cc794d21bd626a33c5ef05312e5e92ce29,2021-04-25,2021-04-26
de0b99137124fb1332b821c6f2f0a8f4af643c28bf2eb859e4ef5a38843446fc,3296941,local-authority-eng:CON,67422093e99d42433f269176d2c6beee1cddf899adea724752559e20d6528cf3,2021-02-18,2021-05-06
def807a666ecdf7f42f597d5c4ea57f11220d8c6823e3dc588d42373eb8519bb,167260,local-authority-eng:LND,8ef7c6547386b2330e06d93ba3f5e65cbb21edc4943bbc566203419198a1866b,2020-09-08,2020-09-08
e1acccbd6a46963b7c34ea51d1255e28d605b35264a7a7d583121de641b54bbf,31176,government-organisation:D4,631533a0dd722cf8bbde44291a8b09062e3d511729b8c217efe2954c5a69c007,2021-04-12,2021-05-07
e1fd03a0f5b3d13ee5485e6849aa92473843e1343ab6c158884876f2addc6bad,167265,local-authority-eng:LND,8ef7c6547386b2330e06d93ba3f5e65cbb21edc4943bbc566203419198a1866b,2021-06-02,2021-06-02
e21f1d6735581efccf0a7466323f71e96e16a1736befa37ceed8638d5ce4708b,167265,local-authority-eng:LND,8ef7c6547386b2330e06d93ba3f5e65cbb21edc4943bbc566203419198a1866b,2021-05-11,2021-05-11
e30417d2ebfcbe97f7fb87e26c73a5212607312dc9932d7608e7b84e655677ed,167265,local-authority-eng:LND,8ef7c6547386b2330e06d93ba3f5e65cbb21edc4943bbc566203419198a1866b,2021-01-09,2021-01-11
e3397bbc80c086841f50c783872897a127b493cb134b84c0b4375d24b792e14b,167265,local-authority-eng:LND,8ef7c6547386b2330e06d93ba3f5e65cbb21edc4943bbc566203419198a1866b,2021-05-22,2021-05-24
e3495ec7058afe5ca009eb0458601ffabb346c0ba78d2cd0f0c13fb28dd3a403,167265,local-authority-eng:LND,8ef7c6547386b2330e06d93ba3f5e65cbb21edc4943bbc566203419198a1866b,2021-04-15,2021-04-15
e4c9354dad8f4b57ee9d42da6672d7fda64b0148e925129f5c5e2410ddfd0451,167265,local-authority-eng:LND,8ef7c6547386b2330e06d93ba3f5e65cbb21edc4943bbc566203419198a1866b,2021-06-01,2021-06-01
e56377555ae6f018555b71876ec45c038afeaba27a2bf76518405edd68cda4a9,606375,local-authority-eng:YOR,c89258d2677ecee8125a4258ebc3d7cc794d21bd626a33c5ef05312e5e92ce29,2021-05-06,2021-05-07
e64d15cbbbf011285dca68549fba0f24327a547a9e2b26e6955596e37048bbeb,167265,local-authority-eng:LND,8ef7c6547386b2330e06d93ba3f5e65cbb21edc4943bbc566203419198a1866b,2021-01-15,2021-01-15
e6efbb94bde40d6af0921d80ea089e9c5a296ada743f7c5da6b85a020e9de4b8,267231,local-authority-eng:WAE,1607b75510852fe505c64468d16c38ab591619ca88535722ed98c97e8c05fa54,2020-09-06,
e8b9d7bb63ce7e93b80401ba7b4cb3a3fba4896b1db5ceb0fd2d2352ce278e67,167260,local-authority-eng:LND,8ef7c6547386b2330e06d93ba3f5e65cbb21edc4943bbc566203419198a1866b,2020-09-24,2020-09-24
e9b56e051fa78f71c40b67fdf659f51738c61289f489701c3244a2ecd93dcde3,606374,local-authority-eng:YOR,c89258d2677ecee8125a4258ebc3d7cc794d21bd626a33c5ef05312e5e92ce29,2021-02-07,2021-02-07
ea0b362c33ce972a2379e42ff1876599848a2c785708d39b12dde5e19480427f,276890,local-authority-eng:EPS,e1f6e219b7adc81361f0384476275dd486f12aa73368af1b5c91c3c0a879ea1b,2020-09-06,
ea334324dcd3fd201bee9d821e187efada1132da3bc3b071b3ce91033ac17576,350118,local-authority-eng:HMF,64a4cd872a5044d008ca4c1afcb391eb08b32f604f73e21fb5e704bf196a41c1,2020-09-06,
ea8b5f08dde355f8b4cc435efd408c5519e64db1b208acc7987b0ffd50a935c6,745242,local-authority-eng:BAB,e6a63c92987299ca1409660135ab597f51b13f8c050421e7602c8f01054205f9,2020-09-11,
eac0c79267fedc6e948a28d6d9dcf7752549bf73b1137fd081bc5be928ccf3b4,167265,local-authority-eng:LND,8ef7c6547386b2330e06d93ba3f5e65cbb21edc4943bbc566203419198a1866b,2020-12-16,2020-12-16
ec807d47ee1fac2b0e657a5a1ae68d5d6b294515816c71681dd6a224f801e0ef,606374,local-authority-eng:YOR,c89258d2677ecee8125a4258ebc3d7cc794d21bd626a33c5ef05312e5e92ce29,2021-05-01,2021-05-02
ecf38d1193d18aac27a8fd6c7b00f8fe69aa071817205fa62380998da6acb6ec,706059,local-authority-eng:ESK,858018ae43bf622afd12e02b98b7ab9ad02cdb6f7c57d01c47a9e3215f200292,2021-06-10,
ed98b738c7f092f21a15d717ddc81c2d4b4316fa12cc50d60dddf9331b342190,418247,local-authority-eng:CAR,0d8e344034c0489e9142e824ebeb300c5af5e103d140e36f3dc710d221c05f37,2021-04-17,
f06ff6001a54b7626dc0170a9edce343d858be1ab1346b948c0a32310cc2c7b9,167260,local-authority-eng:LND,8ef7c6547386b2330e06d93ba3f5e65cbb21edc4943bbc566203419198a1866b,2020-09-09,2020-09-09
f0c8c3f5892e4c97a1f994db6a51bcaaab1966bb90e7b25b584ca0de6194edbf,167265,local-authority-eng:LND,8ef7c6547386b2330e06d93ba3f5e65cbb21edc4943bbc566203419198a1866b,2021-05-27,2021-05-27
f1cd2e60bbf9a886dc7dc07cecabe3cd57f3ee74208e5d844375db0664b8f484,606375,local-authority-eng:YOR,c89258d2677ecee8125a4258ebc3d7cc794d21bd626a33c5ef05312e5e92ce29,2021-02-23,2021-02-24
f33b3065558a08a9919cc47ad90fe7f746c10e173f498a17bdc6c2bb0e08cd98,167265,local-authority-eng:LND,8ef7c6547386b2330e06d93ba3f5e65cbb21edc4943bbc566203419198a1866b,2020-12-30,2020-12-30
f371b704d21ccfe7b504048f0ff4fdcc434b849a9fb90193bee5c8712f603c12,680605,local-authority-eng:WOX,e2c7984b3b5f32e6420e243fef483d4d37b307f2ad84f47cd22a8ebd53a94a57,2020-09-05,
f3969617c89ddb64fee83ce19fb5628301f0e1f853159ee6057958693d806da7,442046,local-authority-eng:MOL,7beac1f5d394d6d9e4db2c960d83c1f1f8b9d3ddf46f8202cd65a43f98036896,2020-09-05,
f3a8133498d17799ab5e6c82b28bbe583a1d3ef5946582dc1a6c96e77e489199,167265,local-authority-eng:LND,8ef7c6547386b2330e06d93ba3f5e65cbb21edc4943bbc566203419198a1866b,2021-01-12,2021-01-12
f3cc6c2d4971653ea2fdb2e0fe1fcbcea44092076597b187250fc652ff82c214,167265,local-authority-eng:LND,8ef7c6547386b2330e06d93ba3f5e65cbb21edc4943bbc566203419198a1866b,2021-03-20,2021-03-22
f44d4283de385baaedd629c40f1f0f9b68c55ae25e66194a55990be848dc8ec5,167265,local-authority-eng:LND,8ef7c6547386b2330e06d93ba3f5e65cbb21edc4943bbc566203419198a1866b,2021-02-13,2021-02-15
f46f960e44ec42f41d500bb9586097bdcdb98ec0b6cf20d9dc47eb914b997e9a,63348,local-authority-eng:BAR,91ab6be088bfb215edd320eee06ad41dc291b8a20c21d5d555f2a91fb65afabc,2020-09-06,
f498f7e6f6eab582c68aa42a62bf61b74a01cf938d664fe44aaa0bb5ba23d845,893311,local-authority-eng:LBH,9c2d7fc1f818b23b2e8d0a89b43ed7278e41d25e4225b4de9910482a72f24230,2020-09-04,2020-10-12
f617d13ef7ff061424ec50ed641f05779797ff03beb2cde6935f2a307c01ab44,5648384,local-authority-eng:GLA;local-authority-eng:SWK,5d1d938d712dc3c3e094f070581466f89e397e1669655850b6caf7d3b643cfed,2020-09-04,
f8cb84c2012e97e473baefb62d9521ef5784e17b2f8fe9b999f673c1b059b4d3,167265,local-authority-eng:LND,8ef7c6547386b2330e06d93ba3f5e65cbb21edc4943bbc566203419198a1866b,2020-11-19,2020-11-19
f9114ac1b99928b5a5593fc106989b79a6c4453fa1dc345b2b4dcbae51f32d4e,50935,local-authority-eng:CHI,5c32ce2a1c89b1f91b7c6ebca6c01aaff88797917d42c637732b5ef8a026d099,2020-09-05,
f92d3042cbf2099d950733d3cbe2bfbfda4c154c8389ae08e8a65f2f7601708e,829711,local-authority-eng:SHF,8ddf05d55c4b353a5f08b62dd3f146ea022e85271e7ccd696024142d01a28fff,2020-09-08,2021-02-04
fa971146c0eb8914fe5b349de3f284bf5a522375079f5c2352f6829366ab1156,167265,local-authority-eng:LND,8ef7c6547386b2330e06d93ba3f5e65cbb21edc4943bbc566203419198a1866b,2021-06-10,2021-06-10
fac3f0fc29435931e39460631394a775ef66f01c1b71eceee65211ea64a327a9,167265,local-authority-eng:LND,8ef7c6547386b2330e06d93ba3f5e65cbb21edc4943bbc566203419198a1866b,2020-12-29,2020-12-29
fb9cd1432bfe914f997d1e67b281902c4a7af3a789bb31847dd1a6da40af0712,2009810,local-authority-eng:BRD,2bebde11cb215cd6348f5e47a4ed58c8f86d6a533911ed52b821d351346d9ebe,2020-09-14,2021-01-27
fbbeabcfcdb15205ba8240cda093c850a23b4879e29eea19a30cdfd97d2974e1,167265,local-authority-eng:LND,8ef7c6547386b2330e06d93ba3f5e65cbb21edc4943bbc566203419198a1866b,2021-01-28,2021-01-28
fc71fd30afa97ec3edc1908049e67bc119efebafb5c34b2ee03051511587cbba,167265,local-authority-eng:LND,8ef7c6547386b2330e06d93ba3f5e65cbb21edc4943bbc566203419198a1866b,2020-11-14,2020-11-16
fcfacf79fe53d4437f85f5501d64d64c294efeab2549717fc3e47467ab70f581,167265,local-authority-eng:LND,8ef7c6547386b2330e06d93ba3f5e65cbb21edc4943bbc566203419198a1866b,2021-04-08,2021-04-08
feb3ba48b9b2b8ee245ce8c0c8bb6910384a83caf2564e038f442f6f922e4ffd,274962,local-authority-eng:BRT,14b600742e98828a6236f52246d80855d55b10855e7c0c0cffcfdf56a3b96f52,2021-02-05,
ff4816fec1b539b037f55ce8fe5fe6b539fb2fbb8371c253029612de7985adc3,606376,local-authority-eng:YOR,c89258d2677ecee8125a4258ebc3d7cc794d21bd626a33c5ef05312e5e92ce29,2021-03-03,2021-03-03
ffb08004aad0e77073562385623c66af912e88f9fe78abcb0860b4c99736360f,167265,local-authority-eng:LND,8ef7c6547386b2330e06d93ba3f5e65cbb21edc4943bbc566203419198a1866b,2020-11-24,2020-11-24
