WKT,gml_id,area,conname,date_created,date_modified,objectid,refval,startd
"MULTIPOLYGON (((340279.52 399470.13,340281.87 399482.4,340273.13 399480.65,340266.14 399479.57,340260.19 399478.89,340259.35 399483.35,340255.8 399500.0,340253.1 399513.05,340252.25 399512.9,340245.59 399511.56,340244.71 399516.82,340242.8 399528.27,340241.6 399535.45,340241.37 399536.86,340234.15 399535.85,340224.25 399534.47,340222.65 399534.25,340212.55 399532.85,340208.3 399555.7,340206.41 399565.88,340205.86 399569.26,340205.15 399569.35,340204.75 399569.4,340203.6 399564.2,340202.85 399560.65,340202.3 399558.98,340201.7 399557.35,340200.35 399553.4,340198.1 399549.8,340192.44 399540.8,340186.63 399536.15,340186.41 399536.94,340172.5 399542.7,340171.45 399543.1,340157.75 399548.75,340154.3 399550.15,340146.55 399553.95,340145.74 399554.34,340138.55 399557.8,340137.75 399558.19,340131.68 399561.16,340130.41 399561.78,340127.2 399563.35,340124.46 399564.68,340122.75 399565.5,340121.87 399565.93,340117.4 399568.1,340114.92 399569.28,340110.05 399571.6,340105.68 399573.73,340105.85 399574.1,340104.11 399575.01,340097.65 399578.4,340090.7 399582.06,340084.55 399585.3,340079.65 399587.9,340077.27 399589.0,340076.85 399589.2,340070.15 399592.25,340064.7 399594.85,340045.75 399557.8,340042.6 399551.55,340046.05 399550.0,340055.35 399545.2,340066.65 399539.5,340085.15 399530.3,340101.0 399522.05,340104.44 399520.31,340100.38 399511.77,340094.79 399500.0,340092.62 399495.84,340089.24 399488.68,340088.32 399486.92,340087.03 399484.44,340077.73 399464.85,340083.9 399461.65,340085.39 399460.88,340091.96 399457.46,340098.05 399454.3,340098.15 399454.5,340106.35 399450.31,340113.06 399446.88,340118.16 399444.28,340118.6 399444.05,340119.81 399443.43,340127.23 399439.61,340133.62 399436.33,340136.7 399434.75,340138.75 399438.6,340142.22 399436.85,340148.35 399433.75,340154.7 399430.35,340155.26 399430.18,340157.9 399429.35,340158.43 399428.9,340161.2 399426.54,340161.26 399428.85,340161.38 399431.5,340161.52 399434.35,340161.65 399437.15,340167.2 399436.95,340169.65 399436.86,340172.6 399436.74,340175.05 399436.65,340180.3 399436.45,340182.0 399436.39,340183.25 399436.35,340193.45 399436.01,340206.9 399435.55,340205.95 399427.04,340205.87 399426.31,340205.4 399422.05,340205.35 399421.64,340204.77 399416.77,340204.72 399416.35,340204.25 399412.35,340204.04 399410.9,340203.41 399406.6,340203.24 399405.5,340203.2 399405.2,340202.22 399399.89,340201.45 399395.72,340201.26 399394.69,340200.4 399390.05,340201.05 399389.85,340203.43 399389.6,340208.68 399389.03,340214.12 399388.45,340219.66 399387.86,340225.01 399387.29,340230.71 399386.68,340236.05 399386.11,340243.19 399385.34,340246.4 399385.0,340256.3 399383.73,340267.45 399382.3,340268.08 399386.58,340269.0 399392.8,340269.41 399395.75,340271.15 399408.25,340271.25 399410.35,340273.4 399419.85,340276.1 399432.8,340276.04 399432.98,340275.85 399433.55,340275.15 399435.1,340274.6 399436.7,340274.55 399436.85,340274.2 399438.3,340273.95 399439.8,340273.85 399441.4,340273.9 399443.0,340273.91 399443.12,340273.95 399443.6,340274.74 399447.85,340275.29 399450.72,340276.06 399453.79,340276.25 399453.75,340276.55 399455.0,340277.3 399454.85,340277.75 399457.0,340277.15 399457.35,340277.25 399457.95,340278.15 399458.7,340278.55 399460.65,340277.95 399461.35,340278.0 399461.65,340278.7 399461.5,340279.15 399463.6,340278.25 399463.8,340279.25 399468.55,340279.52 399470.13)))",inspire_conservationarea,24604.704,North Park Road Conservation Area                                               ,2006-08-17Z,2006-08-17Z,1480,06/0001/CONS        ,2006-06-30Z
"MULTIPOLYGON (((340168.1 399246.6,340169.55 399251.3,340171.65 399258.3,340176.2 399275.15,340176.25 399275.6,340175.8 399277.6,340182.0 399303.3,340177.57 399305.86,340167.8 399311.35,340167.59 399311.47,340162.9 399314.0,340161.79 399314.58,340152.0 399319.65,340150.45 399320.45,340140.68 399325.52,340135.8 399328.05,340134.65 399328.65,340125.25 399334.78,340123.45 399335.95,340123.32 399335.72,340112.06 399341.33,340104.05 399345.33,340102.6 399346.05,340095.36 399349.88,340094.85 399350.15,340092.55 399351.3,340085.29 399354.98,340084.35 399355.45,340081.1 399357.1,340076.78 399359.31,340074.65 399360.4,340069.99 399362.78,340065.75 399364.95,340059.8 399368.25,340055.0 399371.15,340051.6 399373.05,340050.1 399370.7,340046.97 399366.07,340046.75 399365.95,340040.75 399354.8,340030.84 399335.53,340028.15 399330.4,340022.95 399320.15,340018.45 399312.1,340017.77 399310.79,340015.55 399306.5,340010.51 399297.14,340009.83 399297.51,340002.45 399284.15,340000.0 399279.7,339999.35 399278.8,339995.17 399271.15,339993.3 399267.9,340000.0 399264.23,340000.33 399264.05,340007.96 399259.86,340009.91 399258.79,340010.6 399260.15,340019.22 399255.42,340019.74 399254.03,340031.72 399248.35,340040.74 399243.53,340046.39 399240.51,340049.6 399239.14,340057.74 399235.78,340064.26 399232.15,340063.85 399231.4,340063.79 399230.89,340066.3 399229.57,340080.14 399222.28,340097.26 399213.22,340097.48 399212.16,340095.32 399211.32,340098.7 399205.41,340100.0 399205.75,340106.05 399208.9,340113.85 399212.8,340132.5 399222.1,340152.15 399231.45,340158.8 399234.6,340165.25 399237.59,340166.48 399241.49,340168.1 399246.6)))",inspire_conservationarea,18212.953,South Park Road Conservation Area                                               ,2006-08-17Z,2006-10-30Z,1481,06/0002/CONS        ,2006-06-30Z
"MULTIPOLYGON (((339862.86 397904.76,339863.8 397903.65,339866.0 397901.05,339868.8 397897.7,339871.3 397894.8,339874.25 397891.35,339876.8 397888.25,339879.25 397885.25,339881.7 397882.2,339884.15 397879.0,339886.3 397876.25,339888.35 397873.45,339890.4 397870.85,339892.6 397867.55,339895.15 397863.6,339896.15 397862.15,339897.1 397860.7,339898.05 397859.0,339898.9 397857.3,339900.65 397853.75,339901.35 397852.1,339902.05 397850.4,339903.6 397846.55,339904.2 397844.8,339904.75 397843.05,339906.9 397834.45,339908.25 397829.25,339909.7 397824.1,339911.25 397818.35,339912.8 397812.65,339913.95 397808.3,339915.35 397803.3,339917.4 397795.55,339918.45 397791.55,339919.65 397786.65,339920.75 397782.65,339922.1 397777.5,339922.5 397775.45,339923.4 397770.95,339925.15 397761.05,339925.3 397759.3,339925.4 397757.5,339925.45 397755.8,339925.4 397754.15,339925.25 397752.8,339925.0 397751.5,339924.65 397750.15,339924.2 397748.85,339923.65 397747.45,339923.05 397746.1,339922.35 397744.6,339921.55 397743.1,339920.35 397741.15,339918.85 397738.9,339916.8 397736.35,339913.71 397732.5,339919.5 397720.9,339911.5 397696.8,339911.0 397695.65,339910.4 397693.85,339909.85 397692.1,339910.55 397687.5,339910.75 397686.3,339911.15 397685.0,339912.05 397682.1,339913.75 397677.35,339915.2 397673.0,339916.65 397668.9,339916.95 397668.25,339917.35 397667.55,339918.8 397666.3,339919.5 397665.75,339921.35 397664.8,339922.2 397664.4,339923.1 397664.05,339924.0 397663.75,339924.9 397663.5,339926.75 397663.2,339927.15 397663.15,339927.6 397663.1,339928.15 397663.15,339928.7 397663.25,339931.45 397663.95,339934.95 397664.95,339938.5 397665.95,339942.75 397667.2,339947.05 397668.45,339952.1 397669.9,339956.75 397671.25,339961.4 397672.55,339966.35 397673.9,339970.0 397675.05,339974.4 397676.3,339979.25 397677.7,339983.8 397679.0,339988.75 397680.5,339992.1 397681.4,339995.65 397682.5,340000.0 397684.1,340004.75 397685.85,340007.85 397686.75,340009.5 397687.25,340013.4 397688.65,340018.9 397690.65,340024.35 397692.5,340030.1 397694.5,340036.5 397696.75,340042.47 397698.95,340044.03 397699.53,340046.62 397700.49,340046.8 397700.55,340040.7 397706.91,340036.7 397710.6,340032.4 397714.2,340029.75 397716.35,340028.2 397717.6,340026.6 397718.85,340025.15 397719.9,340023.6 397720.9,340021.85 397721.85,340020.0 397722.65,340014.4 397725.35,340006.35 397729.0,340001.7 397731.1,340000.0 397731.9,339994.2 397734.5,339989.7 397736.6,339985.6 397738.5,339983.62 397739.45,339981.0 397740.7,339975.75 397743.1,339971.05 397745.1,339965.25 397747.8,339962.42 397749.05,339962.05 397754.1,339961.1 397765.45,339960.65 397769.9,339960.45 397773.4,339960.35 397775.35,339960.3 397776.1,339960.3 397776.9,339960.35 397777.5,339960.43 397778.2,339960.7 397779.1,339960.75 397779.35,339960.8 397779.65,339960.8 397780.0,339960.7 397780.35,339960.4 397782.16,339960.25 397783.1,339959.9 397785.7,339959.45 397789.85,339959.05 397793.45,339958.9 397796.2,339958.6 397800.25,339958.35 397804.7,339958.15 397808.35,339957.95 397811.1,339957.94 397811.4,339957.75 397817.4,339957.8 397820.65,339957.9 397824.45,339957.95 397827.85,339958.05 397829.8,339958.05 397830.6,339958.15 397831.1,339958.3 397831.6,339959.0 397833.5,339959.85 397835.25,339960.5 397836.35,339961.45 397837.85,339963.55 397840.85,339965.2 397843.3,339967.0 397845.85,339969.7 397849.95,339971.45 397852.6,339973.45 397855.6,339975.9 397859.2,339978.45 397863.2,339980.95 397866.8,339981.19 397867.16,339983.4 397870.5,339985.5 397873.7,339987.65 397877.0,339989.9 397880.25,339991.7 397882.95,339994.0 397886.25,339995.8 397889.1,339997.45 397891.55,340000.0 397895.55,340001.2 397897.5,340003.4 397900.85,340004.36 397902.29,340010.4 397911.35,340016.05 397919.85,340019.8 397925.6,340021.35 397924.5,340025.9 397921.15,340031.25 397917.15,340036.9 397913.1,340042.85 397908.7,340049.3 397904.05,340052.3 397908.25,340057.05 397915.15,340062.65 397923.0,340068.45 397931.45,340075.4 397941.35,340075.0 397941.65,340073.05 397942.95,340039.7 397942.7,340031.85 397943.7,340025.25 397944.6,340018.4 397945.45,340009.75 397946.55,340000.0 397947.7,339998.15 397947.95,339985.49 397940.86,339981.1 397943.9,339976.3 397947.15,339971.3 397950.5,339966.1 397953.9,339961.6 397956.95,339959.45 397956.25,339951.5 397944.45,339946.15 397936.2,339912.85 397962.2,339909.95 397964.3,339904.25 397957.1,339901.3 397953.3,339897.65 397948.95,339890.75 397939.95,339887.7 397936.2,339883.3 397930.7,339879.25 397925.5,339874.6 397919.75,339869.47 397913.28,339862.86 397904.76)))",inspire_conservationarea,25009.565,Ingoe Lane Conservation Area                                                    ,2006-08-17Z,2006-08-17Z,1482,06/0003/CONS        ,2006-06-30Z
"MULTIPOLYGON (((341004.75 398979.5,341002.55 398985.8,341000.0 398992.45,340997.15 399000.0,340994.89 399006.35,340994.8 399006.6,340991.47 399005.12,340988.9 399012.09,340986.84 399017.67,340985.34 399021.85,340981.83 399031.66,340978.19 399041.84,340961.2 399039.25,340954.6 399038.24,340943.52 399036.34,340939.58 399035.66,340933.85 399034.79,340923.84 399033.28,340905.52 399030.52,340869.5 399025.2,340855.7 399022.95,340844.35 399021.05,340834.1 399019.5,340824.15 399017.9,340814.35 399016.35,340800.4 399014.35,340800.11 399014.31,340796.91 399013.84,340782.45 399011.68,340687.85 398999.89,340687.45 399000.0,340677.85 399002.75,340662.45 399007.45,340644.8 399012.8,340625.86 399018.44,340625.65 399018.5,340625.23 399018.71,340624.59 399019.02,340622.37 399020.13,340618.5 399022.04,340618.22 399022.18,340615.3 399023.62,340615.2 399023.4,340614.9 399022.95,340614.65 399022.45,340614.35 399021.8,340614.15 399021.1,340613.8 399019.55,340613.6 399018.75,340613.2 399017.85,340607.85 399007.55,340621.2 399001.1,340623.25 399000.0,340624.15 398999.5,340626.8 398998.1,340640.05 398991.35,340648.85 398987.0,340651.85 398985.4,340662.15 398980.2,340672.6 398975.0,340674.5 398974.0,340674.7 398974.35,340678.85 398972.9,340689.15 398967.6,340691.1 398966.5,340695.6 398964.05,340701.7 398960.25,340705.9 398957.65,340712.25 398953.55,340719.4 398948.8,340737.32 398933.38,340745.35 398927.3,340747.5 398925.7,340752.79 398920.34,340757.68 398915.38,340759.2 398913.85,340762.53 398910.58,340765.05 398909.55,340771.45 398903.05,340793.4 398881.1,340803.65 398870.85,340829.65 398845.0,340839.34 398835.22,340844.7 398830.0,340845.7 398829.2,340846.9 398828.4,340848.15 398827.75,340849.5 398827.25,340850.85 398826.85,340852.15 398826.6,340853.55 398826.5,340855.0 398826.55,340867.65 398827.08,340898.95 398828.4,340901.25 398828.85,340903.9 398829.6,340906.5 398830.5,340907.9 398831.05,340910.4 398832.2,340912.8 398833.55,340913.28 398833.86,340922.15 398839.55,340930.7 398845.15,340946.8 398855.8,340958.0 398862.45,340961.45 398864.41,340963.22 398865.41,340968.6 398868.45,340973.55 398871.15,341001.98 398885.41,340999.3 398886.9,340970.56 398898.43,340970.45 398903.9,340970.25 398922.7,340969.35 398935.9,340969.55 398949.45,340969.58 398980.63,341004.75 398979.5)))",inspire_conservationarea,44158.668,Old Hall Lane Conservation Area                                                 ,2006-08-17Z,2006-08-17Z,1483,06/0004/CONS        ,2006-06-30Z
"MULTIPOLYGON (((341555.55 397010.85,341529.46 397025.03,341529.3 397024.8,341519.81 397030.01,341505.8 397037.7,341505.9 397037.85,341500.0 397040.8,341494.85 397043.5,341488.9 397046.85,341479.97 397051.89,341476.69 397053.74,341468.54 397058.34,341460.88 397062.67,341454.8 397066.1,341453.3 397066.96,341445.15 397071.6,341437.2 397076.1,341429.4 397080.5,341420.11 397085.62,341419.15 397086.15,341414.15 397088.9,341409.8 397091.3,341405.5 397093.95,341405.0 397094.3,341404.55 397094.6,341404.15 397094.95,341403.45 397095.65,341403.15 397096.0,341402.95 397096.35,341402.9 397096.45,341402.7 397097.25,341395.0 397109.15,341389.8 397112.45,341375.25 397121.8,341362.8 397129.9,341344.3 397141.7,341326.3 397153.45,341312.45 397162.4,341312.02 397163.1,341311.2 397164.45,341308.8 397168.5,341298.45 397170.7,341290.99 397172.71,341289.35 397173.15,341285.34 397174.24,341284.2 397174.6,341282.76 397174.99,341281.45 397175.35,341276.45 397176.7,341273.7 397176.35,341267.75 397177.4,341261.19 397178.26,341253.6 397179.25,341246.86 397180.12,341242.82 397159.44,341252.4 397157.4,341257.6 397156.3,341263.3 397155.0,341272.75 397152.6,341271.11 397148.05,341271.0 397147.75,341266.55 397135.15,341262.2 397123.05,341257.95 397111.6,341257.89 397111.41,341261.55 397106.45,341263.2 397104.4,341267.9 397101.5,341273.6 397097.95,341278.91 397094.78,341280.8 397093.65,341283.8 397091.9,341290.3 397090.85,341293.2 397090.35,341293.7 397090.25,341295.9 397089.85,341296.5 397089.75,341297.6 397089.45,341298.2 397089.25,341298.75 397089.05,341299.3 397088.8,341300.35 397088.5,341301.15 397088.2,341301.6 397087.95,341302.6 397087.45,341303.5 397087.15,341303.95 397086.95,341304.55 397086.65,341304.8 397086.45,341305.05 397086.3,341305.35 397086.1,341305.6 397085.95,341305.9 397085.8,341306.2 397085.6,341306.5 397085.45,341306.7 397085.25,341306.9 397085.1,341307.1 397084.9,341309.8 397082.4,341313.2 397079.0,341317.25 397075.05,341320.85 397074.2,341323.5 397073.45,341326.7 397072.9,341328.75 397072.55,341330.75 397072.45,341334.45 397072.5,341350.45 397073.3,341378.77 397061.66,341384.13 397076.1,341388.85 397074.45,341392.88 397073.15,341396.7 397070.65,341406.9 397063.55,341416.38 397057.08,341418.28 397055.98,341419.97 397055.0,341430.1 397049.17,341430.65 397048.85,341446.8 397039.5,341451.02 397037.09,341454.5 397035.1,341459.15 397032.45,341470.6 397025.8,341481.21 397019.76,341482.97 397018.76,341483.95 397018.2,341484.89 397017.7,341487.6 397016.25,341493.5 397012.95,341500.0 397009.45,341514.28 397001.47,341516.9 397000.0,341529.35 396992.65,341552.35 396979.3,341554.1 396978.32,341574.0 396967.1,341593.45 396955.85,341597.64 396953.6,341597.55 396953.35,341608.24 396948.04,341635.95 396934.3,341650.3 396939.75,341660.82 396943.56,341667.66 396951.2,341664.37 396953.39,341661.0 396955.65,341657.65 396957.8,341656.9 396958.35,341647.15 396963.65,341639.6 396967.5,341636.5 396969.06,341632.56 396971.04,341631.95 396971.35,341625.21 396974.67,341621.5 396976.5,341617.94 396978.36,341617.14 396978.78,341612.5 396981.2,341604.8 396984.8,341589.85 396992.5,341578.45 396998.55,341576.05 397000.0,341555.55 397010.85)))",inspire_conservationarea,18108.504,Ribblers Lane Conservation Area                                                 ,2006-08-17Z,2006-08-17Z,1484,06/0005/CONS        ,2006-06-30Z
"MULTIPOLYGON (((343232.37 395019.3,343234.65 395004.02,343235.25 395000.0,343236.23 394992.21,343236.85 394987.3,343238.34 394976.4,343238.95 394971.95,343241.2 394955.9,343254.95 394955.6,343266.47 394955.41,343283.7 394956.55,343283.95 394959.65,343284.0 394960.65,343284.35 394965.98,343284.65 394965.95,343285.2 394970.35,343284.44 394970.45,343286.0 394977.55,343288.9 394990.82,343291.1 395000.0,343291.89 395004.9,343292.18 395006.72,343295.17 395025.23,343297.3 395038.45,343309.98 395044.34,343311.8 395045.2,343329.55 395052.84,343333.05 395054.35,343339.45 395057.1,343365.58 395068.45,343367.6 395069.33,343371.07 395070.83,343382.5 395075.8,343389.05 395078.05,343441.79 395096.2,343437.45 395107.05,343433.52 395117.06,343426.12 395135.9,343421.63 395147.3,343420.41 395150.43,343402.84 395141.36,343400.4 395140.1,343400.06 395139.93,343396.96 395138.33,343382.25 395130.75,343374.5 395126.75,343364.33 395121.59,343361.46 395120.13,343358.45 395118.6,343351.95 395115.3,343343.15 395110.8,343337.3 395107.8,343337.66 395109.45,343341.65 395127.75,343343.6 395127.2,343344.25 395128.6,343344.95 395131.75,343346.1 395136.6,343346.5 395141.05,343347.4 395145.55,343348.6 395151.4,343346.5 395151.7,343349.7 395167.25,343350.71 395172.12,343353.02 395183.26,343354.93 395192.47,343355.31 395194.33,343355.54 395195.46,343356.95 395202.25,343357.29 395203.83,343359.92 395216.24,343361.5 395223.7,343361.54 395223.89,343364.05 395236.15,343364.51 395238.39,343365.46 395242.99,343365.95 395245.4,343366.85 395249.78,343368.54 395257.99,343369.07 395260.57,343370.12 395265.69,343371.35 395271.64,343371.8 395273.85,343372.65 395277.95,343373.64 395282.66,343373.91 395283.95,343374.48 395286.7,343375.06 395289.48,343375.95 395293.75,343376.35 395296.1,343379.35 395311.4,343364.04 395314.71,343348.45 395318.09,343337.58 395320.45,343336.4 395320.7,343344.4 395361.1,343345.55 395365.4,343347.15 395373.2,343347.7 395377.3,343359.0 395433.05,343359.07 395433.39,343370.99 395431.11,343375.0 395430.35,343389.45 395425.0,343393.32 395427.81,343402.05 395434.15,343403.0 395437.67,343406.24 395449.65,343414.25 395448.05,343424.79 395445.93,343442.55 395442.35,343442.0 395439.5,343450.01 395437.89,343471.86 395433.49,343472.62 395437.54,343474.42 395447.04,343475.55 395453.05,343478.35 395467.4,343479.5 395473.1,343487.82 395471.48,343488.0 395492.8,343488.67 395496.37,343493.7 395500.0,343500.0 395504.6,343515.5 395515.85,343562.2 395549.45,343572.61 395556.99,343574.0 395556.7,343578.9 395555.7,343609.65 395549.35,343610.0 395549.35,343610.3 395549.3,343610.65 395549.25,343630.81 395545.13,343627.2 395549.95,343623.86 395554.42,343620.95 395558.95,343617.58 395564.37,343614.85 395568.75,343611.7 395573.65,343611.63 395573.79,343608.7 395579.4,343606.22 395584.16,343603.35 395589.65,343601.25 395593.7,343596.35 395603.15,343590.2 395615.35,343589.05 395617.65,343579.2 395638.35,343573.05 395651.85,343570.2 395659.05,343566.4 395669.2,343558.65 395690.0,343555.0 395700.35,343549.4 395716.65,343545.7 395728.4,343542.9 395738.05,343541.35 395743.05,343533.7 395767.8,343533.5 395768.45,343530.65 395778.95,343528.45 395787.4,343526.85 395793.05,343520.3 395817.6,343518.12 395824.75,343520.35 395825.3,343521.03 395825.47,343523.8 395826.15,343528.8 395827.6,343530.85 395828.43,343538.2 395830.8,343574.11 395842.54,343573.05 395848.9,343573.03 395849.14,343572.1 395858.2,343569.9 395880.55,343569.87 395880.9,343568.5 395895.4,343567.1 395895.25,343566.25 395909.95,343566.23 395910.15,343563.78 395931.03,343560.25 395930.5,343560.06 395931.5,343559.78 395934.6,343559.6 395936.6,343558.39 395947.8,343558.1 395950.45,343556.1 395968.62,343555.27 395976.11,343554.12 395986.56,343552.65 396000.0,343552.25 396004.01,343552.15 396005.0,343568.1 396005.95,343582.75 396006.76,343584.3 396006.9,343595.1 396007.85,343606.67 396008.83,343609.2 396009.05,343610.65 396009.2,343621.9 396010.1,343629.4 396010.8,343634.7 396011.3,343644.5 396012.1,343648.35 396012.4,343654.05 396012.8,343665.35 396013.7,343672.2 396014.15,343676.7 396014.0,343680.45 396013.85,343681.24 396011.1,343681.91 396008.74,343682.5 396006.7,343683.95 396001.9,343684.55 396000.0,343686.06 395994.95,343688.8 395985.8,343691.64 395976.14,343698.45 395979.25,343718.43 395988.3,343722.97 395990.39,343723.2 395988.65,343723.7 395985.65,343724.15 395984.0,343726.1 395977.25,343726.8 395974.95,343727.4 395972.65,343727.7 395970.55,343727.95 395967.4,343728.1 395964.15,343727.93 395961.3,343727.9 395960.85,343727.1 395952.4,343726.15 395942.5,343728.77 395941.94,343729.45 395941.8,343735.7 395940.6,343739.5 395940.1,343740.1 395940.15,343741.15 395940.05,343741.45 395940.09,343742.2 395940.05,343742.53 395939.95,343744.2 395939.45,343748.35 395938.8,343753.9 395938.0,343756.25 395937.55,343758.75 395936.9,343762.85 395935.4,343767.0 395933.3,343780.05 395927.63,343784.9 395925.7,343788.05 395924.5,343790.5 395923.85,343791.3 395923.7,343792.3 395923.55,343792.9 395923.55,343795.1 395923.55,343795.35 395923.5,343796.8 395923.5,343799.75 395922.35,343801.75 395921.25,343805.35 395919.07,343807.95 395917.75,343808.7 395917.4,343809.6 395917.05,343812.55 395916.15,343817.1 395915.4,343818.6 395915.25,343820.65 395915.05,343820.95 395915.0,343821.3 395914.95,343822.65 395914.85,343831.08 395911.79,343843.15 395907.2,343856.7 395903.25,343860.05 395902.25,343860.8 395903.05,343861.15 395903.45,343861.35 395903.6,343861.7 395903.9,343864.65 395905.3,343871.63 395903.12,343877.15 395901.4,343884.28 395899.17,343900.68 395894.04,343907.35 395891.95,343915.86 395889.2,343908.5 395912.05,343891.65 395963.6,343886.85 395978.15,343883.35 395988.55,343879.25 396000.0,343878.5 396001.9,343877.4 396005.3,343876.4 396008.3,343874.2 396015.0,343871.1 396024.15,343869.0 396030.55,343866.85 396037.0,343865.6 396040.85,343864.3 396044.7,343862.7 396049.25,343860.75 396055.35,343858.35 396062.25,343857.9 396063.65,343857.8 396064.0,343857.35 396064.9,343857.25 396065.15,343857.1 396065.45,343856.5 396066.2,343856.25 396066.45,343856.1 396066.55,343854.35 396067.35,343852.2 396068.05,343848.1 396067.55,343837.8 396066.4,343823.1 396064.8,343817.95 396064.3,343807.8 396063.05,343800.0 396062.1,343796.1 396061.65,343786.55 396060.5,343771.75 396058.85,343753.2 396056.75,343737.6 396055.0,343733.25 396054.5,343723.8 396053.4,343715.0 396052.4,343714.75 396052.35,343714.45 396052.25,343714.2 396052.15,343713.9 396052.05,343713.8 396052.0,343713.2 396051.6,343712.95 396051.4,343712.44 396050.95,343712.15 396050.7,343711.35 396050.05,343708.35 396049.55,343707.88 396049.89,343707.4 396050.25,343705.7 396050.85,343705.35 396050.95,343704.95 396051.0,343704.6 396051.1,343704.4 396051.15,343703.95 396051.15,343703.15 396051.2,343687.35 396049.2,343682.01 396048.58,343680.5 396048.41,343671.85 396047.4,343654.5 396045.35,343636.8 396043.3,343634.6 396043.2,343619.4 396041.35,343605.55 396039.7,343603.1 396039.4,343591.3 396038.0,343583.9 396037.15,343576.2 396036.2,343552.2 396033.45,343547.75 396032.9,343539.0 396032.1,343535.8 396031.55,343517.05 396029.15,343500.0 396026.8,343499.4 396026.7,343496.45 396023.95,343494.95 396023.45,343485.0 396022.6,343484.55 396022.45,343480.55 396021.5,343478.5 396020.7,343477.75 396020.35,343476.95 396019.95,343476.25 396019.45,343475.95 396019.25,343475.7 396019.05,343475.4 396018.85,343475.0 396018.45,343474.6 396018.1,343473.8 396017.3,343473.35 396016.9,343473.0 396016.5,343472.6 396016.05,343472.25 396015.6,343471.95 396015.1,343471.6 396014.65,343471.35 396014.15,343458.49 396017.9,343455.2 396018.85,343442.55 396022.6,343436.59 396024.36,343425.3 396027.7,343422.78 396028.43,343420.65 396029.04,343418.55 396029.65,343417.15 396025.0,343417.1 396024.83,343416.2 396021.3,343410.86 396022.65,343405.35 396024.3,343391.73 396028.16,343382.79 396030.7,343378.09 396032.03,343370.1 396034.3,343348.27 396040.53,343310.95 396051.3,343291.57 396057.03,343289.9 396051.1,343287.95 396043.7,343287.8 396042.85,343286.05 396036.7,343283.95 396029.55,343281.7 396020.8,343292.95 396016.6,343297.5 396014.9,343298.67 396014.49,343294.53 396002.42,343293.71 396000.0,343288.72 395985.18,343288.47 395984.45,343284.46 395972.08,343283.77 395969.18,343288.3 395967.7,343309.6 395960.75,343312.75 395959.75,343312.4 395958.75,343315.45 395957.75,343318.69 395956.72,343318.9 395954.2,343319.35 395953.55,343319.6 395953.3,343319.95 395953.05,343320.4 395952.9,343320.8 395952.85,343328.05 395950.35,343333.75 395948.38,343335.15 395947.9,343334.65 395941.05,343334.3 395935.55,343333.88 395928.77,343337.84 395927.61,343342.06 395926.98,343345.95 395926.4,343346.25 395926.45,343351.45 395926.95,343366.55 395931.5,343369.35 395932.3,343374.67 395933.74,343389.33 395920.03,343410.45 395900.36,343393.76 395819.41,343401.96 395818.04,343422.8 395813.75,343401.85 395702.4,343396.4 395673.7,343395.86 395673.78,343367.35 395678.2,343361.34 395652.05,343361.1 395651.0,343337.84 395624.16,343331.0 395616.27,343319.2 395602.65,343298.45 395579.2,343298.37 395579.07,343296.02 395575.18,343286.34 395559.11,343275.45 395541.05,343270.33 395532.59,343260.6 395516.5,343245.3 395500.0,343236.05 395489.85,343223.2 395475.8,343215.77 395467.59,343208.35 395459.4,343206.2 395457.05,343191.75 395441.45,343176.35 395424.7,343164.05 395411.25,343153.55 395400.0,343138.95 395383.8,343120.3 395374.6,343097.9 395363.65,343079.8 395354.75,343079.0 395354.35,343078.25 395353.85,343077.25 395352.85,343076.7 395351.95,343076.7 395351.65,343076.9 395351.05,343077.2 395350.55,343077.65 395350.1,343078.15 395349.65,343078.65 395349.25,343079.45 395348.8,343080.3 395348.45,343081.2 395348.15,343082.05 395347.85,343084.5 395347.15,343086.95 395346.65,343089.4 395346.3,343091.85 395346.0,343097.0 395345.6,343099.65 395345.6,343102.25 395345.75,343105.31 395346.03,343107.25 395346.2,343111.4 395346.85,343118.4 395348.1,343120.11 395348.37,343124.5 395349.05,343130.3 395349.65,343136.85 395349.8,343153.36 395349.58,343153.53 395349.27,343154.4 395348.2,343155.05 395347.25,343155.18 395347.12,343155.14 395347.04,343155.6 395346.7,343156.15 395346.25,343156.8 395345.85,343158.4 395312.6,343158.35 395298.9,343159.25 395292.05,343160.1 395284.85,343160.5 395283.0,343161.2 395283.0,343167.95 395263.05,343170.08 395256.65,343175.0 395240.1,343178.05 395229.7,343182.3 395214.6,343186.05 395201.35,343187.95 395195.55,343188.3 395193.65,343188.65 395191.85,343189.79 395188.22,343183.3 395186.8,343173.85 395184.75,343171.76 395182.98,343170.64 395180.91,343169.76 395178.46,343169.07 395175.52,343168.71 395172.18,343168.75 395166.4,343168.9 395162.55,343164.7 395162.38,343160.05 395162.2,343160.0 395163.45,343157.0 395163.35,343157.05 395162.1,343151.8 395161.9,343152.35 395148.3,343152.41 395146.87,343143.52 395146.64,343143.6 395125.1,343143.5 395111.6,343143.45 395110.05,343143.1 395107.6,343143.4 395101.1,343143.7 395099.3,343143.95 395097.5,343144.05 395095.05,343143.95 395092.05,343143.8 395081.05,343144.45 395076.35,343156.33 395077.59,343156.6 395072.75,343157.7 395054.9,343157.83 395052.85,343158.95 395035.85,343159.4 395029.9,343160.46 395016.73,343160.98 395009.99,343173.3 395012.0,343183.15 395013.2,343188.25 395013.7,343228.89 395018.86,343231.31 395019.16,343232.37 395019.3)))",inspire_conservationarea,244492.771,Knowsley Village Conservation Area                                              ,2006-08-17Z,2006-08-17Z,1485,06/0006/CONS        ,2006-06-30Z
"MULTIPOLYGON (((344301.55 391058.3,344306.98 391064.22,344313.15 391071.8,344321.15 391081.75,344330.5 391092.2,344355.65 391116.35,344364.85 391125.61,344385.35 391146.25,344400.3 391159.4,344414.8 391173.7,344417.15 391175.86,344405.1 391187.95,344405.27 391188.18,344375.25 391220.25,344375.15 391220.35,344366.93 391229.03,344359.1 391237.18,344358.55 391236.95,344357.89 391236.58,344357.65 391236.45,344356.7 391235.8,344346.9 391226.05,344341.02 391220.47,344341.13 391220.26,344332.89 391211.11,344326.01 391203.24,344324.48 391201.48,344320.15 391206.6,344319.27 391205.69,344308.1 391215.4,344307.7 391215.76,344300.7 391222.2,344287.15 391234.85,344286.35 391234.3,344285.95 391234.0,344284.6 391232.85,344276.6 391225.25,344272.9 391220.5,344268.48 391217.3,344268.2 391217.1,344267.65 391221.15,344267.12 391225.01,344266.53 391229.41,344266.32 391230.88,344266.07 391232.74,344266.05 391232.9,344265.57 391236.85,344264.96 391241.93,344264.67 391244.35,344264.15 391248.7,344264.0 391251.95,344263.8 391256.25,344263.5 391262.7,344262.72 391266.25,344262.05 391269.33,344261.5 391271.85,344260.77 391277.17,344260.18 391281.4,344260.15 391281.65,344259.17 391288.51,344258.95 391290.05,344258.93 391290.24,344258.69 391292.96,344237.38 391286.98,344235.3 391286.4,344234.6 391286.35,344223.69 391285.16,344221.05 391284.87,344215.84 391284.23,344206.81 391282.47,344208.6 391270.75,344209.9 391263.05,344209.93 391262.9,344211.5 391254.75,344212.88 391246.56,344214.25 391238.4,344215.68 391230.15,344217.35 391220.5,344219.18 391209.96,344220.52 391202.29,344220.55 391202.1,344223.25 391187.75,344224.79 391179.53,344226.35 391171.2,344223.92 391170.77,344221.5 391170.35,344211.14 391168.4,344201.1 391166.51,344199.33 391175.42,344186.0 391173.05,344181.5 391198.95,344180.9 391201.35,344165.7 391198.75,344158.14 391197.42,344144.15 391194.95,344138.4 391193.97,344133.41 391193.12,344125.95 391191.85,344125.2 391191.74,344117.14 391190.62,344115.25 391190.35,344108.79 391189.14,344107.51 391188.9,344109.3 391179.7,344113.25 391159.5,344113.3 391159.35,344114.7 391152.4,344118.0 391133.85,344118.05 391133.75,344120.85 391122.12,344122.76 391123.27,344130.0 391127.65,344132.35 391128.06,344136.63 391121.44,344149.95 391102.65,344159.45 391089.35,344160.04 391088.53,344162.99 391084.49,344168.26 391077.24,344168.0 391077.05,344160.79 391071.75,344153.5 391066.4,344147.26 391061.76,344153.82 391052.42,344162.49 391040.22,344164.6 391037.25,344172.85 391026.1,344180.62 391032.11,344182.17 391033.32,344188.35 391025.05,344202.4 391006.0,344207.05 391000.0,344224.07 390977.88,344240.35 390991.85,344243.55 390994.85,344249 391000,344259.75 391010.05,344267.17 391017.02,344268.51 391018.36,344281.65 391031.5,344283.9 391034.05,344285.9 391036.6,344288.4 391040.05,344290.04 391042.5,344295.35 391050.45,344301.55 391058.3)))",inspire_conservationarea,44842.219,Huyton Church Conservation Area                                                 ,2006-08-17Z,2006-08-17Z,1486,06/0007/CONS        ,2006-06-30Z
"MULTIPOLYGON (((343238.31 390460.43,343238.95 390460.5,343239.9 390460.6,343242.65 390461.05,343245.95 390461.6,343245.65 390463.4,343244.35 390471.15,343243.7 390478.25,343243.4 390482.1,343243.05 390488.05,343242.9 390491.6,343242.8 390495.0,343242.95 390500.0,343243.32 390504.61,343243.66 390510.1,343243.7 390510.8,343244.0 390514.4,343243.95 390514.9,343244.1 390516.9,343244.5 390519.0,343244.8 390520.25,343245.15 390522.1,343245.23 390522.43,343245.6 390524.0,343246.01 390525.5,343246.1 390525.85,343247.7 390532.05,343248.34 390534.55,343249.2 390537.9,343249.86 390540.37,343250.15 390541.45,343251.1 390544.25,343251.51 390544.99,343255.5 390545.65,343257.35 390544.65,343260.35 390543.2,343262.97 390542.24,343264.45 390541.7,343269.8 390540.1,343271.28 390539.76,343274.6 390539.0,343279.55 390537.88,343279.7 390537.85,343284.15 390536.95,343287.95 390536.39,343288.55 390536.3,343293.45 390535.55,343297.7 390534.98,343297.95 390534.95,343301.45 390534.7,343305.55 390534.45,343326.7 390532.45,343331.65 390532.6,343335.6 390532.85,343337.74 390533.11,343339.3 390533.3,343343.9 390534.15,343347.45 390534.9,343347.41 390536.15,343347.3 390538.95,343352.65 390538.7,343354.45 390538.7,343357.9 390538.7,343360.7 390538.7,343367.75 390538.74,343368.8 390538.75,343377.6 390539.0,343383.25 390539.1,343399.95 390539.0,343400.66 390523.04,343402.07 390523.1,343406.8 390523.3,343411.5 390523.49,343416.2 390523.69,343420.9 390523.89,343426.0 390524.1,343430.7 390524.3,343435.5 390524.5,343456.65 390525.4,343499.85 390525.1,343505.54 390525.1,343505.65 390535.95,343505.75 390536.55,343505.7 390537.1,343506.0 390559.8,343506.05 390560.1,343506.05 390561.05,343506.0 390561.3,343506.0 390561.55,343505.9 390562.05,343506.03 390577.85,343506.03 390584.85,343506.04 390587.18,343495.51 390587.2,343476.05 390587.55,343469.8 390588.5,343470.2 390591.05,343464.16 390592.09,343467.11 390610.42,343467.8 390614.7,343470.17 390629.39,343470.77 390633.09,343457.5 390632.05,343457.14 390632.02,343446.73 390631.13,343445.21 390631.0,343445.25 390631.95,343433.74 390630.09,343421.75 390628.15,343421.25 390628.05,343413.05 390626.37,343410.93 390647.94,343410.9 390648.2,343405.2 390647.5,343375.35 390643.81,343370.85 390643.25,343364.35 390642.6,343362.89 390642.48,343361.8 390642.4,343360.45 390642.12,343357.68 390641.54,343355.1 390641.0,343342.48 390638.57,343331.25 390636.5,343331.09 390636.47,343318.4 390633.97,343311.15 390632.55,343310.6 390627.9,343309.63 390627.74,343308.8 390627.6,343297.75 390624.45,343276.6 390621.05,343277.15 390623.5,343277.35 390631.1,343277.89 390631.04,343278.8 390646.15,343279.0 390650.05,343279.29 390653.05,343279.35 390653.7,343279.85 390659.0,343279.93 390660.35,343280.15 390664.0,343280.55 390670.15,343281.11 390680.17,343281.3 390682.99,343251.95 390685.6,343240.6 390686.43,343239.05 390686.55,343233.4 390686.9,343228.45 390687.2,343223.5 390687.55,343222.45 390687.56,343219.1 390687.6,343214.35 390687.64,343212.35 390687.66,343202.8 390688.6,343192.85 390689.59,343192.25 390689.65,343189.8 390689.85,343181.25 390690.7,343172.3 390691.55,343170.85 390691.5,343169.48 390691.6,343168.0 390691.8,343166.6 390692.05,343148.6 390693.8,343147.65 390684.45,343146.8 390675.8,343146.4 390671.65,343146.45 390671.35,343145.85 390662.49,343145.4 390655.95,343145.24 390653.45,343144.8 390646.6,343144.66 390644.25,343144.35 390639.1,343144.12 390635.2,343143.85 390630.75,343143.15 390621.05,343142.8 390614.75,343142.6 390611.55,343135.8 390601.95,343130.86 390601.19,343127.3 390600.65,343116.1 390599.0,343113.1 390598.59,343109.45 390598.1,343099.1 390596.0,343093.56 390595.34,343087.0 390594.7,343082.7 390594.31,343082.1 390594.25,343074.8 390593.55,343072.7 390593.39,343068.1 390593.05,343062.3 390592.56,343061.6 390592.5,343053.6 390591.8,343052.3 390591.7,343046.2 390591.25,343044.84 390591.14,343042.45 390590.94,343039.45 390590.7,343031.95 390590.14,343029.5 390589.95,343022.7 390589.5,343020.04 390589.27,343018.44 390589.13,343017 390589,343014.79 390588.84,343013.85 390588.77,343009.45 390588.45,343002.2 390587.85,343000.0 390587.8,342963.41 390587.6,342963.25 390587.6,342953.55 390587.45,342946.15 390587.4,342939.2 390587.5,342905.7 390587.65,342899.83 390587.71,342901.48 390574.21,342901.53 390573.84,342905.22 390547.56,342907.25 390530.57,342909.75 390516.01,342910.2 390513.13,342910.75 390509.58,342912.24 390500.0,342914.41 390486.07,342915.15 390481.29,342918.91 390456.6,342924.52 390419.71,342935.86 390422.5,342963.06 390430.9,342998.98 390442.27,343000.0 390442.59,343001.07 390442.93,343001.43 390442.11,343024.43 390463.75,343039.6 390472.33,343048.19 390476.6,343059.71 390504.05,343104.27 390507.81,343104.95 390501.95,343105.2 390500.0,343106.1 390495.15,343106.5 390493.05,343106.65 390492.2,343106.8 390491.4,343108.45 390483.3,343110.25 390474.05,343111.7 390466.8,343121.2 390448.5,343125.95 390442.85,343126.55 390442.25,343126.95 390441.9,343127.8 390441.3,343128.25 390441.05,343129.25 390440.65,343129.8 390440.5,343130.3 390440.4,343153.2 390445.75,343153.75 390445.9,343165.6 390449.5,343178.2 390452.4,343189.05 390454.95,343204.05 390456.65,343218.3 390457.05,343224.15 390458.25,343235.45 390460.1,343238.31 390460.43)))",inspire_conservationarea,81480.213,Roby Conservation Area                                                          ,2006-08-17Z,2006-08-17Z,1487,06/0008/CONS        ,2006-06-30Z
"MULTIPOLYGON (((344347.4 390636.7,344344.15 390636.5,344332.75 390635.9,344322.75 390635.45,344313.8 390635.1,344304.9 390634.7,344293.3 390634.2,344282.4 390633.8,344273.15 390633.4,344270.15 390633.2,344266.25 390633.2,344261.043 390633.017,344247.898 390632.971,344233.464 390632.615,344167.711 390631.902,344145.437 390631.367,344132.607 390631.189,344126.014 390631.189,344102.137 390631.724,344078.615 390631.189,344050.104 390631.367,344015.357 390631.367,344011.15 390615.25,344008.85 390614.95,344004.75 390609.65,344002.1 390606.05,344000.0 390603.4,343997.76 390600.31,344000 390600,344004.95 390598.65,344005.2 390600.1,344008.25 390599.3,344008.0 390598.01,344007.65 390598.1,344002.85 390594.1,344007.75 390585.1,344014.5 390572.8,344015.55 390570.92,344021.55 390560.1,344025.4 390551.9,344024.35 390551.75,344023.7 390551.55,344023.15 390551.25,344021.95 390550.7,344019.7 390549.85,344016.3 390548.6,344013.4 390547.4,344009.5 390545.75,344008.25 390545.25,344006.4 390544.55,344003.45 390543.3,344002.2 390542.7,344000.389 390541.478,343999.676 390540.587,343998.963 390537.558,343996.468 390530.332,343992.37 390517.859,343989.697 390508.771,343985.599 390495.941,343978.827 390474.202,343977.936 390469.747,343978.649 390466.896,343979.85 390464.18,343982.747 390463.252,344016.426 390455.055,344043.689 390448.105,344047.01 390447.85,344072.7 390440.77,344073.05 390440.8,344077.95 390439.6,344078.61 390439.44,344079.6 390439.2,344088.52 390436.98,344090.45 390436.5,344093.65 390435.7,344097.92 390434.61,344098.84 390434.37,344105.52 390432.66,344108.5 390431.9,344109.37 390431.68,344114.61 390430.38,344123.61 390428.13,344125.82 390427.58,344131.55 390426.15,344134.3 390425.46,344147.2 390422.2,344152.68 390420.88,344162.61 390418.48,344165.0 390417.9,344173.94 390415.71,344184.4 390413.15,344198.5 390409.75,344203.95 390408.42,344205.05 390408.15,344211.13 390406.63,344213.88 390405.99,344224.77 390403.43,344235.69 390400.87,344242.77 390399.21,344246.1 390398.45,344259.42 390395.4,344260.55 390401.8,344262.11 390411.08,344262.15 390411.35,344262.81 390415.32,344263.0 390416.5,344263.5 390420.15,344264.9 390427.6,344266.4 390435.95,344267.2 390440.95,344270.48 390440.34,344276.1 390446.55,344281.0 390451.85,344294.0 390447.3,344296.34 390451.14,344298.78 390455.14,344301.25 390459.2,344301.38 390459.42,344308.25 390470.85,344311.87 390476.68,344314.0 390480.1,344316.56 390484.28,344320.65 390490.95,344322.07 390493.3,344326.1 390500.0,344326.62 390501.9,344326.78 390502.45,344327.15 390503.8,344328.24 390508.07,344328.6 390509.5,344329.01 390511.07,344329.72 390513.76,344331.0 390518.6,344331.4 390520.06,344332.75 390524.93,344320.41 390524.13,344316.8 390523.92,344318.7 390530.2,344322.05 390541.95,344323.48 390546.85,344324.15 390549.15,344326.8 390558.0,344328.5 390564.15,344329.95 390569.65,344330.27 390570.8,344340.024 390571.317,344340.85 390580.65,344342.75 390587.55,344345.5 390597.85,344348.0 390606.75,344350.4 390616.0,344352.2 390622.65,344354.5 390630.85,344355.95 390636.44,344353.9 390636.3,344350.0 390636.05,344347.4 390636.7)))",inspire_conservationarea,66310.205,The Orchard Conservation Area                                                   ,2006-08-17Z,2015-01-13Z,24428,06/0009/CONS        ,2006-06-30Z
"MULTIPOLYGON (((344578.5 390720.95,344580.67 390724.52,344583.15 390728.6,344586.14 390733.44,344588.25 390736.85,344594.81 390747.42,344597.45 390751.95,344600.8 390756.95,344602.9 390759.8,344603.4 390760.5,344604.6 390762.0,344605.95 390763.75,344607.65 390765.6,344609.05 390766.95,344611.35 390769.0,344613.75 390770.95,344614.6 390771.55,344616.96 390773.32,344618.45 390774.0,344619.55 390774.6,344622.9 390776.5,344626.95 390778.45,344631.71 390780.47,344636 390782,344644.75 390784.85,344648.75 390786.05,344660.0 390789.25,344674.55 390793.55,344680.91 390795.19,344695.9 390800.35,344719.7 390807.25,344726.25 390809.45,344735.65 390812.05,344737.65 390812.7,344747.7 390815.56,344743.7 390827.15,344737.3 390846.8,344729.94 390870.7,344729.45 390872.3,344725.1 390881.75,344719.6 390893.95,344710.65 390914.05,344709.46 390916.91,344700.28 390925.41,344686.35 390936.75,344667.9 390952.1,344659.15 390959.3,344641.1 390974.45,344627.15 390986.0,344616.8 390994.6,344610 391000,344606.6 391002.75,344599.85 391008.3,344591.6 391015.2,344586.05 391019.75,344571.24 391031.49,344568.4 391026.35,344567.7 391024.9,344566.75 391023.05,344564.2 391019.25,344562.25 391015.7,344560.25 391012.05,344557.85 391007.75,344554.8 391002.5,344553.5 391000.0,344552.77 390998.74,344540.35 390977.0,344534.65 390966.6,344525.2 390949.05,344523.75 390949.5,344523.05 390949.7,344515.25 390935.0,344509.52 390924.07,344508.7 390922.5,344500.0 390907.1,344498.67 390904.6,344498.46 390904.2,344498.35 390904.0,344496.55 390900.6,344492.35 390892.6,344489.45 390887.25,344491.63 390885.95,344476.4 390859.7,344472.4 390854.3,344464.22 390843.76,344462.5 390841.55,344461.75 390842.0,344457.35 390834.85,344457.55 390834.65,344456.4 390832.95,344453.85 390829.15,344444.19 390814.78,344442.41 390812.12,344441.05 390812.95,344438.23 390808.87,344437.6 390807.95,344432.9 390800.95,344427.2 390792.3,344425.9 390790.2,344407.73 390763.56,344405.44 390757.71,344404.34 390752.68,344403.88 390749.75,344404.16 390746.08,344404.71 390743.15,344405.99 390739.95,344407.82 390736.74,344410.02 390734.36,344412.4 390732.44,344414.78 390730.7,344418.08 390729.62,344441.44 390722.02,344442.1 390721.9,344444.66 390721.5,344459.95 390719.15,344465.7 390717.35,344474.8 390714.75,344483.9 390711.95,344491.9 390709.75,344498.2 390707.9,344500.0 390707.55,344502.77 390706.78,344503.95 390706.45,344509.05 390705.0,344518.85 390702.05,344531.85 390698.05,344546.3 390693.8,344560.24 390688.76,344567.8 390703.5,344570.65 390708.1,344578.5 390720.95)))",inspire_conservationarea,59442.936,Victoria Road Conservation Area                                                 ,2006-08-17Z,2006-08-17Z,1489,06/0010/CONS        ,2006-06-30Z
"MULTIPOLYGON (((345980.69 387782.21,345982.3 387784.5,345983.96 387787.01,345978.7 387792.8,345977.8 387793.6,345976.2 387795.6,345972.5 387800.0,345968.9 387804.7,345968.31 387805.31,345966.6 387807.1,345958.3 387817.2,345933.8 387797.4,345931.58 387795.48,345923.43 387788.95,345925.2 387787.5,345929.5 387783.8,345931.1 387782.6,345932.6 387781.1,345935.4 387778.8,345936.7 387777.7,345938.9 387775.4,345940.3 387774.0,345945.9 387764.82,345946.61 387763.34,345947.18 387762.13,345948.59 387758.8,345949.87 387754.64,345951.09 387749.97,345951.71 387746.78,345952.78 387741.26,345943.6 387723.0,345936 387708,345927.5 387690.7,345918.7 387672.1,345911.0 387654.45,345903.7 387639.3,345894.5 387619.8,345907.29 387613.59,345908.3 387613.1,345913.7 387610.2,345915.4 387609.6,345923.19 387605.34,345926.4 387610.8,345928.1 387613.4,345932.2 387620.2,345936.8 387628.1,345938.2 387630.1,345939.9 387632.9,345945.0 387641.5,345945.12 387641.7,345948.6 387640.9,345954.0 387640.2,345961.1 387639.0,345965.5 387638.3,345968.7 387637.8,345969.4 387637.7,345972.4 387636.9,345974.4 387636.4,345980.4 387635.1,345983.71 387634.23,345986.5 387633.5,345994.4 387631.7,345998.2 387630.9,346000.0 387630.5,346001.5 387630.1,346004.2 387629.5,346007.5 387628.9,346007.8 387628.9,346009.5 387628.8,346010.6 387628.9,346012.8 387628.8,346015.3 387628.6,346016.1 387628.5,346018.6 387628.1,346019.8 387627.7,346021.0 387627.1,346021.3 387627.0,346023.6 387626.0,346025.3 387625.4,346027.8 387624.5,346028.9 387624.2,346031.6 387623.6,346033.5 387623.2,346034.6 387623.01,346037.0 387622.6,346041.3 387621.8,346044.5 387621.2,346047.3 387620.6,346050.0 387619.8,346052.9 387618.9,346057.1 387617.5,346063.6 387615.4,346071.4 387613.0,346075.9 387611.5,346069.2 387595.1,346065.51 387585.5,346065.4 387585.2,346063.1 387579.2,346059.4 387570.2,346056.7 387563.2,346069.0 387558.8,346091.9 387550.7,346106.2 387545.5,346109.7 387544.26,346122.89 387539.57,346128.7 387537.5,346137.9 387534.4,346143.27 387532.51,346143.6 387533.3,346145.2 387538.6,346145.7 387540.2,346146.2 387542.1,346146.3 387542.3,346146.7 387544.1,346146.7 387544.3,346147.3 387546.1,346147.9 387548.3,346149.3 387552.8,346149.9 387554.9,346150.9 387558.8,346151.9 387562.4,346152.9 387566.4,346153.9 387569.8,346154.1 387570.5,346155.5 387574.6,346157.1 387578.7,346158.1 387581.4,346159.0 387584.2,346160.3 387589.0,346162.6 387595.3,346164.8 387601.4,346166.0 387603.9,346175.37 387631.06,346138.4 387656.3,346135.5 387658.0,346131.4 387660.5,346129.1 387661.6,346127.2 387662.5,346125.1 387663.5,346124.2 387663.8,346122.5 387664.6,346120.6 387665.6,346117.1 387667.7,346113.4 387670.0,346108.3 387673.6,346104.3 387675.9,346102.8 387676.8,346098.4 387679.1,346092.6 387681.9,346090.4 387682.8,346086.4 387684.5,346080.8 387686.5,346076.2 387688.1,346073.8 387689.2,346070.09 387690.78,346073.9 387699.8,346080.7 387715.1,346082.4 387718.6,346075.34 387721.87,346047.9 387735.1,346030.31 387743.72,346027.1 387745.3,346015.4 387750.9,346011.2 387753.0,346000.0 387758.7,345998.8 387759.2,345996.7 387760.4,345990.8 387763.3,345986.1 387765.7,345974.06 387772.02,345974.5 387772.8,345976.3 387775.5,345976.65 387776.07,345978.7 387779.4,345980.69 387782.21)))",inspire_conservationarea,31509.8,Tarbock Village Conservation Area                                               ,2006-08-17Z,2006-08-17Z,1490,06/0011/CONS        ,2006-06-30Z
"MULTIPOLYGON (((346394.9 387545.7,346392.19 387536.41,346369.6 387545.1,346369.1 387545.3,346368.1 387545.6,346367.5 387545.6,346367.13 387545.85,346366.6 387546.2,346365.4 387546.6,346364.81 387546.73,346364.5 387546.8,346364.0 387547.2,346362.4 387547.9,346359.1 387548.9,346355.4 387550.0,346351.61 387550.92,346349.78 387551.77,346347.6 387548.6,346345.3 387545.0,346341.8 387539.2,346339.7 387535.8,346339.2 387534.8,346338.2 387533.0,346334.7 387527.4,346331.5 387522.3,346327.6 387516.3,346324.3 387511.5,346321.3 387507.4,346315.5 387500.3,346312.2 387495.9,346308.4 387491.5,346309.16 387490.91,346307.9 387489.5,346304.1 387485.0,346301.4 387482.1,346299.2 387478.6,346297.2 387475.2,346296.4 387473.1,346295.8 387471.7,346295.0 387469.3,346294.7 387467.6,346294.5 387465.8,346294.4 387465.4,346293.8 387459.0,346293.6 387452.9,346293.4 387448.5,346293.2 387445.2,346293 387443,346292.4 387439.7,346292.4 387439.2,346292 387437,346291.74 387435.79,346291.6 387435.1,346291.0 387433.2,346290.8 387432.9,346289.8 387429.4,346288.8 387426.0,346287.5 387422.7,346285.9 387419.1,346284.62 387415.89,346287.99 387414.0,346288.1 387414.2,346290.8 387412.9,346293.4 387411.6,346295.2 387411.1,346298.2 387410.3,346300.9 387409.7,346303.7 387409.1,346307.1 387408.2,346308.1 387407.9,346310.7 387407.4,346312.7 387406.8,346313.3 387406.6,346315.7 387405.6,346317.2 387405.1,346321.2 387403.5,346326.3 387401.6,346328.6 387400.9,346331.2 387400.2,346331.8 387400.0,346334.7 387399.1,346336.9 387398.4,346337.6 387398.4,346338.2 387400.0,346347.7 387425.9,346349.0 387429.9,346337.8 387432.6,346338.33 387434.39,346343.86 387453.31,346344.3 387454.8,346339.6 387460.7,346336.5 387465.2,346335.4 387467.2,346334.6 387468.7,346333.7 387470.8,346333.5 387471.3,346333.2 387472.5,346333.1 387473.8,346333.1 387474.0,346333.2 387475.3,346333.4 387476.5,346334.0 387479.5,346334.0 387479.8,346334.7 387483.6,346335.2 387487.2,346335.5 387489.0,346335.7 387489.5,346336.9 387492.9,346337 387493,346337.3 387493.8,346340.8 387500.6,346342.12 387503.21,346353.4 387502.5,346364.2 387501.9,346389.3 387500.2,346399.0 387499.5,346401.29 387499.5,346401.8 387498.3,346403.9 387492.7,346406.1 387486.0,346407.3 387482.5,346408.7 387477.8,346411.1 387469.5,346412.7 387464.1,346413.7 387460.7,346414.5 387458.3,346415.5 387455.5,346415.9 387453.8,346416.4 387451.3,346416.7 387449.5,346417.5 387447.2,346418.7 387443.9,346419.5 387441.6,346420.6 387439.4,346421.0 387438.1,346422.9 387434.3,346425.6 387430.3,346427.9 387427.3,346430.0 387424.8,346431.9 387422.7,346433.1 387421.5,346440.7 387413.6,346441.63 387412.63,346444.73 387423.24,346452.9 387450.9,346460.7 387477.9,346462.86 387485.43,346463.7 387488.35,346463.8 387488.7,346467.1 387500.1,346470.1 387510.0,346471.61 387515.7,346471.8 387516.4,346476.1 387530.6,346480.5 387545.5,346488.6 387572.7,346490.73 387579.59,346491.8 387582.8,346494.3 387590.0,346496.8 387597.0,346497.8 387600.3,346499.6 387605.1,346500.8 387608.7,346501.8 387612.0,346501.83 387612.19,346502.1 387613.9,346502.6 387616.7,346503.3 387620.3,346503.8 387622.9,346504.3 387624.9,346505.4 387629.5,346505.9 387631.2,346506.3 387632.3,346507.3 387636.1,346509.5 387642.7,346511.3 387649.0,346514.3 387658.9,346515.4 387663.0,346516.1 387664.9,346516.3 387666.1,346517.8 387669.9,346519.3 387674.8,346520.9 387680.3,346522.6 387686.2,346524.0 387691.7,346522.3 387700.2,346522.2 387700.6,346522.2 387701.0,346522.5 387701.8,346523.1 387702.8,346523.8 387703.8,346527.5 387708.6,346531.6 387713.9,346536.1 387720.1,346537.87 387722.16,346530.24 387724.47,346506.6 387731.7,346497.3 387734.6,346484.6 387738.5,346474.7 387741.4,346469.6 387743.0,346469.0 387741.1,346468.0 387738.1,346462.7 387740.2,346458.91 387741.63,346448.4 387710.4,346439.9 387685.5,346425.3 387642.0,346421.4 387630.3,346416.1 387615.1,346415.54 387613.22,346412.0 387601.3,346407.68 387587.36,346406.7 387584.2,346400.6 387565.0,346396.4 387551.2,346394.9 387545.7)))",inspire_conservationarea,29647.823,Tarbock Green Conservation Area                                                 ,2006-08-17Z,2006-08-17Z,1491,06/0012/CONS        ,2006-06-30Z
"MULTIPOLYGON (((349367.69 388672.47,349366.0 388672.2,349359.5 388671.6,349351.2 388671.3,349346.66 388671.33,349346.2 388671.1,349345.0 388671.1,349344.6 388671.2,349344.2 388671.4,349324.3 388672.8,349322.2 388673.1,349316.98 388674.31,349316.6 388674.4,349314.4 388675.0,349308.98 388676.86,349308.0 388677.2,349304.26 388678.4,349298.78 388680.16,349290.63 388681.49,349294.2 388715.1,349294.8 388726.2,349297.1 388733.5,349297.97 388735.75,349299.7 388735.8,349299.5 388745.0,349276.5 388744.3,349260.89 388743.85,349236.9 388743.5,349236.4 388738.3,349231.1 388686.7,349233.3 388687.0,349239.5 388688.5,349242.3 388689.3,349245.2 388690.1,349248.4 388690.7,349250.6 388691.2,349252.4 388691.8,349257.47 388693.28,349257.02 388684.6,349254.2 388655.68,349265.1 388654.8,349281.8 388653.53,349288.21 388653.04,349287.56 388644.83,349300.86 388643.43,349325.3 388641.3,349328.21 388662.46,349330.9 388662.6,349351.2 388664.2,349375.1 388666.4,349389.2 388669.2,349389.98 388668.93,349399.59 388665.6,349398.3 388661.4,349396.7 388655.6,349396.5 388654.3,349396.2 388651.4,349396.2 388649.5,349396.36 388648.21,349396.5 388647.1,349396.7 388645.6,349397.3 388641.4,349397.5 388638.7,349397.4 388636.4,349397.06 388634.79,349396.5 388632.1,349395.7 388628.0,349395.1 388626.6,349394.8 388625.3,349394.5 388623.6,349393.7 388621.3,349393.5 388620.5,349392.6 388618.2,349391.3 388615.5,349390.7 388613.7,349390.4 388612.6,349390.2 388611.4,349390.0 388609.3,349389.8 388606.9,349389.8 388606.6,349389.58 388605.25,349409.1 388606.6,349412.5 388613.7,349412.2 388614.5,349420.1 388636.0,349420.8 388637.86,349421.05 388638.53,349427.5 388655.8,349428.22 388655.93,349431.58 388656.54,349432.07 388656.63,349438.5 388657.8,349442.2 388658.6,349445.3 388659.4,349450 388661,349459.88 388667.47,349478.1 388692.0,349461.49 388706.97,349463.5 388707.6,349467.2 388709.1,349470.2 388710.6,349483.1 388717.0,349498.7 388724.8,349516.2 388733.3,349518.1 388734.2,349518.7 388734.5,349520.1 388735.3,349521.8 388736.4,349522.9 388737.6,349524.2 388739.2,349524.8 388740.2,349526.2 388741.9,349527.8 388743.7,349539.82 388759.04,349482.29 388775.85,349489.84 388800.2,349441.99 388815.01,349439.0 388806.1,349428.53 388776.01,349426.1 388776.6,349421.6 388760.8,349415.9 388745.2,349409.6 388740.3,349384.8 388742.7,349381.0 388724.7,349378.83 388715.05,349392.65 388710.83,349389.3 388699.0,349387.3 388691.9,349382.86 388675.95,349380.4 388675.1,349377.7 388674.4,349372.8 388673.3,349372.1 388673.18,349371.6 388673.1,349367.69 388672.47)))",inspire_conservationarea,20377.082,Town End Conservation Area                                                      ,2006-08-17Z,2006-08-17Z,1492,06/0013/CONS        ,2006-06-30Z
"MULTIPOLYGON (((345153.35 386064.21,345168.75 386089.65,345168.8 386090.2,345170.2 386092.65,345179.7 386087.2,345198.05 386114.9,345202.5 386121.65,345202.2 386122.75,345200.8 386123.65,345199.85 386124.3,345198.65 386125.1,345197.55 386126.0,345195.25 386128.3,345192.3 386131.05,345189.6 386132.6,345186.95 386133.95,345184.0 386135.5,345181.5 386137.0,345175.35 386140.65,345167.8 386149.05,345166.15 386147.4,345164.19 386145.31,345158.6 386139.35,345157.8 386138.5,345153.1 386133.55,345152.71 386133.14,345150.64 386130.96,345147.4 386127.55,345143.0 386122.9,345141.96 386121.79,345138.75 386118.4,345136.15 386115.9,345126.88 386107.08,345120.9 386114.05,345119.27 386115.92,345109.8 386126.75,345103.95 386133.24,345097.7 386127.3,345096.8 386126.45,345089.5 386119.4,345070.95 386139.35,345078.45 386146.5,345086.65 386154.2,345089.86 386157.29,345071.6 386176.6,345066.34 386182.19,345063.27 386185.47,345068.2 386190.35,345086.7 386208.3,345097.21 386218.36,345093.1 386222.9,345073.88 386243.88,345057.75 386261.55,345050.9 386268.87,345046.99 386265.67,345038.42 386258.66,345031.06 386251.85,345023.24 386244.62,345008.85 386234.16,344975.83 386206.59,344953.2 386185.25,344953.16 386185.23,344952.4 386186.35,344951.63 386187.43,344951.55 386187.55,344947.5 386193.4,344946.4 386194.9,344937.2 386188.55,344917.62 386176.32,344913.65 386173.75,344929.45 386156.6,345022.55 386060.35,345024.9 386058.35,345030.15 386053.6,345031.05 386052.25,345032.05 386051.0,345032.8 386050.05,345033.9 386048.9,345035.05 386047.8,345035.9 386047.05,345039.55 386043.45,345043.6 386039.55,345046.9 386036.4,345053.4 386044.35,345054.69 386045.96,345057.2 386049.1,345058.4 386050.45,345058.8 386051.0,345059.85 386052.45,345060.85 386054.0,345061.8 386055.55,345062.05 386055.9,345064.45 386059.6,345067.15 386064.05,345067.75 386064.8,345068.25 386065.6,345068.5 386066.05,345083.27 386086.36,345092.35 386084.8,345092.65 386084.7,345099.8 386082.35,345103.65 386080.2,345103.8 386080.15,345109.35 386076.95,345116.73 386072.78,345121.65 386070.0,345141.25 386058.8,345145.95 386056.1,345147.8 386055.15,345150.96 386060.31,345153.35 386064.21)))",inspire_conservationarea,26979.594,Halewood Village Conservation Area                                              ,2006-08-17Z,2006-08-17Z,1493,06/0014/CONS        ,2006-06-30Z
"MULTIPOLYGON (((346326.86 392665.93,346328.24 392663.17,346328.54 392662.57,346333.55 392652.55,346334.85 392649.8,346335.38 392648.69,346335.75 392647.9,346336.35 392645.15,346336.35 392642.75,346344.15 392634.3,346359.2 392618.75,346368.85 392608.95,346373.65 392603.9,346385.1 392592.35,346396.1 392581.6,346399.7 392578.05,346401.85 392576.1,346403.55 392574.7,346412.85 392567.65,346416.35 392565.2,346416.95 392564.75,346420.2 392562.7,346430.2 392556.5,346438.15 392551.55,346457.3 392541.25,346463.2 392538.25,346466.4 392536.75,346462.65 392500.0,346459.6 392467.2,346458.44 392457.02,346475.85 392447.85,346488.45 392441.1,346494.409 392438.072,346516.87 392511.694,346525.605 392508.574,346546.506 392498.904,346556.8 392493.912,346555.553 392488.921,346555.865 392483.618,346556.177 392481.122,346564.599 392482.682,346572.398 392482.058,346583.317 392484.866,346592.988 392486.425,346599.851 392487.673,346610.83 392491.87,346610.08 392500.0,346609.4 392507.51,346609.21 392509.34,346609.09 392511.64,346600.1 392580.55,346599.8 392583.75,346598.9 392589.1,346598.55 392591.5,346597.19 392601.78,346602.1 392601.85,346618.6 392600.7,346636.15 392599.75,346658.78 392597.38,346658.8 392599.15,346658.55 392602.31,346657.95 392609.9,346657.8 392615.45,346657.7 392616.05,346657.55 392619.4,346657.25 392622.4,346658.15 392632.9,346661.0 392633.18,346665.35 392633.62,346674.35 392634.52,346676.8 392634.85,346677.05 392634.9,346680.3 392635.3,346683.27 392635.82,346672.12 392680.79,346666.95 392706.45,346663.55 392718.65,346656.95 392730.9,346657.75 392731.35,346656.45 392733.9,346658.8 392735.15,346657.49 392737.57,346699.08 392759.49,346701.65 392749.15,346707.45 392750.55,346704.58 392762.43,346711.82 392766.44,346719.15 392769.95,346726.25 392773.35,346750.0 392785.1,346753.0 392778.95,346755.0 392770.4,346755.25 392769.25,346763.7 392771.2,346765.15 392771.55,346769.25 392772.5,346780.81 392775.4,346788.6 392778.65,346801.75 392784.45,346819.7 392792.65,346822.79 392793.84,346824.14 392794.41,346824.6 392794.6,346824.2 392799.6,346825.1 392799.75,346823.5 392809.85,346825.09 392810.05,346824.0 392812.85,346823.45 392817.55,346816.5 392814.55,346815.55 392814.37,346810.4 392812.15,346772.33 392794.8,346771.51 392794.63,346769.69 392798.38,346762.65 392812.95,346759.85 392818.25,346763.8 392829.4,346786.6 392836.15,346789.5 392836.8,346801.45 392838.8,346808.6 392839.7,346811.8 392840.65,346829.35 392844.2,346847.25 392847.85,346853.06 392848.88,346858.64 392849.49,346863.85 392849.55,346868.9 392849.16,346883.25 392846.04,346886.47 392845.46,346890.18 392845.05,346893.62 392844.95,346896.16 392845.0,346898.44 392845.23,346899.83 392845.59,346900.94 392846.29,346901.7 392847.35,346903.6 392855.05,346905.1 392858.8,346906.95 392865.04,346907.47 392868.98,346907.51 392870.82,346907.31 392872.52,346906.89 392874.25,346906.24 392875.79,346905.15 392877.11,346902.65 392878.5,346899.2 392880.25,346895.15 392882.15,346887.9 392885.25,346882.3 392887.4,346876.65 392889.5,346871.03 392891.49,346863.35 392894.2,346854.05 392897.25,346852.19 392897.77,346850.45 392898.25,346844.95 392899.6,346838.65 392901.1,346828.85 392903.3,346819.05 392905.45,346812.05 392907.1,346784.65 392913.85,346779.69 392922.89,346770.85 392932.75,346768.59 392935.14,346764.05 392940.35,346760.6 392944.3,346756.48 392944.78,346749.65 392945.65,346713.25 392937.0,346697.85 392934.1,346692.8 392933.25,346691.99 392933.09,346685.63 392931.83,346682.7 392931.24,346679.93 392930.69,346677.2 392930.1,346665.3 392927.8,346661.18 392922.36,346643.79 392921.33,346628.38 392920.7,346621.71 392922.58,346616.92 392932.36,346615.05 392937.15,346610.05 392939.44,346607.35 392949.86,346603.6 392967.97,346598.18 392975.68,346586.32 392986.92,346577.78 392996.29,346576.91 393000.0,346576.32 393002.54,346572.16 393005.66,346561.54 393006.28,346551.54 393005.45,346537.17 393004.83,346522.81 393002.54,346502.75 392997.38,346472.61 392992.32,346459.8 392981.2,346461.7 392979.15,346463.0 392977.55,346464.3 392975.6,346465.4 392973.7,346466.25 392971.95,346466.9 392970.35,346467.45 392968.55,346467.8 392966.55,346467.95 392964.45,346468.1 392954.5,346468.05 392947.7,346469.85 392930.3,346469.95 392929.2,346470.2 392927.85,346470.3 392926.6,346469.75 392912.65,346469.8 392878.9,346468.95 392876.55,346469.38 392872.45,346458.59 392873.77,346456.7 392874.0,346454.65 392862.14,346443.2 392864.2,346435.95 392865.75,346433.5 392866.1,346431.1 392866.3,346428.5 392866.35,346424.47 392866.23,346422.71 392858.2,346421.12 392850.95,346420.85 392849.6,346419.04 392841.38,346407.9 392843.55,346404.4 392844.05,346401.25 392844.4,346393.6 392844.8,346386.6 392844.95,346384.05 392844.85,346371.7 392843.55,346339.47 392839.3,346337.81 392862.27,346336.72 392862.4,346336.5 392865.4,346336.06 392871.3,346335.01 392885.49,346334.25 392895.85,346333.97 392900.76,346333.68 392904.76,346333.45 392904.5,346333.27 392904.4,346330.37 392902.73,346324.05 392899.1,346322.21 392898.12,346313.73 392893.6,346312.5 392892.95,346303.73 392890.75,346295.25 392888.62,346289.66 392887.22,346288.2 392886.85,346291.05 392861.95,346291.71 392855.84,346291.87 392854.34,346292.05 392851.25,346292.87 392842.99,346293.83 392833.39,346292.45 392833.15,346290.85 392832.8,346263.75 392827.7,346261.05 392827.4,346220.4 392824.6,346220.0 392824.6,346218.75 392824.9,346217.2 392825.5,346215.55 392826.45,346213.85 392827.65,346211.05 392830.1,346206.18 392836.55,346191.71 392836.76,346183.66 392836.81,346177.55 392836.85,346177.45 392832.25,346175.5 392832.3,346175.45 392830.73,346171.95 392830.85,346168.2 392830.6,346163.9 392830.25,346161.45 392830.15,346158.87 392829.93,346155.05 392829.55,346150.25 392828.26,346147.35 392827.49,346142.23 392826.11,346141.99 392826.0,346136.55 392824.5,346134.25 392823.96,346130.85 392823.1,346131.07 392822.77,346124.25 392820.8,346124.39 392820.3,346124.75 392819.0,346123.76 392818.72,346122.07 392818.24,346118.41 392817.21,346094.25 392810.5,346096.96 392803.29,346105.97 392779.1,346106.2 392778.65,346108.01 392773.91,346109.65 392769.99,346111.14 392767.61,346113.04 392765.11,346115.01 392763.22,346121.2 392764.85,346126.66 392766.57,346129.15 392767.35,346137.55 392770.6,346148.15 392775.2,346149.76 392775.93,346156.25 392778.9,346157.85 392779.75,346168.0 392785.95,346171.9 392788.05,346176.2 392790.85,346180.8 392793.25,346183.41 392794.73,346191.3 392769.95,346193.07 392764.29,346199.7 392764.05,346211.2 392763.65,346222.0 392763.55,346237.46 392763.1,346247.7 392762.8,346251.1 392762.65,346264.6 392762.04,346266.05 392740.05,346266.4 392735.65,346266.71 392731.2,346267.21 392723.9,346267.85 392716.95,346275.75 392717.03,346280.35 392717.12,346293.0 392717.35,346293.5 392714.25,346298.4 392716.0,346306.19 392702.6,346308.78 392698.14,346310.94 392694.42,346311.5 392693.45,346312.08 392692.42,346314.5 392688.15,346315.5 392686.42,346320.24 392678.27,346321.7 392675.75,346324.57 392670.39,346325.05 392669.5,346325.8 392668.05,346326.86 392665.93)))",inspire_conservationarea,175130.946,Prescot Town Centre Conservation Area                                           ,2006-10-22Z,2013-08-12Z,1998,06/0015/CONS        ,2006-06-30Z
